Using vips to process variants requires the libvips library. Please install libvips using the instructions on the libvips website.
  [1m[35mSQL (0.4ms)[0m  [1m[35mSET search_path TO public /*application='UnoOnline'*/[0m
  [1m[35m (221.7ms)[0m  [1m[35mCREATE DATABASE "uno_online_development" ENCODING = 'unicode' /*application='UnoOnline'*/[0m
  [1m[35mSQL (0.3ms)[0m  [1m[35mSET search_path TO public /*application='UnoOnline'*/[0m
  [1m[35m (182.5ms)[0m  [1m[35mCREATE DATABASE "uno_online_test" ENCODING = 'unicode' /*application='UnoOnline'*/[0m
Using vips to process variants requires the libvips library. Please install libvips using the instructions on the libvips website.
  [1m[35m (0.4ms)[0m  [1m[34mSELECT pg_try_advisory_lock(7107778128673267920) /*application='UnoOnline'*/[0m
  [1m[36mActiveRecord::SchemaMigration Load (6.0ms)[0m  [1m[34mSELECT "schema_migrations"."version" FROM "schema_migrations" ORDER BY "schema_migrations"."version" ASC /*application='UnoOnline'*/[0m
  [1m[36mActiveRecord::InternalMetadata Load (3.6ms)[0m  [1m[34mSELECT * FROM "ar_internal_metadata" WHERE "ar_internal_metadata"."key" = 'environment' ORDER BY "ar_internal_metadata"."key" ASC LIMIT 1 /*application='UnoOnline'*/[0m
  [1m[35m (0.4ms)[0m  [1m[34mSELECT pg_advisory_unlock(7107778128673267920) /*application='UnoOnline'*/[0m
  [1m[36mActiveRecord::SchemaMigration Load (0.4ms)[0m  [1m[34mSELECT "schema_migrations"."version" FROM "schema_migrations" ORDER BY "schema_migrations"."version" ASC /*application='UnoOnline'*/[0m
  [1m[35mSQL (0.3ms)[0m  [1m[35mSET search_path TO public /*application='UnoOnline'*/[0m
  [1m[35mSQL (0.4ms)[0m  [1m[35mSET search_path TO "$user", public /*application='UnoOnline'*/[0m
  [1m[35mSQL (0.4ms)[0m  [1m[35mSET search_path TO public /*application='UnoOnline'*/[0m
  [1m[35mSQL (0.3ms)[0m  [1m[35mSET search_path TO "$user", public /*application='UnoOnline'*/[0m
Using vips to process variants requires the libvips library. Please install libvips using the instructions on the libvips website.
Started GET "/games/14" for 127.0.0.1 at 2026-10-02 10:27:32 +0300
  [1m[36mActiveRecord::SchemaMigration Load (7.1ms)[0m  [1m[34mSELECT "schema_migrations"."version" FROM "schema_migrations" ORDER BY "schema_migrations"."version" ASC /*application='UnoOnline'*/[0m
Processing by GamesController#show as HTML
  Parameters: {"id" => "14"}
  [1m[36mUser Load (7.4ms)[0m  [1m[34mSELECT "users".* FROM "users" WHERE "users"."id" = 1 LIMIT 1 /*action='show',application='UnoOnline',controller='games'*/[0m
  ↳ app/controllers/application_controller.rb:19:in 'ApplicationController#current_user'
  [1m[36mGame Load (13.9ms)[0m  [1m[34mSELECT "games".* FROM "games" WHERE "games"."id" = 14 LIMIT 1 /*action='show',application='UnoOnline',controller='games'*/[0m
  ↳ app/controllers/games_controller.rb:88:in 'GamesController#set_game'
rescue_from handled ActiveRecord::RecordNotFound (Couldn't find Game with 'id'="14") - C:/Users/Тимофей/.local/share/gem/ruby/4.0.0/gems/activerecord-8.1.4/lib/active_record/core.rb:279:in 'ActiveRecord::Core::ClassMethods#find'
Redirected to http://127.0.0.1:3000/
↳ app/controllers/application_controller.rb:15:in 'ApplicationController#record_not_found'
Completed 302 Found in 747ms (ActiveRecord: 94.9ms (2 queries, 0 cached) | GC: 78.1ms)


Started GET "/" for 127.0.0.1 at 2026-10-02 10:27:36 +0300
Processing by GamesController#index as HTML
  [1m[36mUser Load (0.8ms)[0m  [1m[34mSELECT "users".* FROM "users" WHERE "users"."id" = 1 LIMIT 1 /*action='index',application='UnoOnline',controller='games'*/[0m
  ↳ app/controllers/application_controller.rb:19:in 'ApplicationController#current_user'
  Rendering layout layouts/application.html.erb
  Rendering games/index.html.erb within layouts/application
  Rendered shared/_logo.html.erb (Duration: 1.3ms | GC: 0.0ms)
  [1m[36mGame Exists? (1.1ms)[0m  [1m[34mSELECT 1 AS one FROM "games" WHERE "games"."visibility" = 'public' LIMIT 1 /*action='index',application='UnoOnline',controller='games'*/[0m
  ↳ app/views/games/index.html.erb:61
  [1m[36mGame Load (1.3ms)[0m  [1m[34mSELECT "games".* FROM "games" WHERE "games"."visibility" = 'public' ORDER BY "games"."created_at" DESC /*action='index',application='UnoOnline',controller='games'*/[0m
  ↳ app/views/games/index.html.erb:65
  [1m[36mPlayer Load (9.1ms)[0m  [1m[34mSELECT "players".* FROM "players" WHERE "players"."game_id" IN (16, 13, 12, 9, 2) ORDER BY "players"."position" ASC /*action='index',application='UnoOnline',controller='games'*/[0m
  ↳ app/views/games/index.html.erb:65
Started GET "/games/20" for 127.0.0.1 at 2026-10-02 10:27:36 +0300
  Rendered shared/_status_badge.html.erb (Duration: 0.8ms | GC: 0.0ms)
  [1m[36mPlayer Exists? (0.8ms)[0m  [1m[34mSELECT 1 AS one FROM "players" WHERE "players"."game_id" = 16 AND "players"."user_id" = 1 LIMIT 1 /*action='index',application='UnoOnline',controller='games'*/[0m
  ↳ app/views/games/index.html.erb:76
  Rendered shared/_status_badge.html.erb (Duration: 0.1ms | GC: 0.0ms)
  [1m[36mPlayer Exists? (0.6ms)[0m  [1m[34mSELECT 1 AS one FROM "players" WHERE "players"."game_id" = 13 AND "players"."user_id" = 1 LIMIT 1 /*action='index',application='UnoOnline',controller='games'*/[0m
  ↳ app/views/games/index.html.erb:76
  Rendered shared/_status_badge.html.erb (Duration: 0.1ms | GC: 0.0ms)
  [1m[36mPlayer Exists? (1.6ms)[0m  [1m[34mSELECT 1 AS one FROM "players" WHERE "players"."game_id" = 12 AND "players"."user_id" = 1 LIMIT 1 /*action='index',application='UnoOnline',controller='games'*/[0m
  ↳ app/views/games/index.html.erb:76
  Rendered shared/_status_badge.html.erb (Duration: 0.1ms | GC: 0.0ms)
  [1m[36mPlayer Exists? (1.0ms)[0m  [1m[34mSELECT 1 AS one FROM "players" WHERE "players"."game_id" = 9 AND "players"."user_id" = 1 LIMIT 1 /*action='index',application='UnoOnline',controller='games'*/[0m
  ↳ app/views/games/index.html.erb:76
  Rendered shared/_status_badge.html.erb (Duration: 0.1ms | GC: 0.0ms)
  [1m[36mPlayer Exists? (2.2ms)[0m  [1m[34mSELECT 1 AS one FROM "players" WHERE "players"."game_id" = 2 AND "players"."user_id" = 1 LIMIT 1 /*action='index',application='UnoOnline',controller='games'*/[0m
  ↳ app/views/games/index.html.erb:76
  [1m[36mPlayer Count (2.1ms)[0m  [1m[34mSELECT COUNT(*) FROM "players" WHERE "players"."game_id" = 2 /*action='index',application='UnoOnline',controller='games'*/[0m
  ↳ app/models/game.rb:26:in 'Game#full?'
  Rendered games/index.html.erb within layouts/application (Duration: 293.4ms | GC: 0.0ms)
Processing by GamesController#show as HTML
  Parameters: {"id" => "20"}
  [1m[36mUser Load (0.8ms)[0m  [1m[34mSELECT "users".* FROM "users" WHERE "users"."id" = 1 LIMIT 1 /*action='show',application='UnoOnline',controller='games'*/[0m
  ↳ app/controllers/application_controller.rb:19:in 'ApplicationController#current_user'
  [1m[36mGame Load (0.7ms)[0m  [1m[34mSELECT "games".* FROM "games" WHERE "games"."id" = 20 LIMIT 1 /*action='show',application='UnoOnline',controller='games'*/[0m
  ↳ app/controllers/games_controller.rb:88:in 'GamesController#set_game'
rescue_from handled ActiveRecord::RecordNotFound (Couldn't find Game with 'id'="20") - C:/Users/Тимофей/.local/share/gem/ruby/4.0.0/gems/activerecord-8.1.4/lib/active_record/core.rb:279:in 'ActiveRecord::Core::ClassMethods#find'
Redirected to http://127.0.0.1:3000/
↳ app/controllers/application_controller.rb:15:in 'ApplicationController#record_not_found'
Completed 302 Found in 37ms (ActiveRecord: 1.5ms (2 queries, 0 cached) | GC: 0.0ms)


Started GET "/" for 127.0.0.1 at 2026-10-02 10:27:37 +0300
  Rendered layout layouts/application.html.erb (Duration: 397.0ms | GC: 0.0ms)
Completed 200 OK in 522ms (Views: 414.4ms | ActiveRecord: 24.2ms (10 queries, 0 cached) | GC: 0.0ms)


Processing by GamesController#index as HTML
  [1m[36mUser Load (0.7ms)[0m  [1m[34mSELECT "users".* FROM "users" WHERE "users"."id" = 1 LIMIT 1 /*action='index',application='UnoOnline',controller='games'*/[0m
  ↳ app/controllers/application_controller.rb:19:in 'ApplicationController#current_user'
  Rendering layout layouts/application.html.erb
  Rendering games/index.html.erb within layouts/application
  Rendered shared/_logo.html.erb (Duration: 0.1ms | GC: 0.0ms)
  [1m[36mGame Exists? (0.6ms)[0m  [1m[34mSELECT 1 AS one FROM "games" WHERE "games"."visibility" = 'public' LIMIT 1 /*action='index',application='UnoOnline',controller='games'*/[0m
  ↳ app/views/games/index.html.erb:61
  [1m[36mGame Load (0.7ms)[0m  [1m[34mSELECT "games".* FROM "games" WHERE "games"."visibility" = 'public' ORDER BY "games"."created_at" DESC /*action='index',application='UnoOnline',controller='games'*/[0m
  ↳ app/views/games/index.html.erb:65
  [1m[36mPlayer Load (0.8ms)[0m  [1m[34mSELECT "players".* FROM "players" WHERE "players"."game_id" IN (16, 13, 12, 9, 2) ORDER BY "players"."position" ASC /*action='index',application='UnoOnline',controller='games'*/[0m
  ↳ app/views/games/index.html.erb:65
  Rendered shared/_status_badge.html.erb (Duration: 0.1ms | GC: 0.0ms)
  [1m[36mPlayer Exists? (0.6ms)[0m  [1m[34mSELECT 1 AS one FROM "players" WHERE "players"."game_id" = 16 AND "players"."user_id" = 1 LIMIT 1 /*action='index',application='UnoOnline',controller='games'*/[0m
  ↳ app/views/games/index.html.erb:76
  Rendered shared/_status_badge.html.erb (Duration: 0.1ms | GC: 0.0ms)
  [1m[36mPlayer Exists? (0.8ms)[0m  [1m[34mSELECT 1 AS one FROM "players" WHERE "players"."game_id" = 13 AND "players"."user_id" = 1 LIMIT 1 /*action='index',application='UnoOnline',controller='games'*/[0m
  ↳ app/views/games/index.html.erb:76
  Rendered shared/_status_badge.html.erb (Duration: 0.1ms | GC: 0.0ms)
  [1m[36mPlayer Exists? (0.8ms)[0m  [1m[34mSELECT 1 AS one FROM "players" WHERE "players"."game_id" = 12 AND "players"."user_id" = 1 LIMIT 1 /*action='index',application='UnoOnline',controller='games'*/[0m
  ↳ app/views/games/index.html.erb:76
  Rendered shared/_status_badge.html.erb (Duration: 0.1ms | GC: 0.0ms)
  [1m[36mPlayer Exists? (0.9ms)[0m  [1m[34mSELECT 1 AS one FROM "players" WHERE "players"."game_id" = 9 AND "players"."user_id" = 1 LIMIT 1 /*action='index',application='UnoOnline',controller='games'*/[0m
  ↳ app/views/games/index.html.erb:76
  Rendered shared/_status_badge.html.erb (Duration: 0.1ms | GC: 0.0ms)
  [1m[36mPlayer Exists? (0.8ms)[0m  [1m[34mSELECT 1 AS one FROM "players" WHERE "players"."game_id" = 2 AND "players"."user_id" = 1 LIMIT 1 /*action='index',application='UnoOnline',controller='games'*/[0m
  ↳ app/views/games/index.html.erb:76
  [1m[36mPlayer Count (0.6ms)[0m  [1m[34mSELECT COUNT(*) FROM "players" WHERE "players"."game_id" = 2 /*action='index',application='UnoOnline',controller='games'*/[0m
  ↳ app/models/game.rb:26:in 'Game#full?'
  Rendered games/index.html.erb within layouts/application (Duration: 43.8ms | GC: 0.0ms)
  Rendered layout layouts/application.html.erb (Duration: 45.8ms | GC: 0.0ms)
Completed 200 OK in 86ms (Views: 40.8ms | ActiveRecord: 7.2ms (10 queries, 0 cached) | GC: 0.0ms)


Started GET "/" for 127.0.0.1 at 2026-10-02 10:27:39 +0300
Processing by GamesController#index as HTML
  [1m[36mUser Load (0.7ms)[0m  [1m[34mSELECT "users".* FROM "users" WHERE "users"."id" = 1 LIMIT 1 /*action='index',application='UnoOnline',controller='games'*/[0m
  ↳ app/controllers/application_controller.rb:19:in 'ApplicationController#current_user'
  Rendering layout layouts/application.html.erb
  Rendering games/index.html.erb within layouts/application
  Rendered shared/_logo.html.erb (Duration: 0.1ms | GC: 0.0ms)
  [1m[36mGame Exists? (0.6ms)[0m  [1m[34mSELECT 1 AS one FROM "games" WHERE "games"."visibility" = 'public' LIMIT 1 /*action='index',application='UnoOnline',controller='games'*/[0m
  ↳ app/views/games/index.html.erb:61
  [1m[36mGame Load (0.7ms)[0m  [1m[34mSELECT "games".* FROM "games" WHERE "games"."visibility" = 'public' ORDER BY "games"."created_at" DESC /*action='index',application='UnoOnline',controller='games'*/[0m
  ↳ app/views/games/index.html.erb:65
  [1m[36mPlayer Load (0.6ms)[0m  [1m[34mSELECT "players".* FROM "players" WHERE "players"."game_id" IN (16, 13, 12, 9, 2) ORDER BY "players"."position" ASC /*action='index',application='UnoOnline',controller='games'*/[0m
  ↳ app/views/games/index.html.erb:65
  Rendered shared/_status_badge.html.erb (Duration: 0.1ms | GC: 0.0ms)
  [1m[36mPlayer Exists? (0.8ms)[0m  [1m[34mSELECT 1 AS one FROM "players" WHERE "players"."game_id" = 16 AND "players"."user_id" = 1 LIMIT 1 /*action='index',application='UnoOnline',controller='games'*/[0m
  ↳ app/views/games/index.html.erb:76
  Rendered shared/_status_badge.html.erb (Duration: 0.1ms | GC: 0.0ms)
  [1m[36mPlayer Exists? (0.8ms)[0m  [1m[34mSELECT 1 AS one FROM "players" WHERE "players"."game_id" = 13 AND "players"."user_id" = 1 LIMIT 1 /*action='index',application='UnoOnline',controller='games'*/[0m
  ↳ app/views/games/index.html.erb:76
  Rendered shared/_status_badge.html.erb (Duration: 0.1ms | GC: 0.0ms)
  [1m[36mPlayer Exists? (0.5ms)[0m  [1m[34mSELECT 1 AS one FROM "players" WHERE "players"."game_id" = 12 AND "players"."user_id" = 1 LIMIT 1 /*action='index',application='UnoOnline',controller='games'*/[0m
  ↳ app/views/games/index.html.erb:76
  Rendered shared/_status_badge.html.erb (Duration: 0.1ms | GC: 0.0ms)
  [1m[36mPlayer Exists? (0.6ms)[0m  [1m[34mSELECT 1 AS one FROM "players" WHERE "players"."game_id" = 9 AND "players"."user_id" = 1 LIMIT 1 /*action='index',application='UnoOnline',controller='games'*/[0m
  ↳ app/views/games/index.html.erb:76
  Rendered shared/_status_badge.html.erb (Duration: 0.1ms | GC: 0.0ms)
  [1m[36mPlayer Exists? (0.7ms)[0m  [1m[34mSELECT 1 AS one FROM "players" WHERE "players"."game_id" = 2 AND "players"."user_id" = 1 LIMIT 1 /*action='index',application='UnoOnline',controller='games'*/[0m
  ↳ app/views/games/index.html.erb:76
  [1m[36mPlayer Count (0.6ms)[0m  [1m[34mSELECT COUNT(*) FROM "players" WHERE "players"."game_id" = 2 /*action='index',application='UnoOnline',controller='games'*/[0m
  ↳ app/models/game.rb:26:in 'Game#full?'
  Rendered games/index.html.erb within layouts/application (Duration: 43.8ms | GC: 0.0ms)
  Rendered layout layouts/application.html.erb (Duration: 46.1ms | GC: 0.0ms)
Completed 200 OK in 75ms (Views: 41.7ms | ActiveRecord: 6.6ms (10 queries, 0 cached) | GC: 0.0ms)


Started GET "/games/16" for 127.0.0.1 at 2026-10-02 10:27:44 +0300
Processing by GamesController#show as HTML
  Parameters: {"id" => "16"}
  [1m[36mUser Load (0.7ms)[0m  [1m[34mSELECT "users".* FROM "users" WHERE "users"."id" = 1 LIMIT 1 /*action='show',application='UnoOnline',controller='games'*/[0m
  ↳ app/controllers/application_controller.rb:19:in 'ApplicationController#current_user'
  [1m[36mGame Load (0.6ms)[0m  [1m[34mSELECT "games".* FROM "games" WHERE "games"."id" = 16 LIMIT 1 /*action='show',application='UnoOnline',controller='games'*/[0m
  ↳ app/controllers/games_controller.rb:88:in 'GamesController#set_game'
  [1m[36mPlayer Exists? (0.6ms)[0m  [1m[34mSELECT 1 AS one FROM "players" WHERE "players"."game_id" = 16 AND "players"."user_id" = 1 LIMIT 1 /*action='show',application='UnoOnline',controller='games'*/[0m
  ↳ app/controllers/games_controller.rb:92:in 'GamesController#require_membership'
  [1m[36mPlayer Load (0.6ms)[0m  [1m[34mSELECT "players".* FROM "players" WHERE "players"."game_id" = 16 AND "players"."user_id" = 1 ORDER BY "players"."position" ASC LIMIT 1 /*action='show',application='UnoOnline',controller='games'*/[0m
  ↳ app/controllers/games_controller.rb:47:in 'GamesController#show'
  Rendering layout layouts/application.html.erb
  Rendering games/show.html.erb within layouts/application
  Rendered shared/_logo.html.erb (Duration: 0.1ms | GC: 0.0ms)
  Rendered shared/_status_badge.html.erb (Duration: 0.1ms | GC: 0.0ms)
  [1m[36mPlayer Count (0.8ms)[0m  [1m[34mSELECT COUNT(*) FROM "players" WHERE "players"."game_id" = 16 /*action='show',application='UnoOnline',controller='games'*/[0m
  ↳ app/views/games/show.html.erb:17
  [1m[36mPlayer Load (0.9ms)[0m  [1m[34mSELECT "players".* FROM "players" WHERE "players"."game_id" = 16 ORDER BY "players"."position" ASC /*action='show',application='UnoOnline',controller='games'*/[0m
  ↳ app/views/games/show.html.erb:31
  [1m[36mCACHE User Load (0.0ms)[0m  [1m[34mSELECT "users".* FROM "users" WHERE "users"."id" = 1 LIMIT 1[0m
  ↳ app/views/games/show.html.erb:34
  [1m[36mUser Load (0.5ms)[0m  [1m[34mSELECT "users".* FROM "users" WHERE "users"."id" = 4 LIMIT 1 /*action='show',application='UnoOnline',controller='games'*/[0m
  ↳ app/views/games/show.html.erb:34
  Rendered games/show.html.erb within layouts/application (Duration: 20.8ms | GC: 0.0ms)
  Rendered layout layouts/application.html.erb (Duration: 22.6ms | GC: 0.0ms)
Completed 200 OK in 66ms (Views: 21.8ms | ActiveRecord: 4.5ms (8 queries, 1 cached) | GC: 0.0ms)


Started GET "/games/13" for 127.0.0.1 at 2026-10-02 10:27:45 +0300
Processing by GamesController#show as HTML
  Parameters: {"id" => "13"}
  [1m[36mUser Load (0.6ms)[0m  [1m[34mSELECT "users".* FROM "users" WHERE "users"."id" = 1 LIMIT 1 /*action='show',application='UnoOnline',controller='games'*/[0m
  ↳ app/controllers/application_controller.rb:19:in 'ApplicationController#current_user'
  [1m[36mGame Load (0.7ms)[0m  [1m[34mSELECT "games".* FROM "games" WHERE "games"."id" = 13 LIMIT 1 /*action='show',application='UnoOnline',controller='games'*/[0m
  ↳ app/controllers/games_controller.rb:88:in 'GamesController#set_game'
  [1m[36mPlayer Exists? (0.5ms)[0m  [1m[34mSELECT 1 AS one FROM "players" WHERE "players"."game_id" = 13 AND "players"."user_id" = 1 LIMIT 1 /*action='show',application='UnoOnline',controller='games'*/[0m
  ↳ app/controllers/games_controller.rb:92:in 'GamesController#require_membership'
  [1m[36mPlayer Load (0.9ms)[0m  [1m[34mSELECT "players".* FROM "players" WHERE "players"."game_id" = 13 AND "players"."user_id" = 1 ORDER BY "players"."position" ASC LIMIT 1 /*action='show',application='UnoOnline',controller='games'*/[0m
  ↳ app/controllers/games_controller.rb:47:in 'GamesController#show'
  Rendering layout layouts/application.html.erb
  Rendering games/show.html.erb within layouts/application
  Rendered shared/_logo.html.erb (Duration: 0.1ms | GC: 0.0ms)
  Rendered shared/_status_badge.html.erb (Duration: 0.1ms | GC: 0.0ms)
  [1m[36mPlayer Count (0.8ms)[0m  [1m[34mSELECT COUNT(*) FROM "players" WHERE "players"."game_id" = 13 /*action='show',application='UnoOnline',controller='games'*/[0m
  ↳ app/views/games/show.html.erb:17
  [1m[36mPlayer Load (0.5ms)[0m  [1m[34mSELECT "players".* FROM "players" WHERE "players"."game_id" = 13 ORDER BY "players"."position" ASC /*action='show',application='UnoOnline',controller='games'*/[0m
  ↳ app/views/games/show.html.erb:31
  [1m[36mCACHE User Load (0.0ms)[0m  [1m[34mSELECT "users".* FROM "users" WHERE "users"."id" = 1 LIMIT 1[0m
  ↳ app/views/games/show.html.erb:34
  Rendered games/show.html.erb within layouts/application (Duration: 11.8ms | GC: 0.0ms)
  Rendered layout layouts/application.html.erb (Duration: 14.1ms | GC: 0.0ms)
Completed 200 OK in 49ms (Views: 14.1ms | ActiveRecord: 4.0ms (7 queries, 1 cached) | GC: 0.0ms)


Started GET "/games/13" for 127.0.0.1 at 2026-10-02 10:27:45 +0300
Processing by GamesController#show as HTML
  Parameters: {"id" => "13"}
  [1m[36mUser Load (1.0ms)[0m  [1m[34mSELECT "users".* FROM "users" WHERE "users"."id" = 1 LIMIT 1 /*action='show',application='UnoOnline',controller='games'*/[0m
  ↳ app/controllers/application_controller.rb:19:in 'ApplicationController#current_user'
  [1m[36mGame Load (1.1ms)[0m  [1m[34mSELECT "games".* FROM "games" WHERE "games"."id" = 13 LIMIT 1 /*action='show',application='UnoOnline',controller='games'*/[0m
  ↳ app/controllers/games_controller.rb:88:in 'GamesController#set_game'
  [1m[36mPlayer Exists? (1.1ms)[0m  [1m[34mSELECT 1 AS one FROM "players" WHERE "players"."game_id" = 13 AND "players"."user_id" = 1 LIMIT 1 /*action='show',application='UnoOnline',controller='games'*/[0m
  ↳ app/controllers/games_controller.rb:92:in 'GamesController#require_membership'
  [1m[36mPlayer Load (0.8ms)[0m  [1m[34mSELECT "players".* FROM "players" WHERE "players"."game_id" = 13 AND "players"."user_id" = 1 ORDER BY "players"."position" ASC LIMIT 1 /*action='show',application='UnoOnline',controller='games'*/[0m
  ↳ app/controllers/games_controller.rb:47:in 'GamesController#show'
  Rendering layout layouts/application.html.erb
  Rendering games/show.html.erb within layouts/application
  Rendered shared/_logo.html.erb (Duration: 0.1ms | GC: 0.0ms)
  Rendered shared/_status_badge.html.erb (Duration: 0.1ms | GC: 0.0ms)
  [1m[36mPlayer Count (0.6ms)[0m  [1m[34mSELECT COUNT(*) FROM "players" WHERE "players"."game_id" = 13 /*action='show',application='UnoOnline',controller='games'*/[0m
  ↳ app/views/games/show.html.erb:17
  [1m[36mPlayer Load (0.7ms)[0m  [1m[34mSELECT "players".* FROM "players" WHERE "players"."game_id" = 13 ORDER BY "players"."position" ASC /*action='show',application='UnoOnline',controller='games'*/[0m
  ↳ app/views/games/show.html.erb:31
  [1m[36mCACHE User Load (0.0ms)[0m  [1m[34mSELECT "users".* FROM "users" WHERE "users"."id" = 1 LIMIT 1[0m
  ↳ app/views/games/show.html.erb:34
  Rendered games/show.html.erb within layouts/application (Duration: 15.1ms | GC: 0.0ms)
  Rendered layout layouts/application.html.erb (Duration: 17.3ms | GC: 0.0ms)
Completed 200 OK in 69ms (Views: 18.2ms | ActiveRecord: 5.1ms (7 queries, 1 cached) | GC: 0.0ms)


Started DELETE "/games/13" for 127.0.0.1 at 2026-10-02 10:27:48 +0300
Processing by GamesController#destroy as TURBO_STREAM
  Parameters: {"authenticity_token" => "[FILTERED]", "id" => "13"}
  [1m[36mUser Load (0.8ms)[0m  [1m[34mSELECT "users".* FROM "users" WHERE "users"."id" = 1 LIMIT 1 /*action='destroy',application='UnoOnline',controller='games'*/[0m
  ↳ app/controllers/application_controller.rb:19:in 'ApplicationController#current_user'
  [1m[36mGame Load (0.7ms)[0m  [1m[34mSELECT "games".* FROM "games" WHERE "games"."id" = 13 LIMIT 1 /*action='destroy',application='UnoOnline',controller='games'*/[0m
  ↳ app/controllers/games_controller.rb:88:in 'GamesController#set_game'
  [1m[36mTRANSACTION (0.4ms)[0m  [1m[35mBEGIN /*action='destroy',application='UnoOnline',controller='games'*/[0m
  ↳ app/controllers/games_controller.rb:78:in 'GamesController#destroy'
  [1m[36mPlayer Load (5.2ms)[0m  [1m[34mSELECT "players".* FROM "players" WHERE "players"."game_id" = 13 ORDER BY "players"."position" ASC /*action='destroy',application='UnoOnline',controller='games'*/[0m
  ↳ app/controllers/games_controller.rb:78:in 'GamesController#destroy'
  [1m[36mPlayer Destroy (2.0ms)[0m  [1m[31mDELETE FROM "players" WHERE "players"."id" = 32 /*action='destroy',application='UnoOnline',controller='games'*/[0m
  ↳ app/controllers/games_controller.rb:78:in 'GamesController#destroy'
  [1m[36mGame Destroy (1.2ms)[0m  [1m[31mDELETE FROM "games" WHERE "games"."id" = 13 /*action='destroy',application='UnoOnline',controller='games'*/[0m
  ↳ app/controllers/games_controller.rb:78:in 'GamesController#destroy'
  [1m[36mTRANSACTION (6.4ms)[0m  [1m[35mCOMMIT /*action='destroy',application='UnoOnline',controller='games'*/[0m
  ↳ app/controllers/games_controller.rb:78:in 'GamesController#destroy'
Redirected to http://127.0.0.1:3000/
↳ app/controllers/games_controller.rb:79:in 'GamesController#destroy'
Completed 302 Found in 64ms (ActiveRecord: 16.5ms (5 queries, 0 cached) | GC: 0.0ms)


Started GET "/" for 127.0.0.1 at 2026-10-02 10:27:48 +0300
Processing by GamesController#index as TURBO_STREAM
  [1m[36mUser Load (0.7ms)[0m  [1m[34mSELECT "users".* FROM "users" WHERE "users"."id" = 1 LIMIT 1 /*action='index',application='UnoOnline',controller='games'*/[0m
  ↳ app/controllers/application_controller.rb:19:in 'ApplicationController#current_user'
  Rendering layout layouts/application.html.erb
  Rendering games/index.html.erb within layouts/application
  Rendered shared/_logo.html.erb (Duration: 0.1ms | GC: 0.0ms)
  [1m[36mGame Exists? (0.9ms)[0m  [1m[34mSELECT 1 AS one FROM "games" WHERE "games"."visibility" = 'public' LIMIT 1 /*action='index',application='UnoOnline',controller='games'*/[0m
  ↳ app/views/games/index.html.erb:61
  [1m[36mGame Load (1.0ms)[0m  [1m[34mSELECT "games".* FROM "games" WHERE "games"."visibility" = 'public' ORDER BY "games"."created_at" DESC /*action='index',application='UnoOnline',controller='games'*/[0m
  ↳ app/views/games/index.html.erb:65
  [1m[36mPlayer Load (0.7ms)[0m  [1m[34mSELECT "players".* FROM "players" WHERE "players"."game_id" IN (16, 12, 9, 2) ORDER BY "players"."position" ASC /*action='index',application='UnoOnline',controller='games'*/[0m
  ↳ app/views/games/index.html.erb:65
  Rendered shared/_status_badge.html.erb (Duration: 0.1ms | GC: 0.0ms)
  [1m[36mPlayer Exists? (0.9ms)[0m  [1m[34mSELECT 1 AS one FROM "players" WHERE "players"."game_id" = 16 AND "players"."user_id" = 1 LIMIT 1 /*action='index',application='UnoOnline',controller='games'*/[0m
  ↳ app/views/games/index.html.erb:76
  Rendered shared/_status_badge.html.erb (Duration: 0.1ms | GC: 0.0ms)
  [1m[36mPlayer Exists? (0.9ms)[0m  [1m[34mSELECT 1 AS one FROM "players" WHERE "players"."game_id" = 12 AND "players"."user_id" = 1 LIMIT 1 /*action='index',application='UnoOnline',controller='games'*/[0m
  ↳ app/views/games/index.html.erb:76
  Rendered shared/_status_badge.html.erb (Duration: 0.1ms | GC: 0.0ms)
  [1m[36mPlayer Exists? (0.9ms)[0m  [1m[34mSELECT 1 AS one FROM "players" WHERE "players"."game_id" = 9 AND "players"."user_id" = 1 LIMIT 1 /*action='index',application='UnoOnline',controller='games'*/[0m
  ↳ app/views/games/index.html.erb:76
  Rendered shared/_status_badge.html.erb (Duration: 0.1ms | GC: 0.0ms)
  [1m[36mPlayer Exists? (0.8ms)[0m  [1m[34mSELECT 1 AS one FROM "players" WHERE "players"."game_id" = 2 AND "players"."user_id" = 1 LIMIT 1 /*action='index',application='UnoOnline',controller='games'*/[0m
  ↳ app/views/games/index.html.erb:76
  [1m[36mPlayer Count (0.6ms)[0m  [1m[34mSELECT COUNT(*) FROM "players" WHERE "players"."game_id" = 2 /*action='index',application='UnoOnline',controller='games'*/[0m
  ↳ app/models/game.rb:26:in 'Game#full?'
  Rendered games/index.html.erb within layouts/application (Duration: 39.1ms | GC: 0.0ms)
  Rendered layout layouts/application.html.erb (Duration: 41.6ms | GC: 0.0ms)
Completed 200 OK in 71ms (Views: 36.9ms | ActiveRecord: 7.0ms (9 queries, 0 cached) | GC: 0.0ms)


Started GET "/games/9" for 127.0.0.1 at 2026-10-02 10:27:49 +0300
Processing by GamesController#show as HTML
  Parameters: {"id" => "9"}
  [1m[36mUser Load (0.8ms)[0m  [1m[34mSELECT "users".* FROM "users" WHERE "users"."id" = 1 LIMIT 1 /*action='show',application='UnoOnline',controller='games'*/[0m
  ↳ app/controllers/application_controller.rb:19:in 'ApplicationController#current_user'
  [1m[36mGame Load (0.6ms)[0m  [1m[34mSELECT "games".* FROM "games" WHERE "games"."id" = 9 LIMIT 1 /*action='show',application='UnoOnline',controller='games'*/[0m
  ↳ app/controllers/games_controller.rb:88:in 'GamesController#set_game'
  [1m[36mPlayer Exists? (0.7ms)[0m  [1m[34mSELECT 1 AS one FROM "players" WHERE "players"."game_id" = 9 AND "players"."user_id" = 1 LIMIT 1 /*action='show',application='UnoOnline',controller='games'*/[0m
  ↳ app/controllers/games_controller.rb:92:in 'GamesController#require_membership'
  [1m[36mPlayer Load (0.7ms)[0m  [1m[34mSELECT "players".* FROM "players" WHERE "players"."game_id" = 9 AND "players"."user_id" = 1 ORDER BY "players"."position" ASC LIMIT 1 /*action='show',application='UnoOnline',controller='games'*/[0m
  ↳ app/controllers/games_controller.rb:47:in 'GamesController#show'
  Rendering layout layouts/application.html.erb
  Rendering games/show.html.erb within layouts/application
  Rendered shared/_logo.html.erb (Duration: 0.1ms | GC: 0.0ms)
  Rendered shared/_status_badge.html.erb (Duration: 0.1ms | GC: 0.0ms)
  [1m[36mPlayer Count (0.5ms)[0m  [1m[34mSELECT COUNT(*) FROM "players" WHERE "players"."game_id" = 9 /*action='show',application='UnoOnline',controller='games'*/[0m
  ↳ app/views/games/show.html.erb:17
  [1m[36mPlayer Load (0.6ms)[0m  [1m[34mSELECT "players".* FROM "players" WHERE "players"."game_id" = 9 ORDER BY "players"."position" ASC /*action='show',application='UnoOnline',controller='games'*/[0m
  ↳ app/views/games/show.html.erb:31
  [1m[36mCACHE User Load (0.0ms)[0m  [1m[34mSELECT "users".* FROM "users" WHERE "users"."id" = 1 LIMIT 1[0m
  ↳ app/views/games/show.html.erb:34
  Rendered games/show.html.erb within layouts/application (Duration: 13.0ms | GC: 0.0ms)
  Rendered layout layouts/application.html.erb (Duration: 14.9ms | GC: 0.0ms)
Completed 200 OK in 68ms (Views: 15.3ms | ActiveRecord: 3.9ms (7 queries, 1 cached) | GC: 0.0ms)


Started DELETE "/games/9" for 127.0.0.1 at 2026-10-02 10:27:52 +0300
Processing by GamesController#destroy as TURBO_STREAM
  Parameters: {"authenticity_token" => "[FILTERED]", "id" => "9"}
  [1m[36mUser Load (0.7ms)[0m  [1m[34mSELECT "users".* FROM "users" WHERE "users"."id" = 1 LIMIT 1 /*action='destroy',application='UnoOnline',controller='games'*/[0m
  ↳ app/controllers/application_controller.rb:19:in 'ApplicationController#current_user'
  [1m[36mGame Load (0.8ms)[0m  [1m[34mSELECT "games".* FROM "games" WHERE "games"."id" = 9 LIMIT 1 /*action='destroy',application='UnoOnline',controller='games'*/[0m
  ↳ app/controllers/games_controller.rb:88:in 'GamesController#set_game'
  [1m[36mTRANSACTION (0.4ms)[0m  [1m[35mBEGIN /*action='destroy',application='UnoOnline',controller='games'*/[0m
  ↳ app/controllers/games_controller.rb:78:in 'GamesController#destroy'
  [1m[36mPlayer Load (5.6ms)[0m  [1m[34mSELECT "players".* FROM "players" WHERE "players"."game_id" = 9 ORDER BY "players"."position" ASC /*action='destroy',application='UnoOnline',controller='games'*/[0m
  ↳ app/controllers/games_controller.rb:78:in 'GamesController#destroy'
  [1m[36mPlayer Destroy (1.1ms)[0m  [1m[31mDELETE FROM "players" WHERE "players"."id" = 27 /*action='destroy',application='UnoOnline',controller='games'*/[0m
  ↳ app/controllers/games_controller.rb:78:in 'GamesController#destroy'
  [1m[36mGame Destroy (0.9ms)[0m  [1m[31mDELETE FROM "games" WHERE "games"."id" = 9 /*action='destroy',application='UnoOnline',controller='games'*/[0m
  ↳ app/controllers/games_controller.rb:78:in 'GamesController#destroy'
  [1m[36mTRANSACTION (3.8ms)[0m  [1m[35mCOMMIT /*action='destroy',application='UnoOnline',controller='games'*/[0m
  ↳ app/controllers/games_controller.rb:78:in 'GamesController#destroy'
Redirected to http://127.0.0.1:3000/
↳ app/controllers/games_controller.rb:79:in 'GamesController#destroy'
Completed 302 Found in 59ms (ActiveRecord: 13.2ms (5 queries, 0 cached) | GC: 0.0ms)


Started GET "/" for 127.0.0.1 at 2026-10-02 10:27:52 +0300
Processing by GamesController#index as TURBO_STREAM
  [1m[36mUser Load (0.7ms)[0m  [1m[34mSELECT "users".* FROM "users" WHERE "users"."id" = 1 LIMIT 1 /*action='index',application='UnoOnline',controller='games'*/[0m
  ↳ app/controllers/application_controller.rb:19:in 'ApplicationController#current_user'
  Rendering layout layouts/application.html.erb
  Rendering games/index.html.erb within layouts/application
  Rendered shared/_logo.html.erb (Duration: 0.1ms | GC: 0.0ms)
  [1m[36mGame Exists? (0.7ms)[0m  [1m[34mSELECT 1 AS one FROM "games" WHERE "games"."visibility" = 'public' LIMIT 1 /*action='index',application='UnoOnline',controller='games'*/[0m
  ↳ app/views/games/index.html.erb:61
  [1m[36mGame Load (0.6ms)[0m  [1m[34mSELECT "games".* FROM "games" WHERE "games"."visibility" = 'public' ORDER BY "games"."created_at" DESC /*action='index',application='UnoOnline',controller='games'*/[0m
  ↳ app/views/games/index.html.erb:65
  [1m[36mPlayer Load (1.0ms)[0m  [1m[34mSELECT "players".* FROM "players" WHERE "players"."game_id" IN (16, 12, 2) ORDER BY "players"."position" ASC /*action='index',application='UnoOnline',controller='games'*/[0m
  ↳ app/views/games/index.html.erb:65
  Rendered shared/_status_badge.html.erb (Duration: 0.1ms | GC: 0.0ms)
  [1m[36mPlayer Exists? (0.9ms)[0m  [1m[34mSELECT 1 AS one FROM "players" WHERE "players"."game_id" = 16 AND "players"."user_id" = 1 LIMIT 1 /*action='index',application='UnoOnline',controller='games'*/[0m
  ↳ app/views/games/index.html.erb:76
  Rendered shared/_status_badge.html.erb (Duration: 0.1ms | GC: 0.0ms)
  [1m[36mPlayer Exists? (0.6ms)[0m  [1m[34mSELECT 1 AS one FROM "players" WHERE "players"."game_id" = 12 AND "players"."user_id" = 1 LIMIT 1 /*action='index',application='UnoOnline',controller='games'*/[0m
  ↳ app/views/games/index.html.erb:76
  Rendered shared/_status_badge.html.erb (Duration: 0.1ms | GC: 0.0ms)
  [1m[36mPlayer Exists? (0.6ms)[0m  [1m[34mSELECT 1 AS one FROM "players" WHERE "players"."game_id" = 2 AND "players"."user_id" = 1 LIMIT 1 /*action='index',application='UnoOnline',controller='games'*/[0m
  ↳ app/views/games/index.html.erb:76
  [1m[36mPlayer Count (0.5ms)[0m  [1m[34mSELECT COUNT(*) FROM "players" WHERE "players"."game_id" = 2 /*action='index',application='UnoOnline',controller='games'*/[0m
  ↳ app/models/game.rb:26:in 'Game#full?'
  Rendered games/index.html.erb within layouts/application (Duration: 35.5ms | GC: 0.0ms)
  Rendered layout layouts/application.html.erb (Duration: 37.7ms | GC: 0.0ms)
Completed 200 OK in 67ms (Views: 34.4ms | ActiveRecord: 5.5ms (8 queries, 0 cached) | GC: 0.0ms)


Started GET "/games/12" for 127.0.0.1 at 2026-10-02 10:27:56 +0300
Processing by GamesController#show as HTML
  Parameters: {"id" => "12"}
  [1m[36mUser Load (0.8ms)[0m  [1m[34mSELECT "users".* FROM "users" WHERE "users"."id" = 1 LIMIT 1 /*action='show',application='UnoOnline',controller='games'*/[0m
  ↳ app/controllers/application_controller.rb:19:in 'ApplicationController#current_user'
  [1m[36mGame Load (0.6ms)[0m  [1m[34mSELECT "games".* FROM "games" WHERE "games"."id" = 12 LIMIT 1 /*action='show',application='UnoOnline',controller='games'*/[0m
  ↳ app/controllers/games_controller.rb:88:in 'GamesController#set_game'
  [1m[36mPlayer Exists? (0.7ms)[0m  [1m[34mSELECT 1 AS one FROM "players" WHERE "players"."game_id" = 12 AND "players"."user_id" = 1 LIMIT 1 /*action='show',application='UnoOnline',controller='games'*/[0m
  ↳ app/controllers/games_controller.rb:92:in 'GamesController#require_membership'
  [1m[36mPlayer Load (0.6ms)[0m  [1m[34mSELECT "players".* FROM "players" WHERE "players"."game_id" = 12 AND "players"."user_id" = 1 ORDER BY "players"."position" ASC LIMIT 1 /*action='show',application='UnoOnline',controller='games'*/[0m
  ↳ app/controllers/games_controller.rb:47:in 'GamesController#show'
  Rendering layout layouts/application.html.erb
  Rendering games/show.html.erb within layouts/application
  Rendered shared/_logo.html.erb (Duration: 0.1ms | GC: 0.0ms)
  Rendered shared/_status_badge.html.erb (Duration: 0.1ms | GC: 0.0ms)
  [1m[36mPlayer Count (0.8ms)[0m  [1m[34mSELECT COUNT(*) FROM "players" WHERE "players"."game_id" = 12 /*action='show',application='UnoOnline',controller='games'*/[0m
  ↳ app/views/games/show.html.erb:17
  [1m[36mPlayer Load (0.8ms)[0m  [1m[34mSELECT "players".* FROM "players" WHERE "players"."game_id" = 12 ORDER BY "players"."position" ASC /*action='show',application='UnoOnline',controller='games'*/[0m
  ↳ app/views/games/show.html.erb:31
  [1m[36mCACHE User Load (0.0ms)[0m  [1m[34mSELECT "users".* FROM "users" WHERE "users"."id" = 1 LIMIT 1[0m
  ↳ app/views/games/show.html.erb:34
  Rendered games/show.html.erb within layouts/application (Duration: 14.8ms | GC: 0.0ms)
  Rendered layout layouts/application.html.erb (Duration: 17.1ms | GC: 0.0ms)
Completed 200 OK in 58ms (Views: 17.1ms | ActiveRecord: 4.2ms (7 queries, 1 cached) | GC: 0.0ms)


Started DELETE "/games/12" for 127.0.0.1 at 2026-10-02 10:27:58 +0300
Processing by GamesController#destroy as TURBO_STREAM
  Parameters: {"authenticity_token" => "[FILTERED]", "id" => "12"}
  [1m[36mUser Load (0.7ms)[0m  [1m[34mSELECT "users".* FROM "users" WHERE "users"."id" = 1 LIMIT 1 /*action='destroy',application='UnoOnline',controller='games'*/[0m
  ↳ app/controllers/application_controller.rb:19:in 'ApplicationController#current_user'
  [1m[36mGame Load (0.6ms)[0m  [1m[34mSELECT "games".* FROM "games" WHERE "games"."id" = 12 LIMIT 1 /*action='destroy',application='UnoOnline',controller='games'*/[0m
  ↳ app/controllers/games_controller.rb:88:in 'GamesController#set_game'
  [1m[36mTRANSACTION (0.3ms)[0m  [1m[35mBEGIN /*action='destroy',application='UnoOnline',controller='games'*/[0m
  ↳ app/controllers/games_controller.rb:78:in 'GamesController#destroy'
  [1m[36mPlayer Load (5.3ms)[0m  [1m[34mSELECT "players".* FROM "players" WHERE "players"."game_id" = 12 ORDER BY "players"."position" ASC /*action='destroy',application='UnoOnline',controller='games'*/[0m
  ↳ app/controllers/games_controller.rb:78:in 'GamesController#destroy'
  [1m[36mPlayer Destroy (0.9ms)[0m  [1m[31mDELETE FROM "players" WHERE "players"."id" = 31 /*action='destroy',application='UnoOnline',controller='games'*/[0m
  ↳ app/controllers/games_controller.rb:78:in 'GamesController#destroy'
  [1m[36mGame Destroy (0.9ms)[0m  [1m[31mDELETE FROM "games" WHERE "games"."id" = 12 /*action='destroy',application='UnoOnline',controller='games'*/[0m
  ↳ app/controllers/games_controller.rb:78:in 'GamesController#destroy'
  [1m[36mTRANSACTION (3.9ms)[0m  [1m[35mCOMMIT /*action='destroy',application='UnoOnline',controller='games'*/[0m
  ↳ app/controllers/games_controller.rb:78:in 'GamesController#destroy'
Redirected to http://127.0.0.1:3000/
↳ app/controllers/games_controller.rb:79:in 'GamesController#destroy'
Completed 302 Found in 58ms (ActiveRecord: 12.5ms (5 queries, 0 cached) | GC: 0.0ms)


Started GET "/" for 127.0.0.1 at 2026-10-02 10:27:58 +0300
Processing by GamesController#index as TURBO_STREAM
  [1m[36mUser Load (0.9ms)[0m  [1m[34mSELECT "users".* FROM "users" WHERE "users"."id" = 1 LIMIT 1 /*action='index',application='UnoOnline',controller='games'*/[0m
  ↳ app/controllers/application_controller.rb:19:in 'ApplicationController#current_user'
  Rendering layout layouts/application.html.erb
  Rendering games/index.html.erb within layouts/application
  Rendered shared/_logo.html.erb (Duration: 0.1ms | GC: 0.0ms)
  [1m[36mGame Exists? (0.6ms)[0m  [1m[34mSELECT 1 AS one FROM "games" WHERE "games"."visibility" = 'public' LIMIT 1 /*action='index',application='UnoOnline',controller='games'*/[0m
  ↳ app/views/games/index.html.erb:61
  [1m[36mGame Load (0.6ms)[0m  [1m[34mSELECT "games".* FROM "games" WHERE "games"."visibility" = 'public' ORDER BY "games"."created_at" DESC /*action='index',application='UnoOnline',controller='games'*/[0m
  ↳ app/views/games/index.html.erb:65
  [1m[36mPlayer Load (0.6ms)[0m  [1m[34mSELECT "players".* FROM "players" WHERE "players"."game_id" IN (16, 2) ORDER BY "players"."position" ASC /*action='index',application='UnoOnline',controller='games'*/[0m
  ↳ app/views/games/index.html.erb:65
  Rendered shared/_status_badge.html.erb (Duration: 0.1ms | GC: 0.0ms)
  [1m[36mPlayer Exists? (0.6ms)[0m  [1m[34mSELECT 1 AS one FROM "players" WHERE "players"."game_id" = 16 AND "players"."user_id" = 1 LIMIT 1 /*action='index',application='UnoOnline',controller='games'*/[0m
  ↳ app/views/games/index.html.erb:76
  Rendered shared/_status_badge.html.erb (Duration: 0.2ms | GC: 0.0ms)
  [1m[36mPlayer Exists? (0.5ms)[0m  [1m[34mSELECT 1 AS one FROM "players" WHERE "players"."game_id" = 2 AND "players"."user_id" = 1 LIMIT 1 /*action='index',application='UnoOnline',controller='games'*/[0m
  ↳ app/views/games/index.html.erb:76
  [1m[36mPlayer Count (0.6ms)[0m  [1m[34mSELECT COUNT(*) FROM "players" WHERE "players"."game_id" = 2 /*action='index',application='UnoOnline',controller='games'*/[0m
  ↳ app/models/game.rb:26:in 'Game#full?'
  Rendered games/index.html.erb within layouts/application (Duration: 27.8ms | GC: 0.0ms)
  Rendered layout layouts/application.html.erb (Duration: 30.0ms | GC: 0.0ms)
Completed 200 OK in 59ms (Views: 28.3ms | ActiveRecord: 4.3ms (7 queries, 0 cached) | GC: 0.0ms)


Started DELETE "/logout" for 127.0.0.1 at 2026-10-02 10:28:01 +0300
Processing by SessionsController#destroy as TURBO_STREAM
  Parameters: {"authenticity_token" => "[FILTERED]"}
Redirected to http://127.0.0.1:3000/login
↳ app/controllers/sessions_controller.rb:20:in 'SessionsController#destroy'
Completed 302 Found in 26ms (ActiveRecord: 0.0ms (0 queries, 0 cached) | GC: 0.0ms)


Started GET "/login" for 127.0.0.1 at 2026-10-02 10:28:01 +0300
Processing by SessionsController#new as TURBO_STREAM
  [1m[36mUser Load (0.9ms)[0m  [1m[34mSELECT "users".* FROM "users" WHERE "users"."id" IS NULL LIMIT 1 /*action='new',application='UnoOnline',controller='sessions'*/[0m
  ↳ app/controllers/application_controller.rb:19:in 'ApplicationController#current_user'
  Rendering layout layouts/application.html.erb
  Rendering sessions/new.html.erb within layouts/application
  Rendered shared/_logo.html.erb (Duration: 0.7ms | GC: 0.0ms)
  Rendered sessions/new.html.erb within layouts/application (Duration: 16.0ms | GC: 0.0ms)
  Rendered layout layouts/application.html.erb (Duration: 18.0ms | GC: 0.0ms)
Completed 200 OK in 63ms (Views: 30.7ms | ActiveRecord: 0.9ms (1 query, 0 cached) | GC: 0.0ms)


Started GET "/register" for 127.0.0.1 at 2026-10-02 10:28:08 +0300
Processing by RegistrationsController#new as HTML
  [1m[36mUser Load (0.8ms)[0m  [1m[34mSELECT "users".* FROM "users" WHERE "users"."id" IS NULL LIMIT 1 /*action='new',application='UnoOnline',controller='registrations'*/[0m
  ↳ app/controllers/application_controller.rb:19:in 'ApplicationController#current_user'
  Rendering layout layouts/application.html.erb
  Rendering registrations/new.html.erb within layouts/application
  Rendered shared/_logo.html.erb (Duration: 0.1ms | GC: 0.0ms)
  Rendered registrations/new.html.erb within layouts/application (Duration: 3.8ms | GC: 0.0ms)
  Rendered layout layouts/application.html.erb (Duration: 5.9ms | GC: 0.0ms)
Completed 200 OK in 43ms (Views: 16.4ms | ActiveRecord: 0.7ms (1 query, 0 cached) | GC: 0.0ms)


Started GET "/ui-kit" for 127.0.0.1 at 2026-10-02 10:28:10 +0300
Processing by PagesController#ui_kit as HTML
  Rendering layout layouts/application.html.erb
  Rendering pages/ui_kit.html.erb within layouts/application
  Rendered shared/_logo.html.erb (Duration: 0.1ms | GC: 0.0ms)
  Rendered shared/_logo.html.erb (Duration: 0.1ms | GC: 0.0ms)
  Rendered shared/_status_badge.html.erb (Duration: 0.1ms | GC: 0.0ms)
  Rendered shared/_status_badge.html.erb (Duration: 0.1ms | GC: 0.0ms)
  Rendered shared/_status_badge.html.erb (Duration: 0.1ms | GC: 0.0ms)
  Rendered shared/_status_badge.html.erb (Duration: 0.1ms | GC: 0.0ms)
  Rendered pages/ui_kit.html.erb within layouts/application (Duration: 5.6ms | GC: 0.0ms)
  Rendered layout layouts/application.html.erb (Duration: 8.1ms | GC: 0.0ms)
Completed 200 OK in 48ms (Views: 20.9ms | ActiveRecord: 0.0ms (0 queries, 0 cached) | GC: 0.0ms)


Started GET "/games/20" for 127.0.0.1 at 2026-10-02 10:28:36 +0300
Processing by GamesController#show as HTML
  Parameters: {"id" => "20"}
  [1m[36mUser Load (0.6ms)[0m  [1m[34mSELECT "users".* FROM "users" WHERE "users"."id" = 5 LIMIT 1 /*action='show',application='UnoOnline',controller='games'*/[0m
  ↳ app/controllers/application_controller.rb:19:in 'ApplicationController#current_user'
  [1m[36mGame Load (0.6ms)[0m  [1m[34mSELECT "games".* FROM "games" WHERE "games"."id" = 20 LIMIT 1 /*action='show',application='UnoOnline',controller='games'*/[0m
  ↳ app/controllers/games_controller.rb:88:in 'GamesController#set_game'
rescue_from handled ActiveRecord::RecordNotFound (Couldn't find Game with 'id'="20") - C:/Users/Тимофей/.local/share/gem/ruby/4.0.0/gems/activerecord-8.1.4/lib/active_record/core.rb:279:in 'ActiveRecord::Core::ClassMethods#find'
Redirected to http://127.0.0.1:3000/
↳ app/controllers/application_controller.rb:15:in 'ApplicationController#record_not_found'
Completed 302 Found in 34ms (ActiveRecord: 1.2ms (2 queries, 0 cached) | GC: 0.0ms)


Started GET "/" for 127.0.0.1 at 2026-10-02 10:28:36 +0300
Processing by GamesController#index as HTML
  [1m[36mUser Load (0.7ms)[0m  [1m[34mSELECT "users".* FROM "users" WHERE "users"."id" = 5 LIMIT 1 /*action='index',application='UnoOnline',controller='games'*/[0m
  ↳ app/controllers/application_controller.rb:19:in 'ApplicationController#current_user'
  Rendering layout layouts/application.html.erb
  Rendering games/index.html.erb within layouts/application
  Rendered shared/_logo.html.erb (Duration: 0.1ms | GC: 0.0ms)
  [1m[36mGame Exists? (0.6ms)[0m  [1m[34mSELECT 1 AS one FROM "games" WHERE "games"."visibility" = 'public' LIMIT 1 /*action='index',application='UnoOnline',controller='games'*/[0m
  ↳ app/views/games/index.html.erb:61
  [1m[36mGame Load (0.6ms)[0m  [1m[34mSELECT "games".* FROM "games" WHERE "games"."visibility" = 'public' ORDER BY "games"."created_at" DESC /*action='index',application='UnoOnline',controller='games'*/[0m
  ↳ app/views/games/index.html.erb:65
  [1m[36mPlayer Load (0.6ms)[0m  [1m[34mSELECT "players".* FROM "players" WHERE "players"."game_id" IN (16, 2) ORDER BY "players"."position" ASC /*action='index',application='UnoOnline',controller='games'*/[0m
  ↳ app/views/games/index.html.erb:65
  Rendered shared/_status_badge.html.erb (Duration: 0.1ms | GC: 0.0ms)
  [1m[36mPlayer Exists? (0.5ms)[0m  [1m[34mSELECT 1 AS one FROM "players" WHERE "players"."game_id" = 16 AND "players"."user_id" = 5 LIMIT 1 /*action='index',application='UnoOnline',controller='games'*/[0m
  ↳ app/views/games/index.html.erb:76
  [1m[36mPlayer Count (0.7ms)[0m  [1m[34mSELECT COUNT(*) FROM "players" WHERE "players"."game_id" = 16 /*action='index',application='UnoOnline',controller='games'*/[0m
  ↳ app/models/game.rb:26:in 'Game#full?'
  Rendered shared/_status_badge.html.erb (Duration: 0.1ms | GC: 0.0ms)
  [1m[36mPlayer Exists? (0.7ms)[0m  [1m[34mSELECT 1 AS one FROM "players" WHERE "players"."game_id" = 2 AND "players"."user_id" = 5 LIMIT 1 /*action='index',application='UnoOnline',controller='games'*/[0m
  ↳ app/views/games/index.html.erb:76
  [1m[36mPlayer Count (0.8ms)[0m  [1m[34mSELECT COUNT(*) FROM "players" WHERE "players"."game_id" = 2 /*action='index',application='UnoOnline',controller='games'*/[0m
  ↳ app/models/game.rb:26:in 'Game#full?'
  Rendered games/index.html.erb within layouts/application (Duration: 32.2ms | GC: 0.0ms)
  Rendered layout layouts/application.html.erb (Duration: 34.2ms | GC: 0.0ms)
Completed 200 OK in 62ms (Views: 31.6ms | ActiveRecord: 5.1ms (8 queries, 0 cached) | GC: 0.0ms)


Started GET "/" for 127.0.0.1 at 2026-10-02 10:28:41 +0300
Processing by GamesController#index as HTML
  [1m[36mUser Load (0.7ms)[0m  [1m[34mSELECT "users".* FROM "users" WHERE "users"."id" = 5 LIMIT 1 /*action='index',application='UnoOnline',controller='games'*/[0m
  ↳ app/controllers/application_controller.rb:19:in 'ApplicationController#current_user'
  Rendering layout layouts/application.html.erb
  Rendering games/index.html.erb within layouts/application
  Rendered shared/_logo.html.erb (Duration: 0.1ms | GC: 0.0ms)
  [1m[36mGame Exists? (0.8ms)[0m  [1m[34mSELECT 1 AS one FROM "games" WHERE "games"."visibility" = 'public' LIMIT 1 /*action='index',application='UnoOnline',controller='games'*/[0m
  ↳ app/views/games/index.html.erb:61
  [1m[36mGame Load (0.7ms)[0m  [1m[34mSELECT "games".* FROM "games" WHERE "games"."visibility" = 'public' ORDER BY "games"."created_at" DESC /*action='index',application='UnoOnline',controller='games'*/[0m
  ↳ app/views/games/index.html.erb:65
  [1m[36mPlayer Load (0.7ms)[0m  [1m[34mSELECT "players".* FROM "players" WHERE "players"."game_id" IN (16, 2) ORDER BY "players"."position" ASC /*action='index',application='UnoOnline',controller='games'*/[0m
  ↳ app/views/games/index.html.erb:65
  Rendered shared/_status_badge.html.erb (Duration: 0.1ms | GC: 0.0ms)
  [1m[36mPlayer Exists? (0.8ms)[0m  [1m[34mSELECT 1 AS one FROM "players" WHERE "players"."game_id" = 16 AND "players"."user_id" = 5 LIMIT 1 /*action='index',application='UnoOnline',controller='games'*/[0m
  ↳ app/views/games/index.html.erb:76
  [1m[36mPlayer Count (0.6ms)[0m  [1m[34mSELECT COUNT(*) FROM "players" WHERE "players"."game_id" = 16 /*action='index',application='UnoOnline',controller='games'*/[0m
  ↳ app/models/game.rb:26:in 'Game#full?'
  Rendered shared/_status_badge.html.erb (Duration: 0.1ms | GC: 0.0ms)
  [1m[36mPlayer Exists? (0.6ms)[0m  [1m[34mSELECT 1 AS one FROM "players" WHERE "players"."game_id" = 2 AND "players"."user_id" = 5 LIMIT 1 /*action='index',application='UnoOnline',controller='games'*/[0m
  ↳ app/views/games/index.html.erb:76
  [1m[36mPlayer Count (0.7ms)[0m  [1m[34mSELECT COUNT(*) FROM "players" WHERE "players"."game_id" = 2 /*action='index',application='UnoOnline',controller='games'*/[0m
  ↳ app/models/game.rb:26:in 'Game#full?'
  Rendered games/index.html.erb within layouts/application (Duration: 57.1ms | GC: 31.3ms)
  Rendered layout layouts/application.html.erb (Duration: 59.1ms | GC: 31.3ms)
Completed 200 OK in 96ms (Views: 56.0ms | ActiveRecord: 5.4ms (8 queries, 0 cached) | GC: 31.3ms)


Started POST "/games" for 127.0.0.1 at 2026-10-02 10:28:45 +0300
Processing by GamesController#create as TURBO_STREAM
  Parameters: {"authenticity_token" => "[FILTERED]", "visibility" => "public", "max_players" => "4", "commit" => "Создать комнату"}
  [1m[36mUser Load (0.7ms)[0m  [1m[34mSELECT "users".* FROM "users" WHERE "users"."id" = 5 LIMIT 1 /*action='create',application='UnoOnline',controller='games'*/[0m
  ↳ app/controllers/application_controller.rb:19:in 'ApplicationController#current_user'
[31mUnpermitted parameters: :authenticity_token, :commit. Context: { controller: GamesController, action: create, request: #<ActionDispatch::Request:0x000001d291fbd668>, params: {"authenticity_token" => "[FILTERED]", "visibility" => "public", "max_players" => "4", "commit" => "Создать комнату", "controller" => "games", "action" => "create"} }[0m
  [1m[36mTRANSACTION (0.3ms)[0m  [1m[35mBEGIN /*action='create',application='UnoOnline',controller='games'*/[0m
  ↳ app/models/game.rb:91:in 'block in Game#generate_code'
  [1m[36mGame Exists? (4.8ms)[0m  [1m[34mSELECT 1 AS one FROM "games" WHERE "games"."code" = 'NW0TCI' LIMIT 1 /*action='create',application='UnoOnline',controller='games'*/[0m
  ↳ app/models/game.rb:91:in 'block in Game#generate_code'
  [1m[36mPlayer Exists? (0.5ms)[0m  [1m[34mSELECT 1 AS one FROM "players" WHERE "players"."position" = 0 AND "players"."game_id" IS NULL LIMIT 1 /*action='create',application='UnoOnline',controller='games'*/[0m
  ↳ app/controllers/games_controller.rb:17:in 'GamesController#create'
  [1m[36mPlayer Exists? (0.7ms)[0m  [1m[34mSELECT 1 AS one FROM "players" WHERE "players"."user_id" = 5 AND "players"."game_id" IS NULL LIMIT 1 /*action='create',application='UnoOnline',controller='games'*/[0m
  ↳ app/controllers/games_controller.rb:17:in 'GamesController#create'
  [1m[36mCACHE Game Exists? (0.0ms)[0m  [1m[34mSELECT 1 AS one FROM "games" WHERE "games"."code" = 'NW0TCI' LIMIT 1[0m
  ↳ app/controllers/games_controller.rb:17:in 'GamesController#create'
  [1m[36mGame Create (1.7ms)[0m  [1m[32mINSERT INTO "games" ("code", "status", "current_player_id", "direction", "top_card", "deck_state", "winner_id", "created_at", "updated_at", "visibility", "max_players", "host_id") VALUES ('NW0TCI', 'waiting', NULL, 'clockwise', NULL, NULL, NULL, '2026-10-02 07:28:45.193713', '2026-10-02 07:28:45.193713', 'public', 4, 5) RETURNING "id" /*action='create',application='UnoOnline',controller='games'*/[0m
  ↳ app/controllers/games_controller.rb:17:in 'GamesController#create'
  [1m[36mPlayer Exists? (0.6ms)[0m  [1m[34mSELECT 1 AS one FROM "players" WHERE "players"."position" = 0 AND "players"."game_id" = 22 LIMIT 1 /*action='create',application='UnoOnline',controller='games'*/[0m
  ↳ app/controllers/games_controller.rb:17:in 'GamesController#create'
  [1m[36mPlayer Exists? (0.5ms)[0m  [1m[34mSELECT 1 AS one FROM "players" WHERE "players"."user_id" = 5 AND "players"."game_id" = 22 LIMIT 1 /*action='create',application='UnoOnline',controller='games'*/[0m
  ↳ app/controllers/games_controller.rb:17:in 'GamesController#create'
  [1m[36mPlayer Create (1.6ms)[0m  [1m[32mINSERT INTO "players" ("game_id", "user_id", "position", "hand", "has_called_uno", "created_at", "updated_at", "ready") VALUES (22, 5, 0, '[]', FALSE, '2026-10-02 07:28:45.212187', '2026-10-02 07:28:45.212187', FALSE) RETURNING "id" /*action='create',application='UnoOnline',controller='games'*/[0m
  ↳ app/controllers/games_controller.rb:17:in 'GamesController#create'
  [1m[36mTRANSACTION (3.7ms)[0m  [1m[35mCOMMIT /*action='create',application='UnoOnline',controller='games'*/[0m
  ↳ app/controllers/games_controller.rb:17:in 'GamesController#create'
Redirected to http://127.0.0.1:3000/games/22
↳ app/controllers/games_controller.rb:18:in 'GamesController#create'
Completed 302 Found in 85ms (ActiveRecord: 15.1ms (9 queries, 1 cached) | GC: 0.0ms)


Started GET "/games/22" for 127.0.0.1 at 2026-10-02 10:28:45 +0300
Processing by GamesController#show as TURBO_STREAM
  Parameters: {"id" => "22"}
  [1m[36mUser Load (0.9ms)[0m  [1m[34mSELECT "users".* FROM "users" WHERE "users"."id" = 5 LIMIT 1 /*action='show',application='UnoOnline',controller='games'*/[0m
  ↳ app/controllers/application_controller.rb:19:in 'ApplicationController#current_user'
  [1m[36mGame Load (0.9ms)[0m  [1m[34mSELECT "games".* FROM "games" WHERE "games"."id" = 22 LIMIT 1 /*action='show',application='UnoOnline',controller='games'*/[0m
  ↳ app/controllers/games_controller.rb:88:in 'GamesController#set_game'
  [1m[36mPlayer Exists? (0.9ms)[0m  [1m[34mSELECT 1 AS one FROM "players" WHERE "players"."game_id" = 22 AND "players"."user_id" = 5 LIMIT 1 /*action='show',application='UnoOnline',controller='games'*/[0m
  ↳ app/controllers/games_controller.rb:92:in 'GamesController#require_membership'
  [1m[36mPlayer Load (1.0ms)[0m  [1m[34mSELECT "players".* FROM "players" WHERE "players"."game_id" = 22 AND "players"."user_id" = 5 ORDER BY "players"."position" ASC LIMIT 1 /*action='show',application='UnoOnline',controller='games'*/[0m
  ↳ app/controllers/games_controller.rb:47:in 'GamesController#show'
  Rendering layout layouts/application.html.erb
  Rendering games/show.html.erb within layouts/application
  Rendered shared/_logo.html.erb (Duration: 0.1ms | GC: 0.0ms)
  Rendered shared/_status_badge.html.erb (Duration: 0.1ms | GC: 0.0ms)
  [1m[36mPlayer Count (0.9ms)[0m  [1m[34mSELECT COUNT(*) FROM "players" WHERE "players"."game_id" = 22 /*action='show',application='UnoOnline',controller='games'*/[0m
  ↳ app/views/games/show.html.erb:17
  [1m[36mPlayer Load (0.9ms)[0m  [1m[34mSELECT "players".* FROM "players" WHERE "players"."game_id" = 22 ORDER BY "players"."position" ASC /*action='show',application='UnoOnline',controller='games'*/[0m
  ↳ app/views/games/show.html.erb:31
  [1m[36mCACHE User Load (0.0ms)[0m  [1m[34mSELECT "users".* FROM "users" WHERE "users"."id" = 5 LIMIT 1[0m
  ↳ app/views/games/show.html.erb:34
  Rendered games/show.html.erb within layouts/application (Duration: 13.7ms | GC: 0.0ms)
  Rendered layout layouts/application.html.erb (Duration: 16.3ms | GC: 0.0ms)
Completed 200 OK in 59ms (Views: 16.2ms | ActiveRecord: 5.4ms (7 queries, 1 cached) | GC: 0.0ms)


Started POST "/games/22/ready" for 127.0.0.1 at 2026-10-02 10:28:46 +0300
Processing by GamesController#ready as TURBO_STREAM
  Parameters: {"authenticity_token" => "[FILTERED]", "id" => "22"}
  [1m[36mUser Load (0.7ms)[0m  [1m[34mSELECT "users".* FROM "users" WHERE "users"."id" = 5 LIMIT 1 /*action='ready',application='UnoOnline',controller='games'*/[0m
  ↳ app/controllers/application_controller.rb:19:in 'ApplicationController#current_user'
  [1m[36mGame Load (0.8ms)[0m  [1m[34mSELECT "games".* FROM "games" WHERE "games"."id" = 22 LIMIT 1 /*action='ready',application='UnoOnline',controller='games'*/[0m
  ↳ app/controllers/games_controller.rb:88:in 'GamesController#set_game'
  [1m[36mPlayer Exists? (0.6ms)[0m  [1m[34mSELECT 1 AS one FROM "players" WHERE "players"."game_id" = 22 AND "players"."user_id" = 5 LIMIT 1 /*action='ready',application='UnoOnline',controller='games'*/[0m
  ↳ app/controllers/games_controller.rb:92:in 'GamesController#require_membership'
  [1m[36mPlayer Load (0.7ms)[0m  [1m[34mSELECT "players".* FROM "players" WHERE "players"."game_id" = 22 AND "players"."user_id" = 5 ORDER BY "players"."position" ASC LIMIT 1 /*action='ready',application='UnoOnline',controller='games'*/[0m
  ↳ app/controllers/games_controller.rb:60:in 'GamesController#ready'
  [1m[36mTRANSACTION (0.4ms)[0m  [1m[35mBEGIN /*action='ready',application='UnoOnline',controller='games'*/[0m
  ↳ app/controllers/games_controller.rb:65:in 'GamesController#ready'
  [1m[36mPlayer Update (0.7ms)[0m  [1m[33mUPDATE "players" SET "updated_at" = '2026-10-02 07:28:46.522211', "ready" = TRUE WHERE "players"."id" = 57 /*action='ready',application='UnoOnline',controller='games'*/[0m
  ↳ app/controllers/games_controller.rb:65:in 'GamesController#ready'
  [1m[36mTRANSACTION (0.6ms)[0m  [1m[35mCOMMIT /*action='ready',application='UnoOnline',controller='games'*/[0m
  ↳ app/controllers/games_controller.rb:65:in 'GamesController#ready'
  [1m[36mPlayer Count (0.7ms)[0m  [1m[34mSELECT COUNT(*) FROM "players" WHERE "players"."game_id" = 22 /*action='ready',application='UnoOnline',controller='games'*/[0m
  ↳ app/models/game.rb:35:in 'Game#all_ready?'
Redirected to http://127.0.0.1:3000/games/22
↳ app/controllers/games_controller.rb:68:in 'GamesController#ready'
Completed 302 Found in 65ms (ActiveRecord: 15.6ms (6 queries, 0 cached) | GC: 0.0ms)


Started GET "/games/22" for 127.0.0.1 at 2026-10-02 10:28:46 +0300
Processing by GamesController#show as TURBO_STREAM
  Parameters: {"id" => "22"}
  [1m[36mUser Load (0.6ms)[0m  [1m[34mSELECT "users".* FROM "users" WHERE "users"."id" = 5 LIMIT 1 /*action='show',application='UnoOnline',controller='games'*/[0m
  ↳ app/controllers/application_controller.rb:19:in 'ApplicationController#current_user'
  [1m[36mGame Load (0.5ms)[0m  [1m[34mSELECT "games".* FROM "games" WHERE "games"."id" = 22 LIMIT 1 /*action='show',application='UnoOnline',controller='games'*/[0m
  ↳ app/controllers/games_controller.rb:88:in 'GamesController#set_game'
  [1m[36mPlayer Exists? (0.5ms)[0m  [1m[34mSELECT 1 AS one FROM "players" WHERE "players"."game_id" = 22 AND "players"."user_id" = 5 LIMIT 1 /*action='show',application='UnoOnline',controller='games'*/[0m
  ↳ app/controllers/games_controller.rb:92:in 'GamesController#require_membership'
  [1m[36mPlayer Load (0.6ms)[0m  [1m[34mSELECT "players".* FROM "players" WHERE "players"."game_id" = 22 AND "players"."user_id" = 5 ORDER BY "players"."position" ASC LIMIT 1 /*action='show',application='UnoOnline',controller='games'*/[0m
  ↳ app/controllers/games_controller.rb:47:in 'GamesController#show'
  Rendering layout layouts/application.html.erb
  Rendering games/show.html.erb within layouts/application
  Rendered shared/_logo.html.erb (Duration: 0.1ms | GC: 0.0ms)
  Rendered shared/_status_badge.html.erb (Duration: 0.1ms | GC: 0.0ms)
  [1m[36mPlayer Count (0.5ms)[0m  [1m[34mSELECT COUNT(*) FROM "players" WHERE "players"."game_id" = 22 /*action='show',application='UnoOnline',controller='games'*/[0m
  ↳ app/views/games/show.html.erb:17
  [1m[36mPlayer Load (0.5ms)[0m  [1m[34mSELECT "players".* FROM "players" WHERE "players"."game_id" = 22 ORDER BY "players"."position" ASC /*action='show',application='UnoOnline',controller='games'*/[0m
  ↳ app/views/games/show.html.erb:31
  [1m[36mCACHE User Load (0.0ms)[0m  [1m[34mSELECT "users".* FROM "users" WHERE "users"."id" = 5 LIMIT 1[0m
  ↳ app/views/games/show.html.erb:34
  Rendered games/show.html.erb within layouts/application (Duration: 12.3ms | GC: 0.0ms)
  Rendered layout layouts/application.html.erb (Duration: 14.1ms | GC: 0.0ms)
Completed 200 OK in 64ms (Views: 14.4ms | ActiveRecord: 3.2ms (7 queries, 1 cached) | GC: 0.0ms)


Started DELETE "/games/22" for 127.0.0.1 at 2026-10-02 10:28:49 +0300
Processing by GamesController#destroy as TURBO_STREAM
  Parameters: {"authenticity_token" => "[FILTERED]", "id" => "22"}
  [1m[36mUser Load (0.7ms)[0m  [1m[34mSELECT "users".* FROM "users" WHERE "users"."id" = 5 LIMIT 1 /*action='destroy',application='UnoOnline',controller='games'*/[0m
  ↳ app/controllers/application_controller.rb:19:in 'ApplicationController#current_user'
  [1m[36mGame Load (0.6ms)[0m  [1m[34mSELECT "games".* FROM "games" WHERE "games"."id" = 22 LIMIT 1 /*action='destroy',application='UnoOnline',controller='games'*/[0m
  ↳ app/controllers/games_controller.rb:88:in 'GamesController#set_game'
  [1m[36mTRANSACTION (0.3ms)[0m  [1m[35mBEGIN /*action='destroy',application='UnoOnline',controller='games'*/[0m
  ↳ app/controllers/games_controller.rb:78:in 'GamesController#destroy'
  [1m[36mPlayer Load (6.2ms)[0m  [1m[34mSELECT "players".* FROM "players" WHERE "players"."game_id" = 22 ORDER BY "players"."position" ASC /*action='destroy',application='UnoOnline',controller='games'*/[0m
  ↳ app/controllers/games_controller.rb:78:in 'GamesController#destroy'
  [1m[36mPlayer Destroy (1.1ms)[0m  [1m[31mDELETE FROM "players" WHERE "players"."id" = 57 /*action='destroy',application='UnoOnline',controller='games'*/[0m
  ↳ app/controllers/games_controller.rb:78:in 'GamesController#destroy'
  [1m[36mGame Destroy (0.8ms)[0m  [1m[31mDELETE FROM "games" WHERE "games"."id" = 22 /*action='destroy',application='UnoOnline',controller='games'*/[0m
  ↳ app/controllers/games_controller.rb:78:in 'GamesController#destroy'
  [1m[36mTRANSACTION (3.7ms)[0m  [1m[35mCOMMIT /*action='destroy',application='UnoOnline',controller='games'*/[0m
  ↳ app/controllers/games_controller.rb:78:in 'GamesController#destroy'
Redirected to http://127.0.0.1:3000/
↳ app/controllers/games_controller.rb:79:in 'GamesController#destroy'
Completed 302 Found in 70ms (ActiveRecord: 13.3ms (5 queries, 0 cached) | GC: 0.0ms)


Started GET "/" for 127.0.0.1 at 2026-10-02 10:28:49 +0300
Processing by GamesController#index as TURBO_STREAM
  [1m[36mUser Load (0.6ms)[0m  [1m[34mSELECT "users".* FROM "users" WHERE "users"."id" = 5 LIMIT 1 /*action='index',application='UnoOnline',controller='games'*/[0m
  ↳ app/controllers/application_controller.rb:19:in 'ApplicationController#current_user'
  Rendering layout layouts/application.html.erb
  Rendering games/index.html.erb within layouts/application
  Rendered shared/_logo.html.erb (Duration: 0.1ms | GC: 0.0ms)
  [1m[36mGame Exists? (0.5ms)[0m  [1m[34mSELECT 1 AS one FROM "games" WHERE "games"."visibility" = 'public' LIMIT 1 /*action='index',application='UnoOnline',controller='games'*/[0m
  ↳ app/views/games/index.html.erb:61
  [1m[36mGame Load (0.6ms)[0m  [1m[34mSELECT "games".* FROM "games" WHERE "games"."visibility" = 'public' ORDER BY "games"."created_at" DESC /*action='index',application='UnoOnline',controller='games'*/[0m
  ↳ app/views/games/index.html.erb:65
  [1m[36mPlayer Load (0.6ms)[0m  [1m[34mSELECT "players".* FROM "players" WHERE "players"."game_id" IN (16, 2) ORDER BY "players"."position" ASC /*action='index',application='UnoOnline',controller='games'*/[0m
  ↳ app/views/games/index.html.erb:65
  Rendered shared/_status_badge.html.erb (Duration: 0.1ms | GC: 0.0ms)
  [1m[36mPlayer Exists? (0.6ms)[0m  [1m[34mSELECT 1 AS one FROM "players" WHERE "players"."game_id" = 16 AND "players"."user_id" = 5 LIMIT 1 /*action='index',application='UnoOnline',controller='games'*/[0m
  ↳ app/views/games/index.html.erb:76
  [1m[36mPlayer Count (0.6ms)[0m  [1m[34mSELECT COUNT(*) FROM "players" WHERE "players"."game_id" = 16 /*action='index',application='UnoOnline',controller='games'*/[0m
  ↳ app/models/game.rb:26:in 'Game#full?'
  Rendered shared/_status_badge.html.erb (Duration: 0.1ms | GC: 0.0ms)
  [1m[36mPlayer Exists? (0.5ms)[0m  [1m[34mSELECT 1 AS one FROM "players" WHERE "players"."game_id" = 2 AND "players"."user_id" = 5 LIMIT 1 /*action='index',application='UnoOnline',controller='games'*/[0m
  ↳ app/views/games/index.html.erb:76
  [1m[36mPlayer Count (0.5ms)[0m  [1m[34mSELECT COUNT(*) FROM "players" WHERE "players"."game_id" = 2 /*action='index',application='UnoOnline',controller='games'*/[0m
  ↳ app/models/game.rb:26:in 'Game#full?'
  Rendered games/index.html.erb within layouts/application (Duration: 32.9ms | GC: 0.0ms)
  Rendered layout layouts/application.html.erb (Duration: 34.6ms | GC: 0.0ms)
Completed 200 OK in 62ms (Views: 32.4ms | ActiveRecord: 4.4ms (8 queries, 0 cached) | GC: 0.0ms)


Started POST "/games/join" for 127.0.0.1 at 2026-10-02 10:29:04 +0300
Processing by GamesController#join as TURBO_STREAM
  Parameters: {"authenticity_token" => "[FILTERED]", "code" => "6TFWDM", "commit" => "Войти"}
  [1m[36mUser Load (0.9ms)[0m  [1m[34mSELECT "users".* FROM "users" WHERE "users"."id" = 5 LIMIT 1 /*action='join',application='UnoOnline',controller='games'*/[0m
  ↳ app/controllers/application_controller.rb:19:in 'ApplicationController#current_user'
  [1m[36mGame Load (1.0ms)[0m  [1m[34mSELECT "games".* FROM "games" WHERE "games"."code" = '6TFWDM' LIMIT 1 /*action='join',application='UnoOnline',controller='games'*/[0m
  ↳ app/controllers/games_controller.rb:25:in 'GamesController#join'
  [1m[36mPlayer Exists? (0.8ms)[0m  [1m[34mSELECT 1 AS one FROM "players" WHERE "players"."game_id" = 16 AND "players"."user_id" = 5 LIMIT 1 /*action='join',application='UnoOnline',controller='games'*/[0m
  ↳ app/controllers/games_controller.rb:29:in 'GamesController#join'
  [1m[36mPlayer Count (0.7ms)[0m  [1m[34mSELECT COUNT(*) FROM "players" WHERE "players"."game_id" = 16 /*action='join',application='UnoOnline',controller='games'*/[0m
  ↳ app/models/game.rb:26:in 'Game#full?'
  [1m[36mPlayer Maximum (1.1ms)[0m  [1m[34mSELECT MAX("players"."position") FROM "players" WHERE "players"."game_id" = 16 /*action='join',application='UnoOnline',controller='games'*/[0m
  ↳ app/models/game.rb:30:in 'Game#next_position'
  [1m[36mTRANSACTION (0.4ms)[0m  [1m[35mBEGIN /*action='join',application='UnoOnline',controller='games'*/[0m
  ↳ app/controllers/games_controller.rb:36:in 'GamesController#join'
  [1m[36mPlayer Exists? (5.4ms)[0m  [1m[34mSELECT 1 AS one FROM "players" WHERE "players"."position" = 2 AND "players"."game_id" = 16 LIMIT 1 /*action='join',application='UnoOnline',controller='games'*/[0m
  ↳ app/controllers/games_controller.rb:36:in 'GamesController#join'
  [1m[36mPlayer Exists? (0.5ms)[0m  [1m[34mSELECT 1 AS one FROM "players" WHERE "players"."user_id" = 5 AND "players"."game_id" = 16 LIMIT 1 /*action='join',application='UnoOnline',controller='games'*/[0m
  ↳ app/controllers/games_controller.rb:36:in 'GamesController#join'
  [1m[36mPlayer Create (1.1ms)[0m  [1m[32mINSERT INTO "players" ("game_id", "user_id", "position", "hand", "has_called_uno", "created_at", "updated_at", "ready") VALUES (16, 5, 2, '[]', FALSE, '2026-10-02 07:29:04.321984', '2026-10-02 07:29:04.321984', FALSE) RETURNING "id" /*action='join',application='UnoOnline',controller='games'*/[0m
  ↳ app/controllers/games_controller.rb:36:in 'GamesController#join'
  [1m[36mTRANSACTION (0.6ms)[0m  [1m[35mCOMMIT /*action='join',application='UnoOnline',controller='games'*/[0m
  ↳ app/controllers/games_controller.rb:36:in 'GamesController#join'
Redirected to http://127.0.0.1:3000/games/16
↳ app/controllers/games_controller.rb:37:in 'GamesController#join'
Completed 302 Found in 77ms (ActiveRecord: 12.3ms (8 queries, 0 cached) | GC: 0.0ms)


Started GET "/games/16" for 127.0.0.1 at 2026-10-02 10:29:04 +0300
Processing by GamesController#show as TURBO_STREAM
  Parameters: {"id" => "16"}
  [1m[36mUser Load (0.9ms)[0m  [1m[34mSELECT "users".* FROM "users" WHERE "users"."id" = 5 LIMIT 1 /*action='show',application='UnoOnline',controller='games'*/[0m
  ↳ app/controllers/application_controller.rb:19:in 'ApplicationController#current_user'
  [1m[36mGame Load (0.6ms)[0m  [1m[34mSELECT "games".* FROM "games" WHERE "games"."id" = 16 LIMIT 1 /*action='show',application='UnoOnline',controller='games'*/[0m
  ↳ app/controllers/games_controller.rb:88:in 'GamesController#set_game'
  [1m[36mPlayer Exists? (0.5ms)[0m  [1m[34mSELECT 1 AS one FROM "players" WHERE "players"."game_id" = 16 AND "players"."user_id" = 5 LIMIT 1 /*action='show',application='UnoOnline',controller='games'*/[0m
  ↳ app/controllers/games_controller.rb:92:in 'GamesController#require_membership'
  [1m[36mPlayer Load (0.6ms)[0m  [1m[34mSELECT "players".* FROM "players" WHERE "players"."game_id" = 16 AND "players"."user_id" = 5 ORDER BY "players"."position" ASC LIMIT 1 /*action='show',application='UnoOnline',controller='games'*/[0m
  ↳ app/controllers/games_controller.rb:47:in 'GamesController#show'
  Rendering layout layouts/application.html.erb
  Rendering games/show.html.erb within layouts/application
  Rendered shared/_logo.html.erb (Duration: 0.1ms | GC: 0.0ms)
  Rendered shared/_status_badge.html.erb (Duration: 0.1ms | GC: 0.0ms)
  [1m[36mPlayer Count (0.6ms)[0m  [1m[34mSELECT COUNT(*) FROM "players" WHERE "players"."game_id" = 16 /*action='show',application='UnoOnline',controller='games'*/[0m
  ↳ app/views/games/show.html.erb:17
  [1m[36mPlayer Load (0.8ms)[0m  [1m[34mSELECT "players".* FROM "players" WHERE "players"."game_id" = 16 ORDER BY "players"."position" ASC /*action='show',application='UnoOnline',controller='games'*/[0m
  ↳ app/views/games/show.html.erb:31
  [1m[36mUser Load (0.6ms)[0m  [1m[34mSELECT "users".* FROM "users" WHERE "users"."id" = 1 LIMIT 1 /*action='show',application='UnoOnline',controller='games'*/[0m
  ↳ app/views/games/show.html.erb:34
  [1m[36mUser Load (0.4ms)[0m  [1m[34mSELECT "users".* FROM "users" WHERE "users"."id" = 4 LIMIT 1 /*action='show',application='UnoOnline',controller='games'*/[0m
  ↳ app/views/games/show.html.erb:34
  [1m[36mCACHE User Load (0.0ms)[0m  [1m[34mSELECT "users".* FROM "users" WHERE "users"."id" = 5 LIMIT 1[0m
  ↳ app/views/games/show.html.erb:34
  Rendered games/show.html.erb within layouts/application (Duration: 19.4ms | GC: 0.0ms)
  Rendered layout layouts/application.html.erb (Duration: 21.2ms | GC: 0.0ms)
Completed 200 OK in 57ms (Views: 20.3ms | ActiveRecord: 4.9ms (9 queries, 1 cached) | GC: 0.0ms)


Started POST "/games/16/ready" for 127.0.0.1 at 2026-10-02 10:29:06 +0300
Processing by GamesController#ready as TURBO_STREAM
  Parameters: {"authenticity_token" => "[FILTERED]", "id" => "16"}
  [1m[36mUser Load (0.7ms)[0m  [1m[34mSELECT "users".* FROM "users" WHERE "users"."id" = 5 LIMIT 1 /*action='ready',application='UnoOnline',controller='games'*/[0m
  ↳ app/controllers/application_controller.rb:19:in 'ApplicationController#current_user'
  [1m[36mGame Load (0.7ms)[0m  [1m[34mSELECT "games".* FROM "games" WHERE "games"."id" = 16 LIMIT 1 /*action='ready',application='UnoOnline',controller='games'*/[0m
  ↳ app/controllers/games_controller.rb:88:in 'GamesController#set_game'
  [1m[36mPlayer Exists? (0.6ms)[0m  [1m[34mSELECT 1 AS one FROM "players" WHERE "players"."game_id" = 16 AND "players"."user_id" = 5 LIMIT 1 /*action='ready',application='UnoOnline',controller='games'*/[0m
  ↳ app/controllers/games_controller.rb:92:in 'GamesController#require_membership'
  [1m[36mPlayer Load (1.0ms)[0m  [1m[34mSELECT "players".* FROM "players" WHERE "players"."game_id" = 16 AND "players"."user_id" = 5 ORDER BY "players"."position" ASC LIMIT 1 /*action='ready',application='UnoOnline',controller='games'*/[0m
  ↳ app/controllers/games_controller.rb:60:in 'GamesController#ready'
  [1m[36mTRANSACTION (0.3ms)[0m  [1m[35mBEGIN /*action='ready',application='UnoOnline',controller='games'*/[0m
  ↳ app/controllers/games_controller.rb:65:in 'GamesController#ready'
  [1m[36mPlayer Update (4.9ms)[0m  [1m[33mUPDATE "players" SET "updated_at" = '2026-10-02 07:29:07.095253', "ready" = TRUE WHERE "players"."id" = 58 /*action='ready',application='UnoOnline',controller='games'*/[0m
  ↳ app/controllers/games_controller.rb:65:in 'GamesController#ready'
  [1m[36mTRANSACTION (0.8ms)[0m  [1m[35mCOMMIT /*action='ready',application='UnoOnline',controller='games'*/[0m
  ↳ app/controllers/games_controller.rb:65:in 'GamesController#ready'
  [1m[36mPlayer Count (0.6ms)[0m  [1m[34mSELECT COUNT(*) FROM "players" WHERE "players"."game_id" = 16 /*action='ready',application='UnoOnline',controller='games'*/[0m
  ↳ app/models/game.rb:35:in 'Game#all_ready?'
  [1m[36mPlayer Load (0.9ms)[0m  [1m[34mSELECT "players".* FROM "players" WHERE "players"."game_id" = 16 ORDER BY "players"."position" ASC /*action='ready',application='UnoOnline',controller='games'*/[0m
  ↳ app/models/game.rb:35:in 'Enumerable#all?'
Redirected to http://127.0.0.1:3000/games/16
↳ app/controllers/games_controller.rb:68:in 'GamesController#ready'
Completed 302 Found in 62ms (ActiveRecord: 10.3ms (7 queries, 0 cached) | GC: 0.0ms)


Started GET "/games/16" for 127.0.0.1 at 2026-10-02 10:29:07 +0300
Processing by GamesController#show as TURBO_STREAM
  Parameters: {"id" => "16"}
  [1m[36mUser Load (0.6ms)[0m  [1m[34mSELECT "users".* FROM "users" WHERE "users"."id" = 5 LIMIT 1 /*action='show',application='UnoOnline',controller='games'*/[0m
  ↳ app/controllers/application_controller.rb:19:in 'ApplicationController#current_user'
  [1m[36mGame Load (0.9ms)[0m  [1m[34mSELECT "games".* FROM "games" WHERE "games"."id" = 16 LIMIT 1 /*action='show',application='UnoOnline',controller='games'*/[0m
  ↳ app/controllers/games_controller.rb:88:in 'GamesController#set_game'
  [1m[36mPlayer Exists? (0.6ms)[0m  [1m[34mSELECT 1 AS one FROM "players" WHERE "players"."game_id" = 16 AND "players"."user_id" = 5 LIMIT 1 /*action='show',application='UnoOnline',controller='games'*/[0m
  ↳ app/controllers/games_controller.rb:92:in 'GamesController#require_membership'
  [1m[36mPlayer Load (0.7ms)[0m  [1m[34mSELECT "players".* FROM "players" WHERE "players"."game_id" = 16 AND "players"."user_id" = 5 ORDER BY "players"."position" ASC LIMIT 1 /*action='show',application='UnoOnline',controller='games'*/[0m
  ↳ app/controllers/games_controller.rb:47:in 'GamesController#show'
  Rendering layout layouts/application.html.erb
  Rendering games/show.html.erb within layouts/application
  Rendered shared/_logo.html.erb (Duration: 0.1ms | GC: 0.0ms)
  Rendered shared/_status_badge.html.erb (Duration: 0.1ms | GC: 0.0ms)
  [1m[36mPlayer Count (0.5ms)[0m  [1m[34mSELECT COUNT(*) FROM "players" WHERE "players"."game_id" = 16 /*action='show',application='UnoOnline',controller='games'*/[0m
  ↳ app/views/games/show.html.erb:17
  [1m[36mPlayer Load (0.6ms)[0m  [1m[34mSELECT "players".* FROM "players" WHERE "players"."game_id" = 16 ORDER BY "players"."position" ASC /*action='show',application='UnoOnline',controller='games'*/[0m
  ↳ app/views/games/show.html.erb:31
  [1m[36mUser Load (0.8ms)[0m  [1m[34mSELECT "users".* FROM "users" WHERE "users"."id" = 1 LIMIT 1 /*action='show',application='UnoOnline',controller='games'*/[0m
  ↳ app/views/games/show.html.erb:34
  [1m[36mUser Load (0.5ms)[0m  [1m[34mSELECT "users".* FROM "users" WHERE "users"."id" = 4 LIMIT 1 /*action='show',application='UnoOnline',controller='games'*/[0m
  ↳ app/views/games/show.html.erb:34
  [1m[36mCACHE User Load (0.0ms)[0m  [1m[34mSELECT "users".* FROM "users" WHERE "users"."id" = 5 LIMIT 1[0m
  ↳ app/views/games/show.html.erb:34
  Rendered games/show.html.erb within layouts/application (Duration: 20.2ms | GC: 0.0ms)
  Rendered layout layouts/application.html.erb (Duration: 22.0ms | GC: 0.0ms)
Completed 200 OK in 72ms (Views: 21.0ms | ActiveRecord: 5.1ms (9 queries, 1 cached) | GC: 0.0ms)


Started GET "/games/16" for 127.0.0.1 at 2026-10-02 10:29:10 +0300
Processing by GamesController#show as HTML
  Parameters: {"id" => "16"}
  [1m[36mUser Load (2.0ms)[0m  [1m[34mSELECT "users".* FROM "users" WHERE "users"."id" = 5 LIMIT 1 /*action='show',application='UnoOnline',controller='games'*/[0m
  ↳ app/controllers/application_controller.rb:19:in 'ApplicationController#current_user'
  [1m[36mGame Load (3.1ms)[0m  [1m[34mSELECT "games".* FROM "games" WHERE "games"."id" = 16 LIMIT 1 /*action='show',application='UnoOnline',controller='games'*/[0m
  ↳ app/controllers/games_controller.rb:88:in 'GamesController#set_game'
  [1m[36mPlayer Exists? (0.8ms)[0m  [1m[34mSELECT 1 AS one FROM "players" WHERE "players"."game_id" = 16 AND "players"."user_id" = 5 LIMIT 1 /*action='show',application='UnoOnline',controller='games'*/[0m
  ↳ app/controllers/games_controller.rb:92:in 'GamesController#require_membership'
Started GET "/" for 127.0.0.1 at 2026-10-02 10:29:10 +0300
  [1m[36mPlayer Load (1.0ms)[0m  [1m[34mSELECT "players".* FROM "players" WHERE "players"."game_id" = 16 AND "players"."user_id" = 5 ORDER BY "players"."position" ASC LIMIT 1 /*action='show',application='UnoOnline',controller='games'*/[0m
  ↳ app/controllers/games_controller.rb:47:in 'GamesController#show'
  Rendering layout layouts/application.html.erb
  Rendering games/show.html.erb within layouts/application
  Rendered shared/_logo.html.erb (Duration: 0.0ms | GC: 0.0ms)
  Rendered shared/_status_badge.html.erb (Duration: 0.0ms | GC: 0.0ms)
  [1m[36mPlayer Count (0.6ms)[0m  [1m[34mSELECT COUNT(*) FROM "players" WHERE "players"."game_id" = 16 /*action='show',application='UnoOnline',controller='games'*/[0m
  ↳ app/views/games/show.html.erb:17
  [1m[36mPlayer Load (1.4ms)[0m  [1m[34mSELECT "players".* FROM "players" WHERE "players"."game_id" = 16 ORDER BY "players"."position" ASC /*action='show',application='UnoOnline',controller='games'*/[0m
  ↳ app/views/games/show.html.erb:31
  [1m[36mUser Load (1.2ms)[0m  [1m[34mSELECT "users".* FROM "users" WHERE "users"."id" = 1 LIMIT 1 /*action='show',application='UnoOnline',controller='games'*/[0m
  ↳ app/views/games/show.html.erb:34
  [1m[36mUser Load (1.0ms)[0m  [1m[34mSELECT "users".* FROM "users" WHERE "users"."id" = 4 LIMIT 1 /*action='show',application='UnoOnline',controller='games'*/[0m
  ↳ app/views/games/show.html.erb:34
  [1m[36mCACHE User Load (0.0ms)[0m  [1m[34mSELECT "users".* FROM "users" WHERE "users"."id" = 5 LIMIT 1[0m
  ↳ app/views/games/show.html.erb:34
  Rendered games/show.html.erb within layouts/application (Duration: 27.1ms | GC: 0.0ms)
  Rendered layout layouts/application.html.erb (Duration: 29.1ms | GC: 0.0ms)
Completed 200 OK in 77ms (Views: 27.4ms | ActiveRecord: 11.0ms (9 queries, 1 cached) | GC: 0.0ms)


Processing by GamesController#index as HTML
  [1m[36mUser Load (0.7ms)[0m  [1m[34mSELECT "users".* FROM "users" WHERE "users"."id" = 5 LIMIT 1 /*action='index',application='UnoOnline',controller='games'*/[0m
  ↳ app/controllers/application_controller.rb:19:in 'ApplicationController#current_user'
  Rendering layout layouts/application.html.erb
  Rendering games/index.html.erb within layouts/application
  Rendered shared/_logo.html.erb (Duration: 0.1ms | GC: 0.0ms)
  [1m[36mGame Exists? (0.7ms)[0m  [1m[34mSELECT 1 AS one FROM "games" WHERE "games"."visibility" = 'public' LIMIT 1 /*action='index',application='UnoOnline',controller='games'*/[0m
  ↳ app/views/games/index.html.erb:61
  [1m[36mGame Load (0.6ms)[0m  [1m[34mSELECT "games".* FROM "games" WHERE "games"."visibility" = 'public' ORDER BY "games"."created_at" DESC /*action='index',application='UnoOnline',controller='games'*/[0m
  ↳ app/views/games/index.html.erb:65
  [1m[36mPlayer Load (0.7ms)[0m  [1m[34mSELECT "players".* FROM "players" WHERE "players"."game_id" IN (16, 2) ORDER BY "players"."position" ASC /*action='index',application='UnoOnline',controller='games'*/[0m
  ↳ app/views/games/index.html.erb:65
  Rendered shared/_status_badge.html.erb (Duration: 0.1ms | GC: 0.0ms)
  [1m[36mPlayer Exists? (0.6ms)[0m  [1m[34mSELECT 1 AS one FROM "players" WHERE "players"."game_id" = 16 AND "players"."user_id" = 5 LIMIT 1 /*action='index',application='UnoOnline',controller='games'*/[0m
  ↳ app/views/games/index.html.erb:76
  Rendered shared/_status_badge.html.erb (Duration: 0.1ms | GC: 0.0ms)
  [1m[36mPlayer Exists? (0.6ms)[0m  [1m[34mSELECT 1 AS one FROM "players" WHERE "players"."game_id" = 2 AND "players"."user_id" = 5 LIMIT 1 /*action='index',application='UnoOnline',controller='games'*/[0m
  ↳ app/views/games/index.html.erb:76
  [1m[36mPlayer Count (0.6ms)[0m  [1m[34mSELECT COUNT(*) FROM "players" WHERE "players"."game_id" = 2 /*action='index',application='UnoOnline',controller='games'*/[0m
  ↳ app/models/game.rb:26:in 'Game#full?'
  Rendered games/index.html.erb within layouts/application (Duration: 26.2ms | GC: 0.0ms)
  Rendered layout layouts/application.html.erb (Duration: 28.0ms | GC: 0.0ms)
Completed 200 OK in 57ms (Views: 25.7ms | ActiveRecord: 4.4ms (7 queries, 0 cached) | GC: 0.0ms)


Started GET "/" for 127.0.0.1 at 2026-10-02 10:29:10 +0300
Processing by GamesController#index as HTML
  [1m[36mUser Load (0.9ms)[0m  [1m[34mSELECT "users".* FROM "users" WHERE "users"."id" = 5 LIMIT 1 /*action='index',application='UnoOnline',controller='games'*/[0m
  ↳ app/controllers/application_controller.rb:19:in 'ApplicationController#current_user'
  Rendering layout layouts/application.html.erb
  Rendering games/index.html.erb within layouts/application
  Rendered shared/_logo.html.erb (Duration: 0.1ms | GC: 0.0ms)
  [1m[36mGame Exists? (0.9ms)[0m  [1m[34mSELECT 1 AS one FROM "games" WHERE "games"."visibility" = 'public' LIMIT 1 /*action='index',application='UnoOnline',controller='games'*/[0m
  ↳ app/views/games/index.html.erb:61
  [1m[36mGame Load (0.9ms)[0m  [1m[34mSELECT "games".* FROM "games" WHERE "games"."visibility" = 'public' ORDER BY "games"."created_at" DESC /*action='index',application='UnoOnline',controller='games'*/[0m
  ↳ app/views/games/index.html.erb:65
  [1m[36mPlayer Load (0.9ms)[0m  [1m[34mSELECT "players".* FROM "players" WHERE "players"."game_id" IN (16, 2) ORDER BY "players"."position" ASC /*action='index',application='UnoOnline',controller='games'*/[0m
  ↳ app/views/games/index.html.erb:65
  Rendered shared/_status_badge.html.erb (Duration: 0.1ms | GC: 0.0ms)
  [1m[36mPlayer Exists? (0.8ms)[0m  [1m[34mSELECT 1 AS one FROM "players" WHERE "players"."game_id" = 16 AND "players"."user_id" = 5 LIMIT 1 /*action='index',application='UnoOnline',controller='games'*/[0m
  ↳ app/views/games/index.html.erb:76
  Rendered shared/_status_badge.html.erb (Duration: 0.1ms | GC: 0.0ms)
  [1m[36mPlayer Exists? (0.8ms)[0m  [1m[34mSELECT 1 AS one FROM "players" WHERE "players"."game_id" = 2 AND "players"."user_id" = 5 LIMIT 1 /*action='index',application='UnoOnline',controller='games'*/[0m
  ↳ app/views/games/index.html.erb:76
  [1m[36mPlayer Count (0.6ms)[0m  [1m[34mSELECT COUNT(*) FROM "players" WHERE "players"."game_id" = 2 /*action='index',application='UnoOnline',controller='games'*/[0m
  ↳ app/models/game.rb:26:in 'Game#full?'
  Rendered games/index.html.erb within layouts/application (Duration: 27.5ms | GC: 0.0ms)
  Rendered layout layouts/application.html.erb (Duration: 29.4ms | GC: 0.0ms)
Completed 200 OK in 57ms (Views: 25.8ms | ActiveRecord: 5.8ms (7 queries, 0 cached) | GC: 0.0ms)


Started GET "/games/16" for 127.0.0.1 at 2026-10-02 10:29:15 +0300
Processing by GamesController#show as HTML
  Parameters: {"id" => "16"}
  [1m[36mUser Load (0.7ms)[0m  [1m[34mSELECT "users".* FROM "users" WHERE "users"."id" = 5 LIMIT 1 /*action='show',application='UnoOnline',controller='games'*/[0m
  ↳ app/controllers/application_controller.rb:19:in 'ApplicationController#current_user'
  [1m[36mGame Load (0.6ms)[0m  [1m[34mSELECT "games".* FROM "games" WHERE "games"."id" = 16 LIMIT 1 /*action='show',application='UnoOnline',controller='games'*/[0m
  ↳ app/controllers/games_controller.rb:88:in 'GamesController#set_game'
  [1m[36mPlayer Exists? (0.7ms)[0m  [1m[34mSELECT 1 AS one FROM "players" WHERE "players"."game_id" = 16 AND "players"."user_id" = 5 LIMIT 1 /*action='show',application='UnoOnline',controller='games'*/[0m
  ↳ app/controllers/games_controller.rb:92:in 'GamesController#require_membership'
  [1m[36mPlayer Load (0.6ms)[0m  [1m[34mSELECT "players".* FROM "players" WHERE "players"."game_id" = 16 AND "players"."user_id" = 5 ORDER BY "players"."position" ASC LIMIT 1 /*action='show',application='UnoOnline',controller='games'*/[0m
  ↳ app/controllers/games_controller.rb:47:in 'GamesController#show'
  Rendering layout layouts/application.html.erb
  Rendering games/show.html.erb within layouts/application
  Rendered shared/_logo.html.erb (Duration: 0.1ms | GC: 0.0ms)
  Rendered shared/_status_badge.html.erb (Duration: 0.1ms | GC: 0.0ms)
  [1m[36mPlayer Count (0.5ms)[0m  [1m[34mSELECT COUNT(*) FROM "players" WHERE "players"."game_id" = 16 /*action='show',application='UnoOnline',controller='games'*/[0m
  ↳ app/views/games/show.html.erb:17
  [1m[36mPlayer Load (0.8ms)[0m  [1m[34mSELECT "players".* FROM "players" WHERE "players"."game_id" = 16 ORDER BY "players"."position" ASC /*action='show',application='UnoOnline',controller='games'*/[0m
  ↳ app/views/games/show.html.erb:31
  [1m[36mUser Load (0.6ms)[0m  [1m[34mSELECT "users".* FROM "users" WHERE "users"."id" = 1 LIMIT 1 /*action='show',application='UnoOnline',controller='games'*/[0m
  ↳ app/views/games/show.html.erb:34
  [1m[36mUser Load (0.8ms)[0m  [1m[34mSELECT "users".* FROM "users" WHERE "users"."id" = 4 LIMIT 1 /*action='show',application='UnoOnline',controller='games'*/[0m
  ↳ app/views/games/show.html.erb:34
  [1m[36mCACHE User Load (0.0ms)[0m  [1m[34mSELECT "users".* FROM "users" WHERE "users"."id" = 5 LIMIT 1[0m
  ↳ app/views/games/show.html.erb:34
  Rendered games/show.html.erb within layouts/application (Duration: 19.3ms | GC: 0.0ms)
  Rendered layout layouts/application.html.erb (Duration: 21.1ms | GC: 0.0ms)
Completed 200 OK in 59ms (Views: 19.8ms | ActiveRecord: 5.2ms (9 queries, 1 cached) | GC: 0.0ms)


Started GET "/games/16" for 127.0.0.1 at 2026-10-02 10:29:18 +0300
Processing by GamesController#show as HTML
  Parameters: {"id" => "16"}
  [1m[36mUser Load (0.8ms)[0m  [1m[34mSELECT "users".* FROM "users" WHERE "users"."id" = 5 LIMIT 1 /*action='show',application='UnoOnline',controller='games'*/[0m
  ↳ app/controllers/application_controller.rb:19:in 'ApplicationController#current_user'
  [1m[36mGame Load (0.8ms)[0m  [1m[34mSELECT "games".* FROM "games" WHERE "games"."id" = 16 LIMIT 1 /*action='show',application='UnoOnline',controller='games'*/[0m
  ↳ app/controllers/games_controller.rb:88:in 'GamesController#set_game'
  [1m[36mPlayer Exists? (0.9ms)[0m  [1m[34mSELECT 1 AS one FROM "players" WHERE "players"."game_id" = 16 AND "players"."user_id" = 5 LIMIT 1 /*action='show',application='UnoOnline',controller='games'*/[0m
  ↳ app/controllers/games_controller.rb:92:in 'GamesController#require_membership'
  [1m[36mPlayer Load (0.7ms)[0m  [1m[34mSELECT "players".* FROM "players" WHERE "players"."game_id" = 16 AND "players"."user_id" = 5 ORDER BY "players"."position" ASC LIMIT 1 /*action='show',application='UnoOnline',controller='games'*/[0m
  ↳ app/controllers/games_controller.rb:47:in 'GamesController#show'
  Rendering layout layouts/application.html.erb
  Rendering games/show.html.erb within layouts/application
  Rendered shared/_logo.html.erb (Duration: 0.1ms | GC: 0.0ms)
  Rendered shared/_status_badge.html.erb (Duration: 0.1ms | GC: 0.0ms)
  [1m[36mPlayer Count (0.6ms)[0m  [1m[34mSELECT COUNT(*) FROM "players" WHERE "players"."game_id" = 16 /*action='show',application='UnoOnline',controller='games'*/[0m
  ↳ app/views/games/show.html.erb:17
  [1m[36mPlayer Load (0.6ms)[0m  [1m[34mSELECT "players".* FROM "players" WHERE "players"."game_id" = 16 ORDER BY "players"."position" ASC /*action='show',application='UnoOnline',controller='games'*/[0m
  ↳ app/views/games/show.html.erb:31
  [1m[36mUser Load (0.5ms)[0m  [1m[34mSELECT "users".* FROM "users" WHERE "users"."id" = 1 LIMIT 1 /*action='show',application='UnoOnline',controller='games'*/[0m
  ↳ app/views/games/show.html.erb:34
  [1m[36mUser Load (0.5ms)[0m  [1m[34mSELECT "users".* FROM "users" WHERE "users"."id" = 4 LIMIT 1 /*action='show',application='UnoOnline',controller='games'*/[0m
  ↳ app/views/games/show.html.erb:34
  [1m[36mCACHE User Load (0.0ms)[0m  [1m[34mSELECT "users".* FROM "users" WHERE "users"."id" = 5 LIMIT 1[0m
  ↳ app/views/games/show.html.erb:34
  Rendered games/show.html.erb within layouts/application (Duration: 19.6ms | GC: 0.0ms)
  Rendered layout layouts/application.html.erb (Duration: 21.7ms | GC: 0.0ms)
Completed 200 OK in 67ms (Views: 20.9ms | ActiveRecord: 5.3ms (9 queries, 1 cached) | GC: 0.0ms)


Started GET "/games/16" for 127.0.0.1 at 2026-10-02 10:29:21 +0300
Processing by GamesController#show as HTML
  Parameters: {"id" => "16"}
  [1m[36mUser Load (0.9ms)[0m  [1m[34mSELECT "users".* FROM "users" WHERE "users"."id" = 5 LIMIT 1 /*action='show',application='UnoOnline',controller='games'*/[0m
  ↳ app/controllers/application_controller.rb:19:in 'ApplicationController#current_user'
  [1m[36mGame Load (0.6ms)[0m  [1m[34mSELECT "games".* FROM "games" WHERE "games"."id" = 16 LIMIT 1 /*action='show',application='UnoOnline',controller='games'*/[0m
  ↳ app/controllers/games_controller.rb:88:in 'GamesController#set_game'
  [1m[36mPlayer Exists? (0.5ms)[0m  [1m[34mSELECT 1 AS one FROM "players" WHERE "players"."game_id" = 16 AND "players"."user_id" = 5 LIMIT 1 /*action='show',application='UnoOnline',controller='games'*/[0m
  ↳ app/controllers/games_controller.rb:92:in 'GamesController#require_membership'
  [1m[36mPlayer Load (0.6ms)[0m  [1m[34mSELECT "players".* FROM "players" WHERE "players"."game_id" = 16 AND "players"."user_id" = 5 ORDER BY "players"."position" ASC LIMIT 1 /*action='show',application='UnoOnline',controller='games'*/[0m
  ↳ app/controllers/games_controller.rb:47:in 'GamesController#show'
  Rendering layout layouts/application.html.erb
  Rendering games/show.html.erb within layouts/application
  Rendered shared/_logo.html.erb (Duration: 0.1ms | GC: 0.0ms)
  Rendered shared/_status_badge.html.erb (Duration: 0.1ms | GC: 0.0ms)
  [1m[36mPlayer Count (0.6ms)[0m  [1m[34mSELECT COUNT(*) FROM "players" WHERE "players"."game_id" = 16 /*action='show',application='UnoOnline',controller='games'*/[0m
  ↳ app/views/games/show.html.erb:17
  [1m[36mPlayer Load (0.6ms)[0m  [1m[34mSELECT "players".* FROM "players" WHERE "players"."game_id" = 16 ORDER BY "players"."position" ASC /*action='show',application='UnoOnline',controller='games'*/[0m
  ↳ app/views/games/show.html.erb:31
  [1m[36mUser Load (0.5ms)[0m  [1m[34mSELECT "users".* FROM "users" WHERE "users"."id" = 1 LIMIT 1 /*action='show',application='UnoOnline',controller='games'*/[0m
  ↳ app/views/games/show.html.erb:34
  [1m[36mUser Load (0.4ms)[0m  [1m[34mSELECT "users".* FROM "users" WHERE "users"."id" = 4 LIMIT 1 /*action='show',application='UnoOnline',controller='games'*/[0m
  ↳ app/views/games/show.html.erb:34
  [1m[36mCACHE User Load (0.0ms)[0m  [1m[34mSELECT "users".* FROM "users" WHERE "users"."id" = 5 LIMIT 1[0m
  ↳ app/views/games/show.html.erb:34
  Rendered games/show.html.erb within layouts/application (Duration: 19.0ms | GC: 0.0ms)
  Rendered layout layouts/application.html.erb (Duration: 20.7ms | GC: 0.0ms)
Completed 200 OK in 76ms (Views: 20.2ms | ActiveRecord: 4.5ms (9 queries, 1 cached) | GC: 0.0ms)


Started GET "/games/16" for 127.0.0.1 at 2026-10-02 10:29:25 +0300
Processing by GamesController#show as HTML
  Parameters: {"id" => "16"}
  [1m[36mUser Load (0.9ms)[0m  [1m[34mSELECT "users".* FROM "users" WHERE "users"."id" = 5 LIMIT 1 /*action='show',application='UnoOnline',controller='games'*/[0m
  ↳ app/controllers/application_controller.rb:19:in 'ApplicationController#current_user'
  [1m[36mGame Load (0.8ms)[0m  [1m[34mSELECT "games".* FROM "games" WHERE "games"."id" = 16 LIMIT 1 /*action='show',application='UnoOnline',controller='games'*/[0m
  ↳ app/controllers/games_controller.rb:88:in 'GamesController#set_game'
  [1m[36mPlayer Exists? (0.8ms)[0m  [1m[34mSELECT 1 AS one FROM "players" WHERE "players"."game_id" = 16 AND "players"."user_id" = 5 LIMIT 1 /*action='show',application='UnoOnline',controller='games'*/[0m
  ↳ app/controllers/games_controller.rb:92:in 'GamesController#require_membership'
  [1m[36mPlayer Load (0.8ms)[0m  [1m[34mSELECT "players".* FROM "players" WHERE "players"."game_id" = 16 AND "players"."user_id" = 5 ORDER BY "players"."position" ASC LIMIT 1 /*action='show',application='UnoOnline',controller='games'*/[0m
  ↳ app/controllers/games_controller.rb:47:in 'GamesController#show'
  Rendering layout layouts/application.html.erb
  Rendering games/show.html.erb within layouts/application
  Rendered shared/_logo.html.erb (Duration: 0.1ms | GC: 0.0ms)
  Rendered shared/_status_badge.html.erb (Duration: 0.1ms | GC: 0.0ms)
  [1m[36mPlayer Count (0.6ms)[0m  [1m[34mSELECT COUNT(*) FROM "players" WHERE "players"."game_id" = 16 /*action='show',application='UnoOnline',controller='games'*/[0m
  ↳ app/views/games/show.html.erb:17
  [1m[36mPlayer Load (0.6ms)[0m  [1m[34mSELECT "players".* FROM "players" WHERE "players"."game_id" = 16 ORDER BY "players"."position" ASC /*action='show',application='UnoOnline',controller='games'*/[0m
  ↳ app/views/games/show.html.erb:31
  [1m[36mUser Load (0.5ms)[0m  [1m[34mSELECT "users".* FROM "users" WHERE "users"."id" = 1 LIMIT 1 /*action='show',application='UnoOnline',controller='games'*/[0m
  ↳ app/views/games/show.html.erb:34
  [1m[36mUser Load (0.6ms)[0m  [1m[34mSELECT "users".* FROM "users" WHERE "users"."id" = 4 LIMIT 1 /*action='show',application='UnoOnline',controller='games'*/[0m
  ↳ app/views/games/show.html.erb:34
  [1m[36mCACHE User Load (0.0ms)[0m  [1m[34mSELECT "users".* FROM "users" WHERE "users"."id" = 5 LIMIT 1[0m
  ↳ app/views/games/show.html.erb:34
  Rendered games/show.html.erb within layouts/application (Duration: 21.3ms | GC: 0.0ms)
  Rendered layout layouts/application.html.erb (Duration: 23.3ms | GC: 0.0ms)
Completed 200 OK in 86ms (Views: 22.8ms | ActiveRecord: 5.4ms (9 queries, 1 cached) | GC: 0.0ms)


Started GET "/games/16" for 127.0.0.1 at 2026-10-02 10:29:29 +0300
Processing by GamesController#show as HTML
  Parameters: {"id" => "16"}
  [1m[36mUser Load (0.7ms)[0m  [1m[34mSELECT "users".* FROM "users" WHERE "users"."id" = 5 LIMIT 1 /*action='show',application='UnoOnline',controller='games'*/[0m
  ↳ app/controllers/application_controller.rb:19:in 'ApplicationController#current_user'
  [1m[36mGame Load (0.6ms)[0m  [1m[34mSELECT "games".* FROM "games" WHERE "games"."id" = 16 LIMIT 1 /*action='show',application='UnoOnline',controller='games'*/[0m
  ↳ app/controllers/games_controller.rb:88:in 'GamesController#set_game'
  [1m[36mPlayer Exists? (0.9ms)[0m  [1m[34mSELECT 1 AS one FROM "players" WHERE "players"."game_id" = 16 AND "players"."user_id" = 5 LIMIT 1 /*action='show',application='UnoOnline',controller='games'*/[0m
  ↳ app/controllers/games_controller.rb:92:in 'GamesController#require_membership'
  [1m[36mPlayer Load (0.9ms)[0m  [1m[34mSELECT "players".* FROM "players" WHERE "players"."game_id" = 16 AND "players"."user_id" = 5 ORDER BY "players"."position" ASC LIMIT 1 /*action='show',application='UnoOnline',controller='games'*/[0m
  ↳ app/controllers/games_controller.rb:47:in 'GamesController#show'
  Rendering layout layouts/application.html.erb
  Rendering games/show.html.erb within layouts/application
  Rendered shared/_logo.html.erb (Duration: 0.1ms | GC: 0.0ms)
  Rendered shared/_status_badge.html.erb (Duration: 0.1ms | GC: 0.0ms)
  [1m[36mPlayer Count (0.6ms)[0m  [1m[34mSELECT COUNT(*) FROM "players" WHERE "players"."game_id" = 16 /*action='show',application='UnoOnline',controller='games'*/[0m
  ↳ app/views/games/show.html.erb:17
  [1m[36mPlayer Load (0.7ms)[0m  [1m[34mSELECT "players".* FROM "players" WHERE "players"."game_id" = 16 ORDER BY "players"."position" ASC /*action='show',application='UnoOnline',controller='games'*/[0m
  ↳ app/views/games/show.html.erb:31
  [1m[36mUser Load (0.7ms)[0m  [1m[34mSELECT "users".* FROM "users" WHERE "users"."id" = 1 LIMIT 1 /*action='show',application='UnoOnline',controller='games'*/[0m
  ↳ app/views/games/show.html.erb:34
  [1m[36mUser Load (0.6ms)[0m  [1m[34mSELECT "users".* FROM "users" WHERE "users"."id" = 4 LIMIT 1 /*action='show',application='UnoOnline',controller='games'*/[0m
  ↳ app/views/games/show.html.erb:34
  [1m[36mCACHE User Load (0.0ms)[0m  [1m[34mSELECT "users".* FROM "users" WHERE "users"."id" = 5 LIMIT 1[0m
  ↳ app/views/games/show.html.erb:34
  Rendered games/show.html.erb within layouts/application (Duration: 38.8ms | GC: 15.6ms)
  Rendered layout layouts/application.html.erb (Duration: 40.7ms | GC: 15.6ms)
Completed 200 OK in 83ms (Views: 39.6ms | ActiveRecord: 5.7ms (9 queries, 1 cached) | GC: 15.6ms)


Started GET "/games/16" for 127.0.0.1 at 2026-10-02 10:29:33 +0300
Processing by GamesController#show as HTML
  Parameters: {"id" => "16"}
  [1m[36mUser Load (0.7ms)[0m  [1m[34mSELECT "users".* FROM "users" WHERE "users"."id" = 5 LIMIT 1 /*action='show',application='UnoOnline',controller='games'*/[0m
  ↳ app/controllers/application_controller.rb:19:in 'ApplicationController#current_user'
  [1m[36mGame Load (0.8ms)[0m  [1m[34mSELECT "games".* FROM "games" WHERE "games"."id" = 16 LIMIT 1 /*action='show',application='UnoOnline',controller='games'*/[0m
  ↳ app/controllers/games_controller.rb:88:in 'GamesController#set_game'
  [1m[36mPlayer Exists? (0.8ms)[0m  [1m[34mSELECT 1 AS one FROM "players" WHERE "players"."game_id" = 16 AND "players"."user_id" = 5 LIMIT 1 /*action='show',application='UnoOnline',controller='games'*/[0m
  ↳ app/controllers/games_controller.rb:92:in 'GamesController#require_membership'
  [1m[36mPlayer Load (0.7ms)[0m  [1m[34mSELECT "players".* FROM "players" WHERE "players"."game_id" = 16 AND "players"."user_id" = 5 ORDER BY "players"."position" ASC LIMIT 1 /*action='show',application='UnoOnline',controller='games'*/[0m
  ↳ app/controllers/games_controller.rb:47:in 'GamesController#show'
  Rendering layout layouts/application.html.erb
  Rendering games/show.html.erb within layouts/application
  Rendered shared/_logo.html.erb (Duration: 0.1ms | GC: 0.0ms)
  Rendered shared/_status_badge.html.erb (Duration: 0.1ms | GC: 0.0ms)
  [1m[36mPlayer Count (0.9ms)[0m  [1m[34mSELECT COUNT(*) FROM "players" WHERE "players"."game_id" = 16 /*action='show',application='UnoOnline',controller='games'*/[0m
  ↳ app/views/games/show.html.erb:17
  [1m[36mPlayer Load (1.0ms)[0m  [1m[34mSELECT "players".* FROM "players" WHERE "players"."game_id" = 16 ORDER BY "players"."position" ASC /*action='show',application='UnoOnline',controller='games'*/[0m
  ↳ app/views/games/show.html.erb:31
  [1m[36mUser Load (0.8ms)[0m  [1m[34mSELECT "users".* FROM "users" WHERE "users"."id" = 1 LIMIT 1 /*action='show',application='UnoOnline',controller='games'*/[0m
  ↳ app/views/games/show.html.erb:34
  [1m[36mUser Load (0.8ms)[0m  [1m[34mSELECT "users".* FROM "users" WHERE "users"."id" = 4 LIMIT 1 /*action='show',application='UnoOnline',controller='games'*/[0m
  ↳ app/views/games/show.html.erb:34
  [1m[36mCACHE User Load (0.0ms)[0m  [1m[34mSELECT "users".* FROM "users" WHERE "users"."id" = 5 LIMIT 1[0m
  ↳ app/views/games/show.html.erb:34
  Rendered games/show.html.erb within layouts/application (Duration: 23.6ms | GC: 0.0ms)
  Rendered layout layouts/application.html.erb (Duration: 25.6ms | GC: 0.0ms)
Completed 200 OK in 69ms (Views: 23.7ms | ActiveRecord: 6.4ms (9 queries, 1 cached) | GC: 0.0ms)


Started GET "/games/16" for 127.0.0.1 at 2026-10-02 10:29:37 +0300
Processing by GamesController#show as HTML
  Parameters: {"id" => "16"}
  [1m[36mUser Load (0.7ms)[0m  [1m[34mSELECT "users".* FROM "users" WHERE "users"."id" = 5 LIMIT 1 /*action='show',application='UnoOnline',controller='games'*/[0m
  ↳ app/controllers/application_controller.rb:19:in 'ApplicationController#current_user'
  [1m[36mGame Load (0.7ms)[0m  [1m[34mSELECT "games".* FROM "games" WHERE "games"."id" = 16 LIMIT 1 /*action='show',application='UnoOnline',controller='games'*/[0m
  ↳ app/controllers/games_controller.rb:88:in 'GamesController#set_game'
  [1m[36mPlayer Exists? (0.6ms)[0m  [1m[34mSELECT 1 AS one FROM "players" WHERE "players"."game_id" = 16 AND "players"."user_id" = 5 LIMIT 1 /*action='show',application='UnoOnline',controller='games'*/[0m
  ↳ app/controllers/games_controller.rb:92:in 'GamesController#require_membership'
  [1m[36mPlayer Load (0.6ms)[0m  [1m[34mSELECT "players".* FROM "players" WHERE "players"."game_id" = 16 AND "players"."user_id" = 5 ORDER BY "players"."position" ASC LIMIT 1 /*action='show',application='UnoOnline',controller='games'*/[0m
  ↳ app/controllers/games_controller.rb:47:in 'GamesController#show'
  Rendering layout layouts/application.html.erb
  Rendering games/show.html.erb within layouts/application
  Rendered shared/_logo.html.erb (Duration: 0.1ms | GC: 0.0ms)
  Rendered shared/_status_badge.html.erb (Duration: 0.1ms | GC: 0.0ms)
  [1m[36mPlayer Count (0.6ms)[0m  [1m[34mSELECT COUNT(*) FROM "players" WHERE "players"."game_id" = 16 /*action='show',application='UnoOnline',controller='games'*/[0m
  ↳ app/views/games/show.html.erb:17
  [1m[36mPlayer Load (0.6ms)[0m  [1m[34mSELECT "players".* FROM "players" WHERE "players"."game_id" = 16 ORDER BY "players"."position" ASC /*action='show',application='UnoOnline',controller='games'*/[0m
  ↳ app/views/games/show.html.erb:31
  [1m[36mUser Load (0.5ms)[0m  [1m[34mSELECT "users".* FROM "users" WHERE "users"."id" = 1 LIMIT 1 /*action='show',application='UnoOnline',controller='games'*/[0m
  ↳ app/views/games/show.html.erb:34
  [1m[36mUser Load (0.5ms)[0m  [1m[34mSELECT "users".* FROM "users" WHERE "users"."id" = 4 LIMIT 1 /*action='show',application='UnoOnline',controller='games'*/[0m
  ↳ app/views/games/show.html.erb:34
  [1m[36mCACHE User Load (0.0ms)[0m  [1m[34mSELECT "users".* FROM "users" WHERE "users"."id" = 5 LIMIT 1[0m
  ↳ app/views/games/show.html.erb:34
  Rendered games/show.html.erb within layouts/application (Duration: 20.2ms | GC: 0.0ms)
  Rendered layout layouts/application.html.erb (Duration: 22.1ms | GC: 0.0ms)
Completed 200 OK in 65ms (Views: 21.5ms | ActiveRecord: 4.6ms (9 queries, 1 cached) | GC: 0.0ms)


Started GET "/games/16" for 127.0.0.1 at 2026-10-02 10:29:41 +0300
Processing by GamesController#show as HTML
  Parameters: {"id" => "16"}
  [1m[36mUser Load (0.7ms)[0m  [1m[34mSELECT "users".* FROM "users" WHERE "users"."id" = 5 LIMIT 1 /*action='show',application='UnoOnline',controller='games'*/[0m
  ↳ app/controllers/application_controller.rb:19:in 'ApplicationController#current_user'
  [1m[36mGame Load (0.8ms)[0m  [1m[34mSELECT "games".* FROM "games" WHERE "games"."id" = 16 LIMIT 1 /*action='show',application='UnoOnline',controller='games'*/[0m
  ↳ app/controllers/games_controller.rb:88:in 'GamesController#set_game'
  [1m[36mPlayer Exists? (0.6ms)[0m  [1m[34mSELECT 1 AS one FROM "players" WHERE "players"."game_id" = 16 AND "players"."user_id" = 5 LIMIT 1 /*action='show',application='UnoOnline',controller='games'*/[0m
  ↳ app/controllers/games_controller.rb:92:in 'GamesController#require_membership'
  [1m[36mPlayer Load (0.7ms)[0m  [1m[34mSELECT "players".* FROM "players" WHERE "players"."game_id" = 16 AND "players"."user_id" = 5 ORDER BY "players"."position" ASC LIMIT 1 /*action='show',application='UnoOnline',controller='games'*/[0m
  ↳ app/controllers/games_controller.rb:47:in 'GamesController#show'
  Rendering layout layouts/application.html.erb
  Rendering games/show.html.erb within layouts/application
  Rendered shared/_logo.html.erb (Duration: 0.1ms | GC: 0.0ms)
  Rendered shared/_status_badge.html.erb (Duration: 0.1ms | GC: 0.0ms)
  [1m[36mPlayer Count (0.6ms)[0m  [1m[34mSELECT COUNT(*) FROM "players" WHERE "players"."game_id" = 16 /*action='show',application='UnoOnline',controller='games'*/[0m
  ↳ app/views/games/show.html.erb:17
  [1m[36mPlayer Load (0.6ms)[0m  [1m[34mSELECT "players".* FROM "players" WHERE "players"."game_id" = 16 ORDER BY "players"."position" ASC /*action='show',application='UnoOnline',controller='games'*/[0m
  ↳ app/views/games/show.html.erb:31
  [1m[36mUser Load (0.5ms)[0m  [1m[34mSELECT "users".* FROM "users" WHERE "users"."id" = 1 LIMIT 1 /*action='show',application='UnoOnline',controller='games'*/[0m
  ↳ app/views/games/show.html.erb:34
  [1m[36mUser Load (0.5ms)[0m  [1m[34mSELECT "users".* FROM "users" WHERE "users"."id" = 4 LIMIT 1 /*action='show',application='UnoOnline',controller='games'*/[0m
  ↳ app/views/games/show.html.erb:34
  [1m[36mCACHE User Load (0.0ms)[0m  [1m[34mSELECT "users".* FROM "users" WHERE "users"."id" = 5 LIMIT 1[0m
  ↳ app/views/games/show.html.erb:34
  Rendered games/show.html.erb within layouts/application (Duration: 22.0ms | GC: 0.0ms)
  Rendered layout layouts/application.html.erb (Duration: 23.8ms | GC: 0.0ms)
Completed 200 OK in 69ms (Views: 23.1ms | ActiveRecord: 5.1ms (9 queries, 1 cached) | GC: 0.0ms)


Started GET "/games/16" for 127.0.0.1 at 2026-10-02 10:29:45 +0300
Processing by GamesController#show as HTML
  Parameters: {"id" => "16"}
  [1m[36mUser Load (0.8ms)[0m  [1m[34mSELECT "users".* FROM "users" WHERE "users"."id" = 5 LIMIT 1 /*action='show',application='UnoOnline',controller='games'*/[0m
  ↳ app/controllers/application_controller.rb:19:in 'ApplicationController#current_user'
  [1m[36mGame Load (0.6ms)[0m  [1m[34mSELECT "games".* FROM "games" WHERE "games"."id" = 16 LIMIT 1 /*action='show',application='UnoOnline',controller='games'*/[0m
  ↳ app/controllers/games_controller.rb:88:in 'GamesController#set_game'
  [1m[36mPlayer Exists? (0.6ms)[0m  [1m[34mSELECT 1 AS one FROM "players" WHERE "players"."game_id" = 16 AND "players"."user_id" = 5 LIMIT 1 /*action='show',application='UnoOnline',controller='games'*/[0m
  ↳ app/controllers/games_controller.rb:92:in 'GamesController#require_membership'
  [1m[36mPlayer Load (0.6ms)[0m  [1m[34mSELECT "players".* FROM "players" WHERE "players"."game_id" = 16 AND "players"."user_id" = 5 ORDER BY "players"."position" ASC LIMIT 1 /*action='show',application='UnoOnline',controller='games'*/[0m
  ↳ app/controllers/games_controller.rb:47:in 'GamesController#show'
  Rendering layout layouts/application.html.erb
  Rendering games/show.html.erb within layouts/application
  Rendered shared/_logo.html.erb (Duration: 0.1ms | GC: 0.0ms)
  Rendered shared/_status_badge.html.erb (Duration: 0.1ms | GC: 0.0ms)
  [1m[36mPlayer Count (0.6ms)[0m  [1m[34mSELECT COUNT(*) FROM "players" WHERE "players"."game_id" = 16 /*action='show',application='UnoOnline',controller='games'*/[0m
  ↳ app/views/games/show.html.erb:17
  [1m[36mPlayer Load (0.5ms)[0m  [1m[34mSELECT "players".* FROM "players" WHERE "players"."game_id" = 16 ORDER BY "players"."position" ASC /*action='show',application='UnoOnline',controller='games'*/[0m
  ↳ app/views/games/show.html.erb:31
  [1m[36mUser Load (0.5ms)[0m  [1m[34mSELECT "users".* FROM "users" WHERE "users"."id" = 1 LIMIT 1 /*action='show',application='UnoOnline',controller='games'*/[0m
  ↳ app/views/games/show.html.erb:34
  [1m[36mUser Load (0.5ms)[0m  [1m[34mSELECT "users".* FROM "users" WHERE "users"."id" = 4 LIMIT 1 /*action='show',application='UnoOnline',controller='games'*/[0m
  ↳ app/views/games/show.html.erb:34
  [1m[36mCACHE User Load (0.0ms)[0m  [1m[34mSELECT "users".* FROM "users" WHERE "users"."id" = 5 LIMIT 1[0m
  ↳ app/views/games/show.html.erb:34
  Rendered games/show.html.erb within layouts/application (Duration: 21.9ms | GC: 0.0ms)
  Rendered layout layouts/application.html.erb (Duration: 24.2ms | GC: 0.0ms)
Completed 200 OK in 64ms (Views: 23.4ms | ActiveRecord: 4.6ms (9 queries, 1 cached) | GC: 0.0ms)


Started GET "/games/16" for 127.0.0.1 at 2026-10-02 10:29:49 +0300
Processing by GamesController#show as HTML
  Parameters: {"id" => "16"}
  [1m[36mUser Load (1.0ms)[0m  [1m[34mSELECT "users".* FROM "users" WHERE "users"."id" = 5 LIMIT 1 /*action='show',application='UnoOnline',controller='games'*/[0m
  ↳ app/controllers/application_controller.rb:19:in 'ApplicationController#current_user'
  [1m[36mGame Load (0.9ms)[0m  [1m[34mSELECT "games".* FROM "games" WHERE "games"."id" = 16 LIMIT 1 /*action='show',application='UnoOnline',controller='games'*/[0m
  ↳ app/controllers/games_controller.rb:88:in 'GamesController#set_game'
  [1m[36mPlayer Exists? (0.9ms)[0m  [1m[34mSELECT 1 AS one FROM "players" WHERE "players"."game_id" = 16 AND "players"."user_id" = 5 LIMIT 1 /*action='show',application='UnoOnline',controller='games'*/[0m
  ↳ app/controllers/games_controller.rb:92:in 'GamesController#require_membership'
  [1m[36mPlayer Load (1.0ms)[0m  [1m[34mSELECT "players".* FROM "players" WHERE "players"."game_id" = 16 AND "players"."user_id" = 5 ORDER BY "players"."position" ASC LIMIT 1 /*action='show',application='UnoOnline',controller='games'*/[0m
  ↳ app/controllers/games_controller.rb:47:in 'GamesController#show'
  Rendering layout layouts/application.html.erb
  Rendering games/show.html.erb within layouts/application
  Rendered shared/_logo.html.erb (Duration: 0.1ms | GC: 0.0ms)
  Rendered shared/_status_badge.html.erb (Duration: 0.1ms | GC: 0.0ms)
  [1m[36mPlayer Count (0.9ms)[0m  [1m[34mSELECT COUNT(*) FROM "players" WHERE "players"."game_id" = 16 /*action='show',application='UnoOnline',controller='games'*/[0m
  ↳ app/views/games/show.html.erb:17
  [1m[36mPlayer Load (0.9ms)[0m  [1m[34mSELECT "players".* FROM "players" WHERE "players"."game_id" = 16 ORDER BY "players"."position" ASC /*action='show',application='UnoOnline',controller='games'*/[0m
  ↳ app/views/games/show.html.erb:31
  [1m[36mUser Load (0.9ms)[0m  [1m[34mSELECT "users".* FROM "users" WHERE "users"."id" = 1 LIMIT 1 /*action='show',application='UnoOnline',controller='games'*/[0m
  ↳ app/views/games/show.html.erb:34
  [1m[36mUser Load (0.6ms)[0m  [1m[34mSELECT "users".* FROM "users" WHERE "users"."id" = 4 LIMIT 1 /*action='show',application='UnoOnline',controller='games'*/[0m
  ↳ app/views/games/show.html.erb:34
  [1m[36mCACHE User Load (0.0ms)[0m  [1m[34mSELECT "users".* FROM "users" WHERE "users"."id" = 5 LIMIT 1[0m
  ↳ app/views/games/show.html.erb:34
  Rendered games/show.html.erb within layouts/application (Duration: 22.6ms | GC: 0.0ms)
  Rendered layout layouts/application.html.erb (Duration: 24.4ms | GC: 0.0ms)
Completed 200 OK in 66ms (Views: 22.6ms | ActiveRecord: 6.9ms (9 queries, 1 cached) | GC: 0.0ms)


Started GET "/games/16" for 127.0.0.1 at 2026-10-02 10:29:53 +0300
Processing by GamesController#show as HTML
  Parameters: {"id" => "16"}
  [1m[36mUser Load (0.8ms)[0m  [1m[34mSELECT "users".* FROM "users" WHERE "users"."id" = 5 LIMIT 1 /*action='show',application='UnoOnline',controller='games'*/[0m
  ↳ app/controllers/application_controller.rb:19:in 'ApplicationController#current_user'
  [1m[36mGame Load (0.7ms)[0m  [1m[34mSELECT "games".* FROM "games" WHERE "games"."id" = 16 LIMIT 1 /*action='show',application='UnoOnline',controller='games'*/[0m
  ↳ app/controllers/games_controller.rb:88:in 'GamesController#set_game'
  [1m[36mPlayer Exists? (0.6ms)[0m  [1m[34mSELECT 1 AS one FROM "players" WHERE "players"."game_id" = 16 AND "players"."user_id" = 5 LIMIT 1 /*action='show',application='UnoOnline',controller='games'*/[0m
  ↳ app/controllers/games_controller.rb:92:in 'GamesController#require_membership'
  [1m[36mPlayer Load (0.7ms)[0m  [1m[34mSELECT "players".* FROM "players" WHERE "players"."game_id" = 16 AND "players"."user_id" = 5 ORDER BY "players"."position" ASC LIMIT 1 /*action='show',application='UnoOnline',controller='games'*/[0m
  ↳ app/controllers/games_controller.rb:47:in 'GamesController#show'
  Rendering layout layouts/application.html.erb
  Rendering games/show.html.erb within layouts/application
  Rendered shared/_logo.html.erb (Duration: 0.1ms | GC: 0.0ms)
  Rendered shared/_status_badge.html.erb (Duration: 0.1ms | GC: 0.0ms)
  [1m[36mPlayer Count (0.6ms)[0m  [1m[34mSELECT COUNT(*) FROM "players" WHERE "players"."game_id" = 16 /*action='show',application='UnoOnline',controller='games'*/[0m
  ↳ app/views/games/show.html.erb:17
  [1m[36mPlayer Load (0.6ms)[0m  [1m[34mSELECT "players".* FROM "players" WHERE "players"."game_id" = 16 ORDER BY "players"."position" ASC /*action='show',application='UnoOnline',controller='games'*/[0m
  ↳ app/views/games/show.html.erb:31
  [1m[36mUser Load (0.5ms)[0m  [1m[34mSELECT "users".* FROM "users" WHERE "users"."id" = 1 LIMIT 1 /*action='show',application='UnoOnline',controller='games'*/[0m
  ↳ app/views/games/show.html.erb:34
  [1m[36mUser Load (0.6ms)[0m  [1m[34mSELECT "users".* FROM "users" WHERE "users"."id" = 4 LIMIT 1 /*action='show',application='UnoOnline',controller='games'*/[0m
  ↳ app/views/games/show.html.erb:34
  [1m[36mCACHE User Load (0.0ms)[0m  [1m[34mSELECT "users".* FROM "users" WHERE "users"."id" = 5 LIMIT 1[0m
  ↳ app/views/games/show.html.erb:34
  Rendered games/show.html.erb within layouts/application (Duration: 21.0ms | GC: 0.0ms)
  Rendered layout layouts/application.html.erb (Duration: 22.9ms | GC: 0.0ms)
Completed 200 OK in 68ms (Views: 22.2ms | ActiveRecord: 5.0ms (9 queries, 1 cached) | GC: 0.0ms)


Started GET "/games/16" for 127.0.0.1 at 2026-10-02 10:29:57 +0300
Processing by GamesController#show as HTML
  Parameters: {"id" => "16"}
  [1m[36mUser Load (0.7ms)[0m  [1m[34mSELECT "users".* FROM "users" WHERE "users"."id" = 5 LIMIT 1 /*action='show',application='UnoOnline',controller='games'*/[0m
  ↳ app/controllers/application_controller.rb:19:in 'ApplicationController#current_user'
  [1m[36mGame Load (0.6ms)[0m  [1m[34mSELECT "games".* FROM "games" WHERE "games"."id" = 16 LIMIT 1 /*action='show',application='UnoOnline',controller='games'*/[0m
  ↳ app/controllers/games_controller.rb:88:in 'GamesController#set_game'
  [1m[36mPlayer Exists? (0.7ms)[0m  [1m[34mSELECT 1 AS one FROM "players" WHERE "players"."game_id" = 16 AND "players"."user_id" = 5 LIMIT 1 /*action='show',application='UnoOnline',controller='games'*/[0m
  ↳ app/controllers/games_controller.rb:92:in 'GamesController#require_membership'
  [1m[36mPlayer Load (1.0ms)[0m  [1m[34mSELECT "players".* FROM "players" WHERE "players"."game_id" = 16 AND "players"."user_id" = 5 ORDER BY "players"."position" ASC LIMIT 1 /*action='show',application='UnoOnline',controller='games'*/[0m
  ↳ app/controllers/games_controller.rb:47:in 'GamesController#show'
  Rendering layout layouts/application.html.erb
  Rendering games/show.html.erb within layouts/application
  Rendered shared/_logo.html.erb (Duration: 0.1ms | GC: 0.0ms)
  Rendered shared/_status_badge.html.erb (Duration: 0.1ms | GC: 0.0ms)
  [1m[36mPlayer Count (0.6ms)[0m  [1m[34mSELECT COUNT(*) FROM "players" WHERE "players"."game_id" = 16 /*action='show',application='UnoOnline',controller='games'*/[0m
  ↳ app/views/games/show.html.erb:17
  [1m[36mPlayer Load (0.7ms)[0m  [1m[34mSELECT "players".* FROM "players" WHERE "players"."game_id" = 16 ORDER BY "players"."position" ASC /*action='show',application='UnoOnline',controller='games'*/[0m
  ↳ app/views/games/show.html.erb:31
  [1m[36mUser Load (0.7ms)[0m  [1m[34mSELECT "users".* FROM "users" WHERE "users"."id" = 1 LIMIT 1 /*action='show',application='UnoOnline',controller='games'*/[0m
  ↳ app/views/games/show.html.erb:34
  [1m[36mUser Load (0.6ms)[0m  [1m[34mSELECT "users".* FROM "users" WHERE "users"."id" = 4 LIMIT 1 /*action='show',application='UnoOnline',controller='games'*/[0m
  ↳ app/views/games/show.html.erb:34
  [1m[36mCACHE User Load (0.0ms)[0m  [1m[34mSELECT "users".* FROM "users" WHERE "users"."id" = 5 LIMIT 1[0m
  ↳ app/views/games/show.html.erb:34
  Rendered games/show.html.erb within layouts/application (Duration: 19.5ms | GC: 0.0ms)
  Rendered layout layouts/application.html.erb (Duration: 21.8ms | GC: 0.0ms)
Completed 200 OK in 63ms (Views: 20.5ms | ActiveRecord: 5.5ms (9 queries, 1 cached) | GC: 0.0ms)


Started GET "/games/16" for 127.0.0.1 at 2026-10-02 10:30:01 +0300
Processing by GamesController#show as HTML
  Parameters: {"id" => "16"}
  [1m[36mUser Load (0.7ms)[0m  [1m[34mSELECT "users".* FROM "users" WHERE "users"."id" = 5 LIMIT 1 /*action='show',application='UnoOnline',controller='games'*/[0m
  ↳ app/controllers/application_controller.rb:19:in 'ApplicationController#current_user'
  [1m[36mGame Load (0.6ms)[0m  [1m[34mSELECT "games".* FROM "games" WHERE "games"."id" = 16 LIMIT 1 /*action='show',application='UnoOnline',controller='games'*/[0m
  ↳ app/controllers/games_controller.rb:88:in 'GamesController#set_game'
  [1m[36mPlayer Exists? (0.8ms)[0m  [1m[34mSELECT 1 AS one FROM "players" WHERE "players"."game_id" = 16 AND "players"."user_id" = 5 LIMIT 1 /*action='show',application='UnoOnline',controller='games'*/[0m
  ↳ app/controllers/games_controller.rb:92:in 'GamesController#require_membership'
  [1m[36mPlayer Load (0.6ms)[0m  [1m[34mSELECT "players".* FROM "players" WHERE "players"."game_id" = 16 AND "players"."user_id" = 5 ORDER BY "players"."position" ASC LIMIT 1 /*action='show',application='UnoOnline',controller='games'*/[0m
  ↳ app/controllers/games_controller.rb:47:in 'GamesController#show'
  Rendering layout layouts/application.html.erb
  Rendering games/show.html.erb within layouts/application
  Rendered shared/_logo.html.erb (Duration: 0.1ms | GC: 0.0ms)
  Rendered shared/_status_badge.html.erb (Duration: 0.1ms | GC: 0.0ms)
  [1m[36mPlayer Count (0.5ms)[0m  [1m[34mSELECT COUNT(*) FROM "players" WHERE "players"."game_id" = 16 /*action='show',application='UnoOnline',controller='games'*/[0m
  ↳ app/views/games/show.html.erb:17
  [1m[36mPlayer Load (0.9ms)[0m  [1m[34mSELECT "players".* FROM "players" WHERE "players"."game_id" = 16 ORDER BY "players"."position" ASC /*action='show',application='UnoOnline',controller='games'*/[0m
  ↳ app/views/games/show.html.erb:31
  [1m[36mUser Load (0.7ms)[0m  [1m[34mSELECT "users".* FROM "users" WHERE "users"."id" = 1 LIMIT 1 /*action='show',application='UnoOnline',controller='games'*/[0m
  ↳ app/views/games/show.html.erb:34
  [1m[36mUser Load (0.5ms)[0m  [1m[34mSELECT "users".* FROM "users" WHERE "users"."id" = 4 LIMIT 1 /*action='show',application='UnoOnline',controller='games'*/[0m
  ↳ app/views/games/show.html.erb:34
  [1m[36mCACHE User Load (0.0ms)[0m  [1m[34mSELECT "users".* FROM "users" WHERE "users"."id" = 5 LIMIT 1[0m
  ↳ app/views/games/show.html.erb:34
  Rendered games/show.html.erb within layouts/application (Duration: 19.7ms | GC: 0.0ms)
  Rendered layout layouts/application.html.erb (Duration: 21.5ms | GC: 0.0ms)
Completed 200 OK in 60ms (Views: 20.3ms | ActiveRecord: 5.2ms (9 queries, 1 cached) | GC: 0.0ms)


Started GET "/games/16" for 127.0.0.1 at 2026-10-02 10:30:05 +0300
Processing by GamesController#show as HTML
  Parameters: {"id" => "16"}
  [1m[36mUser Load (0.8ms)[0m  [1m[34mSELECT "users".* FROM "users" WHERE "users"."id" = 5 LIMIT 1 /*action='show',application='UnoOnline',controller='games'*/[0m
  ↳ app/controllers/application_controller.rb:19:in 'ApplicationController#current_user'
  [1m[36mGame Load (0.6ms)[0m  [1m[34mSELECT "games".* FROM "games" WHERE "games"."id" = 16 LIMIT 1 /*action='show',application='UnoOnline',controller='games'*/[0m
  ↳ app/controllers/games_controller.rb:88:in 'GamesController#set_game'
  [1m[36mPlayer Exists? (0.7ms)[0m  [1m[34mSELECT 1 AS one FROM "players" WHERE "players"."game_id" = 16 AND "players"."user_id" = 5 LIMIT 1 /*action='show',application='UnoOnline',controller='games'*/[0m
  ↳ app/controllers/games_controller.rb:92:in 'GamesController#require_membership'
  [1m[36mPlayer Load (0.8ms)[0m  [1m[34mSELECT "players".* FROM "players" WHERE "players"."game_id" = 16 AND "players"."user_id" = 5 ORDER BY "players"."position" ASC LIMIT 1 /*action='show',application='UnoOnline',controller='games'*/[0m
  ↳ app/controllers/games_controller.rb:47:in 'GamesController#show'
  Rendering layout layouts/application.html.erb
  Rendering games/show.html.erb within layouts/application
  Rendered shared/_logo.html.erb (Duration: 0.1ms | GC: 0.0ms)
  Rendered shared/_status_badge.html.erb (Duration: 0.1ms | GC: 0.0ms)
  [1m[36mPlayer Count (0.6ms)[0m  [1m[34mSELECT COUNT(*) FROM "players" WHERE "players"."game_id" = 16 /*action='show',application='UnoOnline',controller='games'*/[0m
  ↳ app/views/games/show.html.erb:17
  [1m[36mPlayer Load (0.6ms)[0m  [1m[34mSELECT "players".* FROM "players" WHERE "players"."game_id" = 16 ORDER BY "players"."position" ASC /*action='show',application='UnoOnline',controller='games'*/[0m
  ↳ app/views/games/show.html.erb:31
  [1m[36mUser Load (0.5ms)[0m  [1m[34mSELECT "users".* FROM "users" WHERE "users"."id" = 1 LIMIT 1 /*action='show',application='UnoOnline',controller='games'*/[0m
  ↳ app/views/games/show.html.erb:34
  [1m[36mUser Load (0.5ms)[0m  [1m[34mSELECT "users".* FROM "users" WHERE "users"."id" = 4 LIMIT 1 /*action='show',application='UnoOnline',controller='games'*/[0m
  ↳ app/views/games/show.html.erb:34
  [1m[36mCACHE User Load (0.0ms)[0m  [1m[34mSELECT "users".* FROM "users" WHERE "users"."id" = 5 LIMIT 1[0m
  ↳ app/views/games/show.html.erb:34
  Rendered games/show.html.erb within layouts/application (Duration: 20.2ms | GC: 0.0ms)
  Rendered layout layouts/application.html.erb (Duration: 22.1ms | GC: 0.0ms)
Completed 200 OK in 64ms (Views: 21.3ms | ActiveRecord: 5.1ms (9 queries, 1 cached) | GC: 0.0ms)


Started GET "/games/16" for 127.0.0.1 at 2026-10-02 10:30:09 +0300
Processing by GamesController#show as HTML
  Parameters: {"id" => "16"}
  [1m[36mUser Load (0.7ms)[0m  [1m[34mSELECT "users".* FROM "users" WHERE "users"."id" = 5 LIMIT 1 /*action='show',application='UnoOnline',controller='games'*/[0m
  ↳ app/controllers/application_controller.rb:19:in 'ApplicationController#current_user'
  [1m[36mGame Load (0.8ms)[0m  [1m[34mSELECT "games".* FROM "games" WHERE "games"."id" = 16 LIMIT 1 /*action='show',application='UnoOnline',controller='games'*/[0m
  ↳ app/controllers/games_controller.rb:88:in 'GamesController#set_game'
  [1m[36mPlayer Exists? (0.6ms)[0m  [1m[34mSELECT 1 AS one FROM "players" WHERE "players"."game_id" = 16 AND "players"."user_id" = 5 LIMIT 1 /*action='show',application='UnoOnline',controller='games'*/[0m
  ↳ app/controllers/games_controller.rb:92:in 'GamesController#require_membership'
  [1m[36mPlayer Load (1.0ms)[0m  [1m[34mSELECT "players".* FROM "players" WHERE "players"."game_id" = 16 AND "players"."user_id" = 5 ORDER BY "players"."position" ASC LIMIT 1 /*action='show',application='UnoOnline',controller='games'*/[0m
  ↳ app/controllers/games_controller.rb:47:in 'GamesController#show'
  Rendering layout layouts/application.html.erb
  Rendering games/show.html.erb within layouts/application
  Rendered shared/_logo.html.erb (Duration: 0.1ms | GC: 0.0ms)
  Rendered shared/_status_badge.html.erb (Duration: 0.1ms | GC: 0.0ms)
  [1m[36mPlayer Count (0.6ms)[0m  [1m[34mSELECT COUNT(*) FROM "players" WHERE "players"."game_id" = 16 /*action='show',application='UnoOnline',controller='games'*/[0m
  ↳ app/views/games/show.html.erb:17
  [1m[36mPlayer Load (0.8ms)[0m  [1m[34mSELECT "players".* FROM "players" WHERE "players"."game_id" = 16 ORDER BY "players"."position" ASC /*action='show',application='UnoOnline',controller='games'*/[0m
  ↳ app/views/games/show.html.erb:31
  [1m[36mUser Load (0.5ms)[0m  [1m[34mSELECT "users".* FROM "users" WHERE "users"."id" = 1 LIMIT 1 /*action='show',application='UnoOnline',controller='games'*/[0m
  ↳ app/views/games/show.html.erb:34
  [1m[36mUser Load (0.5ms)[0m  [1m[34mSELECT "users".* FROM "users" WHERE "users"."id" = 4 LIMIT 1 /*action='show',application='UnoOnline',controller='games'*/[0m
  ↳ app/views/games/show.html.erb:34
  [1m[36mCACHE User Load (0.0ms)[0m  [1m[34mSELECT "users".* FROM "users" WHERE "users"."id" = 5 LIMIT 1[0m
  ↳ app/views/games/show.html.erb:34
  Rendered games/show.html.erb within layouts/application (Duration: 20.2ms | GC: 0.0ms)
  Rendered layout layouts/application.html.erb (Duration: 22.1ms | GC: 0.0ms)
Completed 200 OK in 63ms (Views: 21.3ms | ActiveRecord: 5.4ms (9 queries, 1 cached) | GC: 0.0ms)


Started GET "/games/16" for 127.0.0.1 at 2026-10-02 10:30:13 +0300
Processing by GamesController#show as HTML
  Parameters: {"id" => "16"}
  [1m[36mUser Load (0.7ms)[0m  [1m[34mSELECT "users".* FROM "users" WHERE "users"."id" = 5 LIMIT 1 /*action='show',application='UnoOnline',controller='games'*/[0m
  ↳ app/controllers/application_controller.rb:19:in 'ApplicationController#current_user'
  [1m[36mGame Load (0.9ms)[0m  [1m[34mSELECT "games".* FROM "games" WHERE "games"."id" = 16 LIMIT 1 /*action='show',application='UnoOnline',controller='games'*/[0m
  ↳ app/controllers/games_controller.rb:88:in 'GamesController#set_game'
  [1m[36mPlayer Exists? (0.6ms)[0m  [1m[34mSELECT 1 AS one FROM "players" WHERE "players"."game_id" = 16 AND "players"."user_id" = 5 LIMIT 1 /*action='show',application='UnoOnline',controller='games'*/[0m
  ↳ app/controllers/games_controller.rb:92:in 'GamesController#require_membership'
  [1m[36mPlayer Load (0.7ms)[0m  [1m[34mSELECT "players".* FROM "players" WHERE "players"."game_id" = 16 AND "players"."user_id" = 5 ORDER BY "players"."position" ASC LIMIT 1 /*action='show',application='UnoOnline',controller='games'*/[0m
  ↳ app/controllers/games_controller.rb:47:in 'GamesController#show'
  Rendering layout layouts/application.html.erb
  Rendering games/show.html.erb within layouts/application
  Rendered shared/_logo.html.erb (Duration: 0.1ms | GC: 0.0ms)
  Rendered shared/_status_badge.html.erb (Duration: 0.1ms | GC: 0.0ms)
  [1m[36mPlayer Count (0.6ms)[0m  [1m[34mSELECT COUNT(*) FROM "players" WHERE "players"."game_id" = 16 /*action='show',application='UnoOnline',controller='games'*/[0m
  ↳ app/views/games/show.html.erb:17
  [1m[36mPlayer Load (0.6ms)[0m  [1m[34mSELECT "players".* FROM "players" WHERE "players"."game_id" = 16 ORDER BY "players"."position" ASC /*action='show',application='UnoOnline',controller='games'*/[0m
  ↳ app/views/games/show.html.erb:31
  [1m[36mUser Load (0.5ms)[0m  [1m[34mSELECT "users".* FROM "users" WHERE "users"."id" = 1 LIMIT 1 /*action='show',application='UnoOnline',controller='games'*/[0m
  ↳ app/views/games/show.html.erb:34
  [1m[36mUser Load (0.5ms)[0m  [1m[34mSELECT "users".* FROM "users" WHERE "users"."id" = 4 LIMIT 1 /*action='show',application='UnoOnline',controller='games'*/[0m
  ↳ app/views/games/show.html.erb:34
  [1m[36mCACHE User Load (0.0ms)[0m  [1m[34mSELECT "users".* FROM "users" WHERE "users"."id" = 5 LIMIT 1[0m
  ↳ app/views/games/show.html.erb:34
  Rendered games/show.html.erb within layouts/application (Duration: 19.9ms | GC: 0.0ms)
  Rendered layout layouts/application.html.erb (Duration: 21.8ms | GC: 0.0ms)
Completed 200 OK in 63ms (Views: 20.9ms | ActiveRecord: 5.1ms (9 queries, 1 cached) | GC: 0.0ms)


Started GET "/games/16" for 127.0.0.1 at 2026-10-02 10:30:17 +0300
Processing by GamesController#show as HTML
  Parameters: {"id" => "16"}
  [1m[36mUser Load (0.9ms)[0m  [1m[34mSELECT "users".* FROM "users" WHERE "users"."id" = 5 LIMIT 1 /*action='show',application='UnoOnline',controller='games'*/[0m
  ↳ app/controllers/application_controller.rb:19:in 'ApplicationController#current_user'
  [1m[36mGame Load (0.6ms)[0m  [1m[34mSELECT "games".* FROM "games" WHERE "games"."id" = 16 LIMIT 1 /*action='show',application='UnoOnline',controller='games'*/[0m
  ↳ app/controllers/games_controller.rb:88:in 'GamesController#set_game'
  [1m[36mPlayer Exists? (0.6ms)[0m  [1m[34mSELECT 1 AS one FROM "players" WHERE "players"."game_id" = 16 AND "players"."user_id" = 5 LIMIT 1 /*action='show',application='UnoOnline',controller='games'*/[0m
  ↳ app/controllers/games_controller.rb:92:in 'GamesController#require_membership'
  [1m[36mPlayer Load (1.0ms)[0m  [1m[34mSELECT "players".* FROM "players" WHERE "players"."game_id" = 16 AND "players"."user_id" = 5 ORDER BY "players"."position" ASC LIMIT 1 /*action='show',application='UnoOnline',controller='games'*/[0m
  ↳ app/controllers/games_controller.rb:47:in 'GamesController#show'
  Rendering layout layouts/application.html.erb
  Rendering games/show.html.erb within layouts/application
  Rendered shared/_logo.html.erb (Duration: 0.1ms | GC: 0.0ms)
  Rendered shared/_status_badge.html.erb (Duration: 0.1ms | GC: 0.0ms)
  [1m[36mPlayer Count (0.7ms)[0m  [1m[34mSELECT COUNT(*) FROM "players" WHERE "players"."game_id" = 16 /*action='show',application='UnoOnline',controller='games'*/[0m
  ↳ app/views/games/show.html.erb:17
  [1m[36mPlayer Load (0.6ms)[0m  [1m[34mSELECT "players".* FROM "players" WHERE "players"."game_id" = 16 ORDER BY "players"."position" ASC /*action='show',application='UnoOnline',controller='games'*/[0m
  ↳ app/views/games/show.html.erb:31
  [1m[36mUser Load (0.5ms)[0m  [1m[34mSELECT "users".* FROM "users" WHERE "users"."id" = 1 LIMIT 1 /*action='show',application='UnoOnline',controller='games'*/[0m
  ↳ app/views/games/show.html.erb:34
  [1m[36mUser Load (0.5ms)[0m  [1m[34mSELECT "users".* FROM "users" WHERE "users"."id" = 4 LIMIT 1 /*action='show',application='UnoOnline',controller='games'*/[0m
  ↳ app/views/games/show.html.erb:34
  [1m[36mCACHE User Load (0.0ms)[0m  [1m[34mSELECT "users".* FROM "users" WHERE "users"."id" = 5 LIMIT 1[0m
  ↳ app/views/games/show.html.erb:34
  Rendered games/show.html.erb within layouts/application (Duration: 19.4ms | GC: 0.0ms)
  Rendered layout layouts/application.html.erb (Duration: 21.2ms | GC: 0.0ms)
Completed 200 OK in 66ms (Views: 21.0ms | ActiveRecord: 5.3ms (9 queries, 1 cached) | GC: 0.0ms)


Started GET "/games/16" for 127.0.0.1 at 2026-10-02 10:30:21 +0300
Processing by GamesController#show as HTML
  Parameters: {"id" => "16"}
  [1m[36mUser Load (0.7ms)[0m  [1m[34mSELECT "users".* FROM "users" WHERE "users"."id" = 5 LIMIT 1 /*action='show',application='UnoOnline',controller='games'*/[0m
  ↳ app/controllers/application_controller.rb:19:in 'ApplicationController#current_user'
  [1m[36mGame Load (0.9ms)[0m  [1m[34mSELECT "games".* FROM "games" WHERE "games"."id" = 16 LIMIT 1 /*action='show',application='UnoOnline',controller='games'*/[0m
  ↳ app/controllers/games_controller.rb:88:in 'GamesController#set_game'
  [1m[36mPlayer Exists? (0.9ms)[0m  [1m[34mSELECT 1 AS one FROM "players" WHERE "players"."game_id" = 16 AND "players"."user_id" = 5 LIMIT 1 /*action='show',application='UnoOnline',controller='games'*/[0m
  ↳ app/controllers/games_controller.rb:92:in 'GamesController#require_membership'
  [1m[36mPlayer Load (0.9ms)[0m  [1m[34mSELECT "players".* FROM "players" WHERE "players"."game_id" = 16 AND "players"."user_id" = 5 ORDER BY "players"."position" ASC LIMIT 1 /*action='show',application='UnoOnline',controller='games'*/[0m
  ↳ app/controllers/games_controller.rb:47:in 'GamesController#show'
  Rendering layout layouts/application.html.erb
  Rendering games/show.html.erb within layouts/application
  Rendered shared/_logo.html.erb (Duration: 0.1ms | GC: 0.0ms)
  Rendered shared/_status_badge.html.erb (Duration: 0.1ms | GC: 0.0ms)
  [1m[36mPlayer Count (0.6ms)[0m  [1m[34mSELECT COUNT(*) FROM "players" WHERE "players"."game_id" = 16 /*action='show',application='UnoOnline',controller='games'*/[0m
  ↳ app/views/games/show.html.erb:17
  [1m[36mPlayer Load (0.5ms)[0m  [1m[34mSELECT "players".* FROM "players" WHERE "players"."game_id" = 16 ORDER BY "players"."position" ASC /*action='show',application='UnoOnline',controller='games'*/[0m
  ↳ app/views/games/show.html.erb:31
  [1m[36mUser Load (0.5ms)[0m  [1m[34mSELECT "users".* FROM "users" WHERE "users"."id" = 1 LIMIT 1 /*action='show',application='UnoOnline',controller='games'*/[0m
  ↳ app/views/games/show.html.erb:34
  [1m[36mUser Load (0.5ms)[0m  [1m[34mSELECT "users".* FROM "users" WHERE "users"."id" = 4 LIMIT 1 /*action='show',application='UnoOnline',controller='games'*/[0m
  ↳ app/views/games/show.html.erb:34
  [1m[36mCACHE User Load (0.0ms)[0m  [1m[34mSELECT "users".* FROM "users" WHERE "users"."id" = 5 LIMIT 1[0m
  ↳ app/views/games/show.html.erb:34
  Rendered games/show.html.erb within layouts/application (Duration: 19.2ms | GC: 0.0ms)
  Rendered layout layouts/application.html.erb (Duration: 21.0ms | GC: 0.0ms)
Completed 200 OK in 60ms (Views: 20.1ms | ActiveRecord: 5.5ms (9 queries, 1 cached) | GC: 0.0ms)


Started GET "/games/16" for 127.0.0.1 at 2026-10-02 10:30:25 +0300
Processing by GamesController#show as HTML
  Parameters: {"id" => "16"}
  [1m[36mUser Load (0.8ms)[0m  [1m[34mSELECT "users".* FROM "users" WHERE "users"."id" = 5 LIMIT 1 /*action='show',application='UnoOnline',controller='games'*/[0m
  ↳ app/controllers/application_controller.rb:19:in 'ApplicationController#current_user'
  [1m[36mGame Load (0.8ms)[0m  [1m[34mSELECT "games".* FROM "games" WHERE "games"."id" = 16 LIMIT 1 /*action='show',application='UnoOnline',controller='games'*/[0m
  ↳ app/controllers/games_controller.rb:88:in 'GamesController#set_game'
  [1m[36mPlayer Exists? (0.8ms)[0m  [1m[34mSELECT 1 AS one FROM "players" WHERE "players"."game_id" = 16 AND "players"."user_id" = 5 LIMIT 1 /*action='show',application='UnoOnline',controller='games'*/[0m
  ↳ app/controllers/games_controller.rb:92:in 'GamesController#require_membership'
  [1m[36mPlayer Load (0.7ms)[0m  [1m[34mSELECT "players".* FROM "players" WHERE "players"."game_id" = 16 AND "players"."user_id" = 5 ORDER BY "players"."position" ASC LIMIT 1 /*action='show',application='UnoOnline',controller='games'*/[0m
  ↳ app/controllers/games_controller.rb:47:in 'GamesController#show'
  Rendering layout layouts/application.html.erb
  Rendering games/show.html.erb within layouts/application
  Rendered shared/_logo.html.erb (Duration: 0.1ms | GC: 0.0ms)
  Rendered shared/_status_badge.html.erb (Duration: 0.1ms | GC: 0.0ms)
  [1m[36mPlayer Count (0.6ms)[0m  [1m[34mSELECT COUNT(*) FROM "players" WHERE "players"."game_id" = 16 /*action='show',application='UnoOnline',controller='games'*/[0m
  ↳ app/views/games/show.html.erb:17
  [1m[36mPlayer Load (0.9ms)[0m  [1m[34mSELECT "players".* FROM "players" WHERE "players"."game_id" = 16 ORDER BY "players"."position" ASC /*action='show',application='UnoOnline',controller='games'*/[0m
  ↳ app/views/games/show.html.erb:31
  [1m[36mUser Load (0.5ms)[0m  [1m[34mSELECT "users".* FROM "users" WHERE "users"."id" = 1 LIMIT 1 /*action='show',application='UnoOnline',controller='games'*/[0m
  ↳ app/views/games/show.html.erb:34
  [1m[36mUser Load (0.5ms)[0m  [1m[34mSELECT "users".* FROM "users" WHERE "users"."id" = 4 LIMIT 1 /*action='show',application='UnoOnline',controller='games'*/[0m
  ↳ app/views/games/show.html.erb:34
  [1m[36mCACHE User Load (0.0ms)[0m  [1m[34mSELECT "users".* FROM "users" WHERE "users"."id" = 5 LIMIT 1[0m
  ↳ app/views/games/show.html.erb:34
  Rendered games/show.html.erb within layouts/application (Duration: 19.6ms | GC: 0.0ms)
  Rendered layout layouts/application.html.erb (Duration: 21.4ms | GC: 0.0ms)
Completed 200 OK in 63ms (Views: 20.4ms | ActiveRecord: 5.5ms (9 queries, 1 cached) | GC: 0.0ms)


Started GET "/games/16" for 127.0.0.1 at 2026-10-02 10:30:29 +0300
Processing by GamesController#show as HTML
  Parameters: {"id" => "16"}
  [1m[36mUser Load (0.7ms)[0m  [1m[34mSELECT "users".* FROM "users" WHERE "users"."id" = 5 LIMIT 1 /*action='show',application='UnoOnline',controller='games'*/[0m
  ↳ app/controllers/application_controller.rb:19:in 'ApplicationController#current_user'
  [1m[36mGame Load (0.6ms)[0m  [1m[34mSELECT "games".* FROM "games" WHERE "games"."id" = 16 LIMIT 1 /*action='show',application='UnoOnline',controller='games'*/[0m
  ↳ app/controllers/games_controller.rb:88:in 'GamesController#set_game'
  [1m[36mPlayer Exists? (1.0ms)[0m  [1m[34mSELECT 1 AS one FROM "players" WHERE "players"."game_id" = 16 AND "players"."user_id" = 5 LIMIT 1 /*action='show',application='UnoOnline',controller='games'*/[0m
  ↳ app/controllers/games_controller.rb:92:in 'GamesController#require_membership'
  [1m[36mPlayer Load (0.9ms)[0m  [1m[34mSELECT "players".* FROM "players" WHERE "players"."game_id" = 16 AND "players"."user_id" = 5 ORDER BY "players"."position" ASC LIMIT 1 /*action='show',application='UnoOnline',controller='games'*/[0m
  ↳ app/controllers/games_controller.rb:47:in 'GamesController#show'
  Rendering layout layouts/application.html.erb
  Rendering games/show.html.erb within layouts/application
  Rendered shared/_logo.html.erb (Duration: 0.1ms | GC: 0.0ms)
  Rendered shared/_status_badge.html.erb (Duration: 0.1ms | GC: 0.0ms)
  [1m[36mPlayer Count (0.8ms)[0m  [1m[34mSELECT COUNT(*) FROM "players" WHERE "players"."game_id" = 16 /*action='show',application='UnoOnline',controller='games'*/[0m
  ↳ app/views/games/show.html.erb:17
  [1m[36mPlayer Load (0.8ms)[0m  [1m[34mSELECT "players".* FROM "players" WHERE "players"."game_id" = 16 ORDER BY "players"."position" ASC /*action='show',application='UnoOnline',controller='games'*/[0m
  ↳ app/views/games/show.html.erb:31
  [1m[36mUser Load (0.5ms)[0m  [1m[34mSELECT "users".* FROM "users" WHERE "users"."id" = 1 LIMIT 1 /*action='show',application='UnoOnline',controller='games'*/[0m
  ↳ app/views/games/show.html.erb:34
  [1m[36mUser Load (0.5ms)[0m  [1m[34mSELECT "users".* FROM "users" WHERE "users"."id" = 4 LIMIT 1 /*action='show',application='UnoOnline',controller='games'*/[0m
  ↳ app/views/games/show.html.erb:34
  [1m[36mCACHE User Load (0.0ms)[0m  [1m[34mSELECT "users".* FROM "users" WHERE "users"."id" = 5 LIMIT 1[0m
  ↳ app/views/games/show.html.erb:34
  Rendered games/show.html.erb within layouts/application (Duration: 19.2ms | GC: 0.0ms)
  Rendered layout layouts/application.html.erb (Duration: 21.0ms | GC: 0.0ms)
Completed 200 OK in 62ms (Views: 19.8ms | ActiveRecord: 5.7ms (9 queries, 1 cached) | GC: 0.0ms)


Started GET "/games/16" for 127.0.0.1 at 2026-10-02 10:30:33 +0300
Processing by GamesController#show as HTML
  Parameters: {"id" => "16"}
  [1m[36mUser Load (1.0ms)[0m  [1m[34mSELECT "users".* FROM "users" WHERE "users"."id" = 5 LIMIT 1 /*action='show',application='UnoOnline',controller='games'*/[0m
  ↳ app/controllers/application_controller.rb:19:in 'ApplicationController#current_user'
  [1m[36mGame Load (0.6ms)[0m  [1m[34mSELECT "games".* FROM "games" WHERE "games"."id" = 16 LIMIT 1 /*action='show',application='UnoOnline',controller='games'*/[0m
  ↳ app/controllers/games_controller.rb:88:in 'GamesController#set_game'
  [1m[36mPlayer Exists? (0.7ms)[0m  [1m[34mSELECT 1 AS one FROM "players" WHERE "players"."game_id" = 16 AND "players"."user_id" = 5 LIMIT 1 /*action='show',application='UnoOnline',controller='games'*/[0m
  ↳ app/controllers/games_controller.rb:92:in 'GamesController#require_membership'
  [1m[36mPlayer Load (1.0ms)[0m  [1m[34mSELECT "players".* FROM "players" WHERE "players"."game_id" = 16 AND "players"."user_id" = 5 ORDER BY "players"."position" ASC LIMIT 1 /*action='show',application='UnoOnline',controller='games'*/[0m
  ↳ app/controllers/games_controller.rb:47:in 'GamesController#show'
  Rendering layout layouts/application.html.erb
  Rendering games/show.html.erb within layouts/application
  Rendered shared/_logo.html.erb (Duration: 0.1ms | GC: 0.0ms)
  Rendered shared/_status_badge.html.erb (Duration: 0.1ms | GC: 0.0ms)
  [1m[36mPlayer Count (0.8ms)[0m  [1m[34mSELECT COUNT(*) FROM "players" WHERE "players"."game_id" = 16 /*action='show',application='UnoOnline',controller='games'*/[0m
  ↳ app/views/games/show.html.erb:17
  [1m[36mPlayer Load (0.6ms)[0m  [1m[34mSELECT "players".* FROM "players" WHERE "players"."game_id" = 16 ORDER BY "players"."position" ASC /*action='show',application='UnoOnline',controller='games'*/[0m
  ↳ app/views/games/show.html.erb:31
  [1m[36mUser Load (0.5ms)[0m  [1m[34mSELECT "users".* FROM "users" WHERE "users"."id" = 1 LIMIT 1 /*action='show',application='UnoOnline',controller='games'*/[0m
  ↳ app/views/games/show.html.erb:34
  [1m[36mUser Load (0.5ms)[0m  [1m[34mSELECT "users".* FROM "users" WHERE "users"."id" = 4 LIMIT 1 /*action='show',application='UnoOnline',controller='games'*/[0m
  ↳ app/views/games/show.html.erb:34
  [1m[36mCACHE User Load (0.0ms)[0m  [1m[34mSELECT "users".* FROM "users" WHERE "users"."id" = 5 LIMIT 1[0m
  ↳ app/views/games/show.html.erb:34
  Rendered games/show.html.erb within layouts/application (Duration: 19.2ms | GC: 0.0ms)
  Rendered layout layouts/application.html.erb (Duration: 20.9ms | GC: 0.0ms)
Completed 200 OK in 62ms (Views: 19.8ms | ActiveRecord: 5.6ms (9 queries, 1 cached) | GC: 0.0ms)


Started GET "/games/16" for 127.0.0.1 at 2026-10-02 10:30:37 +0300
Processing by GamesController#show as HTML
  Parameters: {"id" => "16"}
  [1m[36mUser Load (0.9ms)[0m  [1m[34mSELECT "users".* FROM "users" WHERE "users"."id" = 5 LIMIT 1 /*action='show',application='UnoOnline',controller='games'*/[0m
  ↳ app/controllers/application_controller.rb:19:in 'ApplicationController#current_user'
  [1m[36mGame Load (0.8ms)[0m  [1m[34mSELECT "games".* FROM "games" WHERE "games"."id" = 16 LIMIT 1 /*action='show',application='UnoOnline',controller='games'*/[0m
  ↳ app/controllers/games_controller.rb:88:in 'GamesController#set_game'
  [1m[36mPlayer Exists? (0.5ms)[0m  [1m[34mSELECT 1 AS one FROM "players" WHERE "players"."game_id" = 16 AND "players"."user_id" = 5 LIMIT 1 /*action='show',application='UnoOnline',controller='games'*/[0m
  ↳ app/controllers/games_controller.rb:92:in 'GamesController#require_membership'
  [1m[36mPlayer Load (0.6ms)[0m  [1m[34mSELECT "players".* FROM "players" WHERE "players"."game_id" = 16 AND "players"."user_id" = 5 ORDER BY "players"."position" ASC LIMIT 1 /*action='show',application='UnoOnline',controller='games'*/[0m
  ↳ app/controllers/games_controller.rb:47:in 'GamesController#show'
  Rendering layout layouts/application.html.erb
  Rendering games/show.html.erb within layouts/application
  Rendered shared/_logo.html.erb (Duration: 0.1ms | GC: 0.0ms)
  Rendered shared/_status_badge.html.erb (Duration: 0.1ms | GC: 0.0ms)
  [1m[36mPlayer Count (0.5ms)[0m  [1m[34mSELECT COUNT(*) FROM "players" WHERE "players"."game_id" = 16 /*action='show',application='UnoOnline',controller='games'*/[0m
  ↳ app/views/games/show.html.erb:17
  [1m[36mPlayer Load (0.6ms)[0m  [1m[34mSELECT "players".* FROM "players" WHERE "players"."game_id" = 16 ORDER BY "players"."position" ASC /*action='show',application='UnoOnline',controller='games'*/[0m
  ↳ app/views/games/show.html.erb:31
  [1m[36mUser Load (0.5ms)[0m  [1m[34mSELECT "users".* FROM "users" WHERE "users"."id" = 1 LIMIT 1 /*action='show',application='UnoOnline',controller='games'*/[0m
  ↳ app/views/games/show.html.erb:34
  [1m[36mUser Load (0.5ms)[0m  [1m[34mSELECT "users".* FROM "users" WHERE "users"."id" = 4 LIMIT 1 /*action='show',application='UnoOnline',controller='games'*/[0m
  ↳ app/views/games/show.html.erb:34
  [1m[36mCACHE User Load (0.1ms)[0m  [1m[34mSELECT "users".* FROM "users" WHERE "users"."id" = 5 LIMIT 1[0m
  ↳ app/views/games/show.html.erb:34
  Rendered games/show.html.erb within layouts/application (Duration: 19.7ms | GC: 0.0ms)
  Rendered layout layouts/application.html.erb (Duration: 21.7ms | GC: 0.0ms)
Completed 200 OK in 61ms (Views: 21.3ms | ActiveRecord: 4.8ms (9 queries, 1 cached) | GC: 0.0ms)


Started GET "/games/16" for 127.0.0.1 at 2026-10-02 10:30:41 +0300
Processing by GamesController#show as HTML
  Parameters: {"id" => "16"}
  [1m[36mUser Load (0.7ms)[0m  [1m[34mSELECT "users".* FROM "users" WHERE "users"."id" = 5 LIMIT 1 /*action='show',application='UnoOnline',controller='games'*/[0m
  ↳ app/controllers/application_controller.rb:19:in 'ApplicationController#current_user'
  [1m[36mGame Load (0.6ms)[0m  [1m[34mSELECT "games".* FROM "games" WHERE "games"."id" = 16 LIMIT 1 /*action='show',application='UnoOnline',controller='games'*/[0m
  ↳ app/controllers/games_controller.rb:88:in 'GamesController#set_game'
  [1m[36mPlayer Exists? (0.6ms)[0m  [1m[34mSELECT 1 AS one FROM "players" WHERE "players"."game_id" = 16 AND "players"."user_id" = 5 LIMIT 1 /*action='show',application='UnoOnline',controller='games'*/[0m
  ↳ app/controllers/games_controller.rb:92:in 'GamesController#require_membership'
  [1m[36mPlayer Load (0.6ms)[0m  [1m[34mSELECT "players".* FROM "players" WHERE "players"."game_id" = 16 AND "players"."user_id" = 5 ORDER BY "players"."position" ASC LIMIT 1 /*action='show',application='UnoOnline',controller='games'*/[0m
  ↳ app/controllers/games_controller.rb:47:in 'GamesController#show'
  Rendering layout layouts/application.html.erb
  Rendering games/show.html.erb within layouts/application
  Rendered shared/_logo.html.erb (Duration: 0.1ms | GC: 0.0ms)
  Rendered shared/_status_badge.html.erb (Duration: 0.1ms | GC: 0.0ms)
  [1m[36mPlayer Count (0.6ms)[0m  [1m[34mSELECT COUNT(*) FROM "players" WHERE "players"."game_id" = 16 /*action='show',application='UnoOnline',controller='games'*/[0m
  ↳ app/views/games/show.html.erb:17
  [1m[36mPlayer Load (0.7ms)[0m  [1m[34mSELECT "players".* FROM "players" WHERE "players"."game_id" = 16 ORDER BY "players"."position" ASC /*action='show',application='UnoOnline',controller='games'*/[0m
  ↳ app/views/games/show.html.erb:31
  [1m[36mUser Load (0.5ms)[0m  [1m[34mSELECT "users".* FROM "users" WHERE "users"."id" = 1 LIMIT 1 /*action='show',application='UnoOnline',controller='games'*/[0m
  ↳ app/views/games/show.html.erb:34
  [1m[36mUser Load (0.5ms)[0m  [1m[34mSELECT "users".* FROM "users" WHERE "users"."id" = 4 LIMIT 1 /*action='show',application='UnoOnline',controller='games'*/[0m
  ↳ app/views/games/show.html.erb:34
  [1m[36mCACHE User Load (0.0ms)[0m  [1m[34mSELECT "users".* FROM "users" WHERE "users"."id" = 5 LIMIT 1[0m
  ↳ app/views/games/show.html.erb:34
  Rendered games/show.html.erb within layouts/application (Duration: 20.7ms | GC: 0.0ms)
  Rendered layout layouts/application.html.erb (Duration: 22.5ms | GC: 0.0ms)
Completed 200 OK in 65ms (Views: 21.8ms | ActiveRecord: 4.8ms (9 queries, 1 cached) | GC: 0.0ms)


Started GET "/games/16" for 127.0.0.1 at 2026-10-02 10:30:45 +0300
Processing by GamesController#show as HTML
  Parameters: {"id" => "16"}
  [1m[36mUser Load (0.8ms)[0m  [1m[34mSELECT "users".* FROM "users" WHERE "users"."id" = 5 LIMIT 1 /*action='show',application='UnoOnline',controller='games'*/[0m
  ↳ app/controllers/application_controller.rb:19:in 'ApplicationController#current_user'
  [1m[36mGame Load (1.0ms)[0m  [1m[34mSELECT "games".* FROM "games" WHERE "games"."id" = 16 LIMIT 1 /*action='show',application='UnoOnline',controller='games'*/[0m
  ↳ app/controllers/games_controller.rb:88:in 'GamesController#set_game'
  [1m[36mPlayer Exists? (0.8ms)[0m  [1m[34mSELECT 1 AS one FROM "players" WHERE "players"."game_id" = 16 AND "players"."user_id" = 5 LIMIT 1 /*action='show',application='UnoOnline',controller='games'*/[0m
  ↳ app/controllers/games_controller.rb:92:in 'GamesController#require_membership'
  [1m[36mPlayer Load (0.6ms)[0m  [1m[34mSELECT "players".* FROM "players" WHERE "players"."game_id" = 16 AND "players"."user_id" = 5 ORDER BY "players"."position" ASC LIMIT 1 /*action='show',application='UnoOnline',controller='games'*/[0m
  ↳ app/controllers/games_controller.rb:47:in 'GamesController#show'
  Rendering layout layouts/application.html.erb
  Rendering games/show.html.erb within layouts/application
  Rendered shared/_logo.html.erb (Duration: 0.1ms | GC: 0.0ms)
  Rendered shared/_status_badge.html.erb (Duration: 0.1ms | GC: 0.0ms)
  [1m[36mPlayer Count (0.7ms)[0m  [1m[34mSELECT COUNT(*) FROM "players" WHERE "players"."game_id" = 16 /*action='show',application='UnoOnline',controller='games'*/[0m
  ↳ app/views/games/show.html.erb:17
  [1m[36mPlayer Load (0.6ms)[0m  [1m[34mSELECT "players".* FROM "players" WHERE "players"."game_id" = 16 ORDER BY "players"."position" ASC /*action='show',application='UnoOnline',controller='games'*/[0m
  ↳ app/views/games/show.html.erb:31
  [1m[36mUser Load (0.6ms)[0m  [1m[34mSELECT "users".* FROM "users" WHERE "users"."id" = 1 LIMIT 1 /*action='show',application='UnoOnline',controller='games'*/[0m
  ↳ app/views/games/show.html.erb:34
  [1m[36mUser Load (0.8ms)[0m  [1m[34mSELECT "users".* FROM "users" WHERE "users"."id" = 4 LIMIT 1 /*action='show',application='UnoOnline',controller='games'*/[0m
  ↳ app/views/games/show.html.erb:34
  [1m[36mCACHE User Load (0.1ms)[0m  [1m[34mSELECT "users".* FROM "users" WHERE "users"."id" = 5 LIMIT 1[0m
  ↳ app/views/games/show.html.erb:34
  Rendered games/show.html.erb within layouts/application (Duration: 27.8ms | GC: 15.6ms)
  Rendered layout layouts/application.html.erb (Duration: 29.5ms | GC: 15.6ms)
Completed 200 OK in 70ms (Views: 28.2ms | ActiveRecord: 5.6ms (9 queries, 1 cached) | GC: 15.6ms)


Started GET "/games/16" for 127.0.0.1 at 2026-10-02 10:30:49 +0300
Processing by GamesController#show as HTML
  Parameters: {"id" => "16"}
  [1m[36mUser Load (1.1ms)[0m  [1m[34mSELECT "users".* FROM "users" WHERE "users"."id" = 5 LIMIT 1 /*action='show',application='UnoOnline',controller='games'*/[0m
  ↳ app/controllers/application_controller.rb:19:in 'ApplicationController#current_user'
  [1m[36mGame Load (0.9ms)[0m  [1m[34mSELECT "games".* FROM "games" WHERE "games"."id" = 16 LIMIT 1 /*action='show',application='UnoOnline',controller='games'*/[0m
  ↳ app/controllers/games_controller.rb:88:in 'GamesController#set_game'
  [1m[36mPlayer Exists? (0.9ms)[0m  [1m[34mSELECT 1 AS one FROM "players" WHERE "players"."game_id" = 16 AND "players"."user_id" = 5 LIMIT 1 /*action='show',application='UnoOnline',controller='games'*/[0m
  ↳ app/controllers/games_controller.rb:92:in 'GamesController#require_membership'
  [1m[36mPlayer Load (1.0ms)[0m  [1m[34mSELECT "players".* FROM "players" WHERE "players"."game_id" = 16 AND "players"."user_id" = 5 ORDER BY "players"."position" ASC LIMIT 1 /*action='show',application='UnoOnline',controller='games'*/[0m
  ↳ app/controllers/games_controller.rb:47:in 'GamesController#show'
  Rendering layout layouts/application.html.erb
  Rendering games/show.html.erb within layouts/application
  Rendered shared/_logo.html.erb (Duration: 0.1ms | GC: 0.0ms)
  Rendered shared/_status_badge.html.erb (Duration: 0.1ms | GC: 0.0ms)
  [1m[36mPlayer Count (0.9ms)[0m  [1m[34mSELECT COUNT(*) FROM "players" WHERE "players"."game_id" = 16 /*action='show',application='UnoOnline',controller='games'*/[0m
  ↳ app/views/games/show.html.erb:17
  [1m[36mPlayer Load (0.8ms)[0m  [1m[34mSELECT "players".* FROM "players" WHERE "players"."game_id" = 16 ORDER BY "players"."position" ASC /*action='show',application='UnoOnline',controller='games'*/[0m
  ↳ app/views/games/show.html.erb:31
  [1m[36mUser Load (0.5ms)[0m  [1m[34mSELECT "users".* FROM "users" WHERE "users"."id" = 1 LIMIT 1 /*action='show',application='UnoOnline',controller='games'*/[0m
  ↳ app/views/games/show.html.erb:34
  [1m[36mUser Load (0.5ms)[0m  [1m[34mSELECT "users".* FROM "users" WHERE "users"."id" = 4 LIMIT 1 /*action='show',application='UnoOnline',controller='games'*/[0m
  ↳ app/views/games/show.html.erb:34
  [1m[36mCACHE User Load (0.0ms)[0m  [1m[34mSELECT "users".* FROM "users" WHERE "users"."id" = 5 LIMIT 1[0m
  ↳ app/views/games/show.html.erb:34
  Rendered games/show.html.erb within layouts/application (Duration: 20.1ms | GC: 0.0ms)
  Rendered layout layouts/application.html.erb (Duration: 22.8ms | GC: 0.0ms)
Completed 200 OK in 76ms (Views: 21.6ms | ActiveRecord: 6.4ms (9 queries, 1 cached) | GC: 0.0ms)


Started GET "/games/16" for 127.0.0.1 at 2026-10-02 10:30:53 +0300
Processing by GamesController#show as HTML
  Parameters: {"id" => "16"}
  [1m[36mUser Load (1.0ms)[0m  [1m[34mSELECT "users".* FROM "users" WHERE "users"."id" = 5 LIMIT 1 /*action='show',application='UnoOnline',controller='games'*/[0m
  ↳ app/controllers/application_controller.rb:19:in 'ApplicationController#current_user'
  [1m[36mGame Load (0.9ms)[0m  [1m[34mSELECT "games".* FROM "games" WHERE "games"."id" = 16 LIMIT 1 /*action='show',application='UnoOnline',controller='games'*/[0m
  ↳ app/controllers/games_controller.rb:88:in 'GamesController#set_game'
  [1m[36mPlayer Exists? (0.8ms)[0m  [1m[34mSELECT 1 AS one FROM "players" WHERE "players"."game_id" = 16 AND "players"."user_id" = 5 LIMIT 1 /*action='show',application='UnoOnline',controller='games'*/[0m
  ↳ app/controllers/games_controller.rb:92:in 'GamesController#require_membership'
  [1m[36mPlayer Load (1.0ms)[0m  [1m[34mSELECT "players".* FROM "players" WHERE "players"."game_id" = 16 AND "players"."user_id" = 5 ORDER BY "players"."position" ASC LIMIT 1 /*action='show',application='UnoOnline',controller='games'*/[0m
  ↳ app/controllers/games_controller.rb:47:in 'GamesController#show'
  Rendering layout layouts/application.html.erb
  Rendering games/show.html.erb within layouts/application
  Rendered shared/_logo.html.erb (Duration: 0.1ms | GC: 0.0ms)
  Rendered shared/_status_badge.html.erb (Duration: 0.1ms | GC: 0.0ms)
  [1m[36mPlayer Count (0.9ms)[0m  [1m[34mSELECT COUNT(*) FROM "players" WHERE "players"."game_id" = 16 /*action='show',application='UnoOnline',controller='games'*/[0m
  ↳ app/views/games/show.html.erb:17
  [1m[36mPlayer Load (1.1ms)[0m  [1m[34mSELECT "players".* FROM "players" WHERE "players"."game_id" = 16 ORDER BY "players"."position" ASC /*action='show',application='UnoOnline',controller='games'*/[0m
  ↳ app/views/games/show.html.erb:31
  [1m[36mUser Load (0.5ms)[0m  [1m[34mSELECT "users".* FROM "users" WHERE "users"."id" = 1 LIMIT 1 /*action='show',application='UnoOnline',controller='games'*/[0m
  ↳ app/views/games/show.html.erb:34
  [1m[36mUser Load (0.5ms)[0m  [1m[34mSELECT "users".* FROM "users" WHERE "users"."id" = 4 LIMIT 1 /*action='show',application='UnoOnline',controller='games'*/[0m
  ↳ app/views/games/show.html.erb:34
  [1m[36mCACHE User Load (0.0ms)[0m  [1m[34mSELECT "users".* FROM "users" WHERE "users"."id" = 5 LIMIT 1[0m
  ↳ app/views/games/show.html.erb:34
  Rendered games/show.html.erb within layouts/application (Duration: 21.8ms | GC: 0.0ms)
  Rendered layout layouts/application.html.erb (Duration: 24.0ms | GC: 0.0ms)
Completed 200 OK in 67ms (Views: 22.7ms | ActiveRecord: 6.4ms (9 queries, 1 cached) | GC: 0.0ms)


Started GET "/games/16" for 127.0.0.1 at 2026-10-02 10:30:57 +0300
Processing by GamesController#show as HTML
  Parameters: {"id" => "16"}
  [1m[36mUser Load (0.7ms)[0m  [1m[34mSELECT "users".* FROM "users" WHERE "users"."id" = 5 LIMIT 1 /*action='show',application='UnoOnline',controller='games'*/[0m
  ↳ app/controllers/application_controller.rb:19:in 'ApplicationController#current_user'
  [1m[36mGame Load (0.6ms)[0m  [1m[34mSELECT "games".* FROM "games" WHERE "games"."id" = 16 LIMIT 1 /*action='show',application='UnoOnline',controller='games'*/[0m
  ↳ app/controllers/games_controller.rb:88:in 'GamesController#set_game'
  [1m[36mPlayer Exists? (0.6ms)[0m  [1m[34mSELECT 1 AS one FROM "players" WHERE "players"."game_id" = 16 AND "players"."user_id" = 5 LIMIT 1 /*action='show',application='UnoOnline',controller='games'*/[0m
  ↳ app/controllers/games_controller.rb:92:in 'GamesController#require_membership'
  [1m[36mPlayer Load (1.0ms)[0m  [1m[34mSELECT "players".* FROM "players" WHERE "players"."game_id" = 16 AND "players"."user_id" = 5 ORDER BY "players"."position" ASC LIMIT 1 /*action='show',application='UnoOnline',controller='games'*/[0m
  ↳ app/controllers/games_controller.rb:47:in 'GamesController#show'
  Rendering layout layouts/application.html.erb
  Rendering games/show.html.erb within layouts/application
  Rendered shared/_logo.html.erb (Duration: 0.1ms | GC: 0.0ms)
  Rendered shared/_status_badge.html.erb (Duration: 0.1ms | GC: 0.0ms)
  [1m[36mPlayer Count (0.6ms)[0m  [1m[34mSELECT COUNT(*) FROM "players" WHERE "players"."game_id" = 16 /*action='show',application='UnoOnline',controller='games'*/[0m
  ↳ app/views/games/show.html.erb:17
  [1m[36mPlayer Load (0.7ms)[0m  [1m[34mSELECT "players".* FROM "players" WHERE "players"."game_id" = 16 ORDER BY "players"."position" ASC /*action='show',application='UnoOnline',controller='games'*/[0m
  ↳ app/views/games/show.html.erb:31
  [1m[36mUser Load (0.6ms)[0m  [1m[34mSELECT "users".* FROM "users" WHERE "users"."id" = 1 LIMIT 1 /*action='show',application='UnoOnline',controller='games'*/[0m
  ↳ app/views/games/show.html.erb:34
  [1m[36mUser Load (0.7ms)[0m  [1m[34mSELECT "users".* FROM "users" WHERE "users"."id" = 4 LIMIT 1 /*action='show',application='UnoOnline',controller='games'*/[0m
  ↳ app/views/games/show.html.erb:34
  [1m[36mCACHE User Load (0.0ms)[0m  [1m[34mSELECT "users".* FROM "users" WHERE "users"."id" = 5 LIMIT 1[0m
  ↳ app/views/games/show.html.erb:34
  Rendered games/show.html.erb within layouts/application (Duration: 21.1ms | GC: 0.0ms)
  Rendered layout layouts/application.html.erb (Duration: 23.0ms | GC: 0.0ms)
Completed 200 OK in 63ms (Views: 22.0ms | ActiveRecord: 5.3ms (9 queries, 1 cached) | GC: 0.0ms)


Started GET "/games/16" for 127.0.0.1 at 2026-10-02 10:31:01 +0300
Processing by GamesController#show as HTML
  Parameters: {"id" => "16"}
  [1m[36mUser Load (0.7ms)[0m  [1m[34mSELECT "users".* FROM "users" WHERE "users"."id" = 5 LIMIT 1 /*action='show',application='UnoOnline',controller='games'*/[0m
  ↳ app/controllers/application_controller.rb:19:in 'ApplicationController#current_user'
  [1m[36mGame Load (0.6ms)[0m  [1m[34mSELECT "games".* FROM "games" WHERE "games"."id" = 16 LIMIT 1 /*action='show',application='UnoOnline',controller='games'*/[0m
  ↳ app/controllers/games_controller.rb:88:in 'GamesController#set_game'
  [1m[36mPlayer Exists? (0.6ms)[0m  [1m[34mSELECT 1 AS one FROM "players" WHERE "players"."game_id" = 16 AND "players"."user_id" = 5 LIMIT 1 /*action='show',application='UnoOnline',controller='games'*/[0m
  ↳ app/controllers/games_controller.rb:92:in 'GamesController#require_membership'
  [1m[36mPlayer Load (0.6ms)[0m  [1m[34mSELECT "players".* FROM "players" WHERE "players"."game_id" = 16 AND "players"."user_id" = 5 ORDER BY "players"."position" ASC LIMIT 1 /*action='show',application='UnoOnline',controller='games'*/[0m
  ↳ app/controllers/games_controller.rb:47:in 'GamesController#show'
  Rendering layout layouts/application.html.erb
  Rendering games/show.html.erb within layouts/application
  Rendered shared/_logo.html.erb (Duration: 0.1ms | GC: 0.0ms)
  Rendered shared/_status_badge.html.erb (Duration: 0.1ms | GC: 0.0ms)
  [1m[36mPlayer Count (0.6ms)[0m  [1m[34mSELECT COUNT(*) FROM "players" WHERE "players"."game_id" = 16 /*action='show',application='UnoOnline',controller='games'*/[0m
  ↳ app/views/games/show.html.erb:17
  [1m[36mPlayer Load (0.7ms)[0m  [1m[34mSELECT "players".* FROM "players" WHERE "players"."game_id" = 16 ORDER BY "players"."position" ASC /*action='show',application='UnoOnline',controller='games'*/[0m
  ↳ app/views/games/show.html.erb:31
  [1m[36mUser Load (0.5ms)[0m  [1m[34mSELECT "users".* FROM "users" WHERE "users"."id" = 1 LIMIT 1 /*action='show',application='UnoOnline',controller='games'*/[0m
  ↳ app/views/games/show.html.erb:34
  [1m[36mUser Load (0.5ms)[0m  [1m[34mSELECT "users".* FROM "users" WHERE "users"."id" = 4 LIMIT 1 /*action='show',application='UnoOnline',controller='games'*/[0m
  ↳ app/views/games/show.html.erb:34
  [1m[36mCACHE User Load (0.0ms)[0m  [1m[34mSELECT "users".* FROM "users" WHERE "users"."id" = 5 LIMIT 1[0m
  ↳ app/views/games/show.html.erb:34
  Rendered games/show.html.erb within layouts/application (Duration: 19.1ms | GC: 0.0ms)
  Rendered layout layouts/application.html.erb (Duration: 21.4ms | GC: 0.0ms)
Completed 200 OK in 63ms (Views: 20.5ms | ActiveRecord: 4.7ms (9 queries, 1 cached) | GC: 0.0ms)


Started GET "/games/16" for 127.0.0.1 at 2026-10-02 10:31:05 +0300
Processing by GamesController#show as HTML
  Parameters: {"id" => "16"}
  [1m[36mUser Load (1.0ms)[0m  [1m[34mSELECT "users".* FROM "users" WHERE "users"."id" = 5 LIMIT 1 /*action='show',application='UnoOnline',controller='games'*/[0m
  ↳ app/controllers/application_controller.rb:19:in 'ApplicationController#current_user'
  [1m[36mGame Load (1.1ms)[0m  [1m[34mSELECT "games".* FROM "games" WHERE "games"."id" = 16 LIMIT 1 /*action='show',application='UnoOnline',controller='games'*/[0m
  ↳ app/controllers/games_controller.rb:88:in 'GamesController#set_game'
  [1m[36mPlayer Exists? (0.8ms)[0m  [1m[34mSELECT 1 AS one FROM "players" WHERE "players"."game_id" = 16 AND "players"."user_id" = 5 LIMIT 1 /*action='show',application='UnoOnline',controller='games'*/[0m
  ↳ app/controllers/games_controller.rb:92:in 'GamesController#require_membership'
  [1m[36mPlayer Load (1.0ms)[0m  [1m[34mSELECT "players".* FROM "players" WHERE "players"."game_id" = 16 AND "players"."user_id" = 5 ORDER BY "players"."position" ASC LIMIT 1 /*action='show',application='UnoOnline',controller='games'*/[0m
  ↳ app/controllers/games_controller.rb:47:in 'GamesController#show'
  Rendering layout layouts/application.html.erb
  Rendering games/show.html.erb within layouts/application
  Rendered shared/_logo.html.erb (Duration: 0.1ms | GC: 0.0ms)
  Rendered shared/_status_badge.html.erb (Duration: 0.1ms | GC: 0.0ms)
  [1m[36mPlayer Count (0.8ms)[0m  [1m[34mSELECT COUNT(*) FROM "players" WHERE "players"."game_id" = 16 /*action='show',application='UnoOnline',controller='games'*/[0m
  ↳ app/views/games/show.html.erb:17
  [1m[36mPlayer Load (0.9ms)[0m  [1m[34mSELECT "players".* FROM "players" WHERE "players"."game_id" = 16 ORDER BY "players"."position" ASC /*action='show',application='UnoOnline',controller='games'*/[0m
  ↳ app/views/games/show.html.erb:31
  [1m[36mUser Load (0.6ms)[0m  [1m[34mSELECT "users".* FROM "users" WHERE "users"."id" = 1 LIMIT 1 /*action='show',application='UnoOnline',controller='games'*/[0m
  ↳ app/views/games/show.html.erb:34
  [1m[36mUser Load (0.5ms)[0m  [1m[34mSELECT "users".* FROM "users" WHERE "users"."id" = 4 LIMIT 1 /*action='show',application='UnoOnline',controller='games'*/[0m
  ↳ app/views/games/show.html.erb:34
  [1m[36mCACHE User Load (0.0ms)[0m  [1m[34mSELECT "users".* FROM "users" WHERE "users"."id" = 5 LIMIT 1[0m
  ↳ app/views/games/show.html.erb:34
  Rendered games/show.html.erb within layouts/application (Duration: 20.5ms | GC: 0.0ms)
  Rendered layout layouts/application.html.erb (Duration: 22.2ms | GC: 0.0ms)
Completed 200 OK in 65ms (Views: 20.8ms | ActiveRecord: 6.5ms (9 queries, 1 cached) | GC: 0.0ms)


Using vips to process variants requires the libvips library. Please install libvips using the instructions on the libvips website.
Started GET "/ui-kit" for 127.0.0.1 at 2026-10-02 11:06:09 +0300
  [1m[36mActiveRecord::SchemaMigration Load (6.8ms)[0m  [1m[34mSELECT "schema_migrations"."version" FROM "schema_migrations" ORDER BY "schema_migrations"."version" ASC /*application='UnoOnline'*/[0m
Processing by PagesController#ui_kit as HTML
  Rendering layout layouts/application.html.erb
  Rendering pages/ui_kit.html.erb within layouts/application
  Rendered shared/_logo.html.erb (Duration: 0.8ms | GC: 0.0ms)
  Rendered shared/_logo.html.erb (Duration: 1.3ms | GC: 0.0ms)
  Rendered shared/_status_badge.html.erb (Duration: 0.7ms | GC: 0.0ms)
  Rendered shared/_status_badge.html.erb (Duration: 1.2ms | GC: 0.0ms)
  Rendered shared/_status_badge.html.erb (Duration: 0.1ms | GC: 0.0ms)
  Rendered shared/_status_badge.html.erb (Duration: 0.1ms | GC: 0.0ms)
  Rendered pages/ui_kit.html.erb within layouts/application (Duration: 19.4ms | GC: 0.0ms)
  Rendered layout layouts/application.html.erb (Duration: 144.3ms | GC: 15.6ms)
Completed 200 OK in 509ms (Views: 185.4ms | ActiveRecord: 0.0ms (0 queries, 0 cached) | GC: 15.6ms)


Started GET "/" for 127.0.0.1 at 2026-10-02 11:06:13 +0300
Processing by GamesController#index as HTML
  [1m[36mUser Load (5.6ms)[0m  [1m[34mSELECT "users".* FROM "users" WHERE "users"."id" IS NULL LIMIT 1 /*action='index',application='UnoOnline',controller='games'*/[0m
  ↳ app/controllers/application_controller.rb:19:in 'ApplicationController#current_user'
Redirected to http://127.0.0.1:3000/login
↳ app/controllers/application_controller.rb:29:in 'ApplicationController#require_login'
Filter chain halted as :require_login rendered or redirected
Completed 302 Found in 458ms (ActiveRecord: 51.1ms (1 query, 0 cached) | GC: 0.0ms)


Started GET "/login" for 127.0.0.1 at 2026-10-02 11:06:14 +0300
Processing by SessionsController#new as HTML
  [1m[36mUser Load (0.6ms)[0m  [1m[34mSELECT "users".* FROM "users" WHERE "users"."id" IS NULL LIMIT 1 /*action='new',application='UnoOnline',controller='sessions'*/[0m
  ↳ app/controllers/application_controller.rb:19:in 'ApplicationController#current_user'
  Rendering layout layouts/application.html.erb
  Rendering sessions/new.html.erb within layouts/application
  Rendered shared/_logo.html.erb (Duration: 0.1ms | GC: 0.0ms)
  Rendered sessions/new.html.erb within layouts/application (Duration: 20.2ms | GC: 0.0ms)
  Rendered layout layouts/application.html.erb (Duration: 22.2ms | GC: 0.0ms)
Completed 200 OK in 69ms (Views: 34.5ms | ActiveRecord: 0.6ms (1 query, 0 cached) | GC: 0.0ms)


Started GET "/" for 127.0.0.1 at 2026-10-02 11:07:42 +0300
Processing by GamesController#index as HTML
  [1m[36mUser Load (0.8ms)[0m  [1m[34mSELECT "users".* FROM "users" WHERE "users"."id" IS NULL LIMIT 1 /*action='index',application='UnoOnline',controller='games'*/[0m
  ↳ app/controllers/application_controller.rb:19:in 'ApplicationController#current_user'
Redirected to http://127.0.0.1:3000/login
↳ app/controllers/application_controller.rb:29:in 'ApplicationController#require_login'
Filter chain halted as :require_login rendered or redirected
Completed 302 Found in 28ms (ActiveRecord: 0.8ms (1 query, 0 cached) | GC: 0.0ms)


Started GET "/login" for 127.0.0.1 at 2026-10-02 11:07:42 +0300
Processing by SessionsController#new as HTML
  [1m[36mUser Load (0.8ms)[0m  [1m[34mSELECT "users".* FROM "users" WHERE "users"."id" IS NULL LIMIT 1 /*action='new',application='UnoOnline',controller='sessions'*/[0m
  ↳ app/controllers/application_controller.rb:19:in 'ApplicationController#current_user'
  Rendering layout layouts/application.html.erb
  Rendering sessions/new.html.erb within layouts/application
  Rendered shared/_logo.html.erb (Duration: 0.1ms | GC: 0.0ms)
  Rendered sessions/new.html.erb within layouts/application (Duration: 2.3ms | GC: 0.0ms)
  Rendered layout layouts/application.html.erb (Duration: 4.1ms | GC: 0.0ms)
Completed 200 OK in 33ms (Views: 5.6ms | ActiveRecord: 0.8ms (1 query, 0 cached) | GC: 0.0ms)


Started POST "/login" for 127.0.0.1 at 2026-10-02 11:07:49 +0300
Processing by SessionsController#create as TURBO_STREAM
  Parameters: {"authenticity_token" => "[FILTERED]", "email" => "[FILTERED]", "password" => "[FILTERED]", "commit" => "Войти"}
  [1m[36mUser Load (1.9ms)[0m  [1m[34mSELECT "users".* FROM "users" WHERE "users"."email" = 'battimnik2006@gmail.com' LIMIT 1 /*action='create',application='UnoOnline',controller='sessions'*/[0m
  ↳ app/controllers/sessions_controller.rb:7:in 'SessionsController#create'
Redirected to http://127.0.0.1:3000/
↳ app/controllers/sessions_controller.rb:11:in 'SessionsController#create'
Completed 302 Found in 388ms (ActiveRecord: 23.8ms (1 query, 0 cached) | GC: 0.0ms)


Started GET "/" for 127.0.0.1 at 2026-10-02 11:07:49 +0300
Processing by GamesController#index as TURBO_STREAM
  [1m[36mUser Load (0.9ms)[0m  [1m[34mSELECT "users".* FROM "users" WHERE "users"."id" = 1 LIMIT 1 /*action='index',application='UnoOnline',controller='games'*/[0m
  ↳ app/controllers/application_controller.rb:19:in 'ApplicationController#current_user'
  Rendering layout layouts/application.html.erb
  Rendering games/index.html.erb within layouts/application
  Rendered shared/_logo.html.erb (Duration: 0.1ms | GC: 0.0ms)
  [1m[36mGame Exists? (14.2ms)[0m  [1m[34mSELECT 1 AS one FROM "games" WHERE "games"."visibility" = 'public' LIMIT 1 /*action='index',application='UnoOnline',controller='games'*/[0m
  ↳ app/views/games/index.html.erb:61
  [1m[36mGame Load (1.3ms)[0m  [1m[34mSELECT "games".* FROM "games" WHERE "games"."visibility" = 'public' ORDER BY "games"."created_at" DESC /*action='index',application='UnoOnline',controller='games'*/[0m
  ↳ app/views/games/index.html.erb:65
  [1m[36mPlayer Load (13.7ms)[0m  [1m[34mSELECT "players".* FROM "players" WHERE "players"."game_id" IN (16, 2) ORDER BY "players"."position" ASC /*action='index',application='UnoOnline',controller='games'*/[0m
  ↳ app/views/games/index.html.erb:65
  Rendered shared/_status_badge.html.erb (Duration: 0.1ms | GC: 0.0ms)
  [1m[36mPlayer Exists? (0.8ms)[0m  [1m[34mSELECT 1 AS one FROM "players" WHERE "players"."game_id" = 16 AND "players"."user_id" = 1 LIMIT 1 /*action='index',application='UnoOnline',controller='games'*/[0m
  ↳ app/views/games/index.html.erb:76
  Rendered shared/_status_badge.html.erb (Duration: 0.1ms | GC: 0.0ms)
  [1m[36mPlayer Exists? (0.6ms)[0m  [1m[34mSELECT 1 AS one FROM "players" WHERE "players"."game_id" = 2 AND "players"."user_id" = 1 LIMIT 1 /*action='index',application='UnoOnline',controller='games'*/[0m
  ↳ app/views/games/index.html.erb:76
  [1m[36mPlayer Count (1.1ms)[0m  [1m[34mSELECT COUNT(*) FROM "players" WHERE "players"."game_id" = 2 /*action='index',application='UnoOnline',controller='games'*/[0m
  ↳ app/models/game.rb:26:in 'Game#full?'
  Rendered games/index.html.erb within layouts/application (Duration: 230.7ms | GC: 0.0ms)
  Rendered layout layouts/application.html.erb (Duration: 232.7ms | GC: 0.0ms)
Completed 200 OK in 309ms (Views: 208.0ms | ActiveRecord: 41.0ms (7 queries, 0 cached) | GC: 0.0ms)


Started GET "/games/16" for 127.0.0.1 at 2026-10-02 11:07:51 +0300
Processing by GamesController#show as HTML
  Parameters: {"id" => "16"}
  [1m[36mUser Load (0.9ms)[0m  [1m[34mSELECT "users".* FROM "users" WHERE "users"."id" = 1 LIMIT 1 /*action='show',application='UnoOnline',controller='games'*/[0m
  ↳ app/controllers/application_controller.rb:19:in 'ApplicationController#current_user'
  [1m[36mGame Load (1.1ms)[0m  [1m[34mSELECT "games".* FROM "games" WHERE "games"."id" = 16 LIMIT 1 /*action='show',application='UnoOnline',controller='games'*/[0m
  ↳ app/controllers/games_controller.rb:88:in 'GamesController#set_game'
  [1m[36mPlayer Exists? (0.9ms)[0m  [1m[34mSELECT 1 AS one FROM "players" WHERE "players"."game_id" = 16 AND "players"."user_id" = 1 LIMIT 1 /*action='show',application='UnoOnline',controller='games'*/[0m
  ↳ app/controllers/games_controller.rb:92:in 'GamesController#require_membership'
  [1m[36mPlayer Load (1.0ms)[0m  [1m[34mSELECT "players".* FROM "players" WHERE "players"."game_id" = 16 AND "players"."user_id" = 1 ORDER BY "players"."position" ASC LIMIT 1 /*action='show',application='UnoOnline',controller='games'*/[0m
  ↳ app/controllers/games_controller.rb:47:in 'GamesController#show'
  Rendering layout layouts/application.html.erb
  Rendering games/show.html.erb within layouts/application
  Rendered shared/_logo.html.erb (Duration: 0.1ms | GC: 0.0ms)
  Rendered shared/_status_badge.html.erb (Duration: 0.1ms | GC: 0.0ms)
  [1m[36mPlayer Count (0.9ms)[0m  [1m[34mSELECT COUNT(*) FROM "players" WHERE "players"."game_id" = 16 /*action='show',application='UnoOnline',controller='games'*/[0m
  ↳ app/views/games/show.html.erb:17
  [1m[36mPlayer Load (0.6ms)[0m  [1m[34mSELECT "players".* FROM "players" WHERE "players"."game_id" = 16 ORDER BY "players"."position" ASC /*action='show',application='UnoOnline',controller='games'*/[0m
  ↳ app/views/games/show.html.erb:31
  [1m[36mCACHE User Load (0.0ms)[0m  [1m[34mSELECT "users".* FROM "users" WHERE "users"."id" = 1 LIMIT 1[0m
  ↳ app/views/games/show.html.erb:34
  [1m[36mUser Load (0.6ms)[0m  [1m[34mSELECT "users".* FROM "users" WHERE "users"."id" = 4 LIMIT 1 /*action='show',application='UnoOnline',controller='games'*/[0m
  ↳ app/views/games/show.html.erb:34
  [1m[36mUser Load (0.5ms)[0m  [1m[34mSELECT "users".* FROM "users" WHERE "users"."id" = 5 LIMIT 1 /*action='show',application='UnoOnline',controller='games'*/[0m
  ↳ app/views/games/show.html.erb:34
  Rendered games/show.html.erb within layouts/application (Duration: 24.1ms | GC: 0.0ms)
  Rendered layout layouts/application.html.erb (Duration: 26.1ms | GC: 0.0ms)
Completed 200 OK in 70ms (Views: 25.0ms | ActiveRecord: 6.4ms (9 queries, 1 cached) | GC: 0.0ms)


Started POST "/games" for 127.0.0.1 at 2026-10-02 11:07:53 +0300
Processing by GamesController#create as TURBO_STREAM
  Parameters: {"authenticity_token" => "[FILTERED]", "visibility" => "public", "max_players" => "4", "commit" => "Создать комнату"}
  [1m[36mUser Load (0.8ms)[0m  [1m[34mSELECT "users".* FROM "users" WHERE "users"."id" = 1 LIMIT 1 /*action='create',application='UnoOnline',controller='games'*/[0m
  ↳ app/controllers/application_controller.rb:19:in 'ApplicationController#current_user'
[31mUnpermitted parameters: :authenticity_token, :commit. Context: { controller: GamesController, action: create, request: #<ActionDispatch::Request:0x000001580fc2be20>, params: {"authenticity_token" => "[FILTERED]", "visibility" => "public", "max_players" => "4", "commit" => "Создать комнату", "controller" => "games", "action" => "create"} }[0m
  [1m[36mTRANSACTION (0.4ms)[0m  [1m[35mBEGIN /*action='create',application='UnoOnline',controller='games'*/[0m
  ↳ app/models/game.rb:91:in 'block in Game#generate_code'
  [1m[36mGame Exists? (5.8ms)[0m  [1m[34mSELECT 1 AS one FROM "games" WHERE "games"."code" = 'TLRZHX' LIMIT 1 /*action='create',application='UnoOnline',controller='games'*/[0m
  ↳ app/models/game.rb:91:in 'block in Game#generate_code'
  [1m[36mPlayer Exists? (0.5ms)[0m  [1m[34mSELECT 1 AS one FROM "players" WHERE "players"."position" = 0 AND "players"."game_id" IS NULL LIMIT 1 /*action='create',application='UnoOnline',controller='games'*/[0m
  ↳ app/controllers/games_controller.rb:17:in 'GamesController#create'
  [1m[36mPlayer Exists? (0.5ms)[0m  [1m[34mSELECT 1 AS one FROM "players" WHERE "players"."user_id" = 1 AND "players"."game_id" IS NULL LIMIT 1 /*action='create',application='UnoOnline',controller='games'*/[0m
  ↳ app/controllers/games_controller.rb:17:in 'GamesController#create'
  [1m[36mCACHE Game Exists? (0.1ms)[0m  [1m[34mSELECT 1 AS one FROM "games" WHERE "games"."code" = 'TLRZHX' LIMIT 1[0m
  ↳ app/controllers/games_controller.rb:17:in 'GamesController#create'
  [1m[36mGame Create (2.5ms)[0m  [1m[32mINSERT INTO "games" ("code", "status", "current_player_id", "direction", "top_card", "deck_state", "winner_id", "created_at", "updated_at", "visibility", "max_players", "host_id") VALUES ('TLRZHX', 'waiting', NULL, 'clockwise', NULL, NULL, NULL, '2026-10-02 08:07:53.515159', '2026-10-02 08:07:53.515159', 'public', 4, 1) RETURNING "id" /*action='create',application='UnoOnline',controller='games'*/[0m
  ↳ app/controllers/games_controller.rb:17:in 'GamesController#create'
  [1m[36mPlayer Exists? (0.6ms)[0m  [1m[34mSELECT 1 AS one FROM "players" WHERE "players"."position" = 0 AND "players"."game_id" = 23 LIMIT 1 /*action='create',application='UnoOnline',controller='games'*/[0m
  ↳ app/controllers/games_controller.rb:17:in 'GamesController#create'
  [1m[36mPlayer Exists? (0.5ms)[0m  [1m[34mSELECT 1 AS one FROM "players" WHERE "players"."user_id" = 1 AND "players"."game_id" = 23 LIMIT 1 /*action='create',application='UnoOnline',controller='games'*/[0m
  ↳ app/controllers/games_controller.rb:17:in 'GamesController#create'
  [1m[36mPlayer Create (1.6ms)[0m  [1m[32mINSERT INTO "players" ("game_id", "user_id", "position", "hand", "has_called_uno", "created_at", "updated_at", "ready") VALUES (23, 1, 0, '[]', FALSE, '2026-10-02 08:07:53.536069', '2026-10-02 08:07:53.536069', FALSE) RETURNING "id" /*action='create',application='UnoOnline',controller='games'*/[0m
  ↳ app/controllers/games_controller.rb:17:in 'GamesController#create'
  [1m[36mTRANSACTION (3.1ms)[0m  [1m[35mCOMMIT /*action='create',application='UnoOnline',controller='games'*/[0m
  ↳ app/controllers/games_controller.rb:17:in 'GamesController#create'
Redirected to http://127.0.0.1:3000/games/23
↳ app/controllers/games_controller.rb:18:in 'GamesController#create'
Completed 302 Found in 101ms (ActiveRecord: 16.1ms (9 queries, 1 cached) | GC: 0.0ms)


Started GET "/games/23" for 127.0.0.1 at 2026-10-02 11:07:53 +0300
Processing by GamesController#show as TURBO_STREAM
  Parameters: {"id" => "23"}
  [1m[36mUser Load (0.8ms)[0m  [1m[34mSELECT "users".* FROM "users" WHERE "users"."id" = 1 LIMIT 1 /*action='show',application='UnoOnline',controller='games'*/[0m
  ↳ app/controllers/application_controller.rb:19:in 'ApplicationController#current_user'
  [1m[36mGame Load (0.6ms)[0m  [1m[34mSELECT "games".* FROM "games" WHERE "games"."id" = 23 LIMIT 1 /*action='show',application='UnoOnline',controller='games'*/[0m
  ↳ app/controllers/games_controller.rb:88:in 'GamesController#set_game'
  [1m[36mPlayer Exists? (0.9ms)[0m  [1m[34mSELECT 1 AS one FROM "players" WHERE "players"."game_id" = 23 AND "players"."user_id" = 1 LIMIT 1 /*action='show',application='UnoOnline',controller='games'*/[0m
  ↳ app/controllers/games_controller.rb:92:in 'GamesController#require_membership'
  [1m[36mPlayer Load (1.1ms)[0m  [1m[34mSELECT "players".* FROM "players" WHERE "players"."game_id" = 23 AND "players"."user_id" = 1 ORDER BY "players"."position" ASC LIMIT 1 /*action='show',application='UnoOnline',controller='games'*/[0m
  ↳ app/controllers/games_controller.rb:47:in 'GamesController#show'
  Rendering layout layouts/application.html.erb
  Rendering games/show.html.erb within layouts/application
  Rendered shared/_logo.html.erb (Duration: 0.1ms | GC: 0.0ms)
  Rendered shared/_status_badge.html.erb (Duration: 0.1ms | GC: 0.0ms)
  [1m[36mPlayer Count (0.5ms)[0m  [1m[34mSELECT COUNT(*) FROM "players" WHERE "players"."game_id" = 23 /*action='show',application='UnoOnline',controller='games'*/[0m
  ↳ app/views/games/show.html.erb:17
  [1m[36mPlayer Load (0.7ms)[0m  [1m[34mSELECT "players".* FROM "players" WHERE "players"."game_id" = 23 ORDER BY "players"."position" ASC /*action='show',application='UnoOnline',controller='games'*/[0m
  ↳ app/views/games/show.html.erb:31
  [1m[36mCACHE User Load (0.0ms)[0m  [1m[34mSELECT "users".* FROM "users" WHERE "users"."id" = 1 LIMIT 1[0m
  ↳ app/views/games/show.html.erb:34
  Rendered games/show.html.erb within layouts/application (Duration: 13.4ms | GC: 0.0ms)
  Rendered layout layouts/application.html.erb (Duration: 15.4ms | GC: 0.0ms)
Completed 200 OK in 58ms (Views: 15.7ms | ActiveRecord: 4.4ms (7 queries, 1 cached) | GC: 0.0ms)


Started DELETE "/games/23" for 127.0.0.1 at 2026-10-02 11:07:56 +0300
Processing by GamesController#destroy as TURBO_STREAM
  Parameters: {"authenticity_token" => "[FILTERED]", "id" => "23"}
  [1m[36mUser Load (0.7ms)[0m  [1m[34mSELECT "users".* FROM "users" WHERE "users"."id" = 1 LIMIT 1 /*action='destroy',application='UnoOnline',controller='games'*/[0m
  ↳ app/controllers/application_controller.rb:19:in 'ApplicationController#current_user'
  [1m[36mGame Load (0.6ms)[0m  [1m[34mSELECT "games".* FROM "games" WHERE "games"."id" = 23 LIMIT 1 /*action='destroy',application='UnoOnline',controller='games'*/[0m
  ↳ app/controllers/games_controller.rb:88:in 'GamesController#set_game'
  [1m[36mTRANSACTION (0.3ms)[0m  [1m[35mBEGIN /*action='destroy',application='UnoOnline',controller='games'*/[0m
  ↳ app/controllers/games_controller.rb:78:in 'GamesController#destroy'
  [1m[36mPlayer Load (5.4ms)[0m  [1m[34mSELECT "players".* FROM "players" WHERE "players"."game_id" = 23 ORDER BY "players"."position" ASC /*action='destroy',application='UnoOnline',controller='games'*/[0m
  ↳ app/controllers/games_controller.rb:78:in 'GamesController#destroy'
  [1m[36mPlayer Destroy (1.6ms)[0m  [1m[31mDELETE FROM "players" WHERE "players"."id" = 59 /*action='destroy',application='UnoOnline',controller='games'*/[0m
  ↳ app/controllers/games_controller.rb:78:in 'GamesController#destroy'
  [1m[36mGame Destroy (1.1ms)[0m  [1m[31mDELETE FROM "games" WHERE "games"."id" = 23 /*action='destroy',application='UnoOnline',controller='games'*/[0m
  ↳ app/controllers/games_controller.rb:78:in 'GamesController#destroy'
  [1m[36mTRANSACTION (0.6ms)[0m  [1m[35mCOMMIT /*action='destroy',application='UnoOnline',controller='games'*/[0m
  ↳ app/controllers/games_controller.rb:78:in 'GamesController#destroy'
Redirected to http://127.0.0.1:3000/
↳ app/controllers/games_controller.rb:79:in 'GamesController#destroy'
Completed 302 Found in 58ms (ActiveRecord: 10.2ms (5 queries, 0 cached) | GC: 0.0ms)


Started GET "/" for 127.0.0.1 at 2026-10-02 11:07:56 +0300
Processing by GamesController#index as TURBO_STREAM
  [1m[36mUser Load (0.8ms)[0m  [1m[34mSELECT "users".* FROM "users" WHERE "users"."id" = 1 LIMIT 1 /*action='index',application='UnoOnline',controller='games'*/[0m
  ↳ app/controllers/application_controller.rb:19:in 'ApplicationController#current_user'
  Rendering layout layouts/application.html.erb
  Rendering games/index.html.erb within layouts/application
  Rendered shared/_logo.html.erb (Duration: 0.1ms | GC: 0.0ms)
Started GET "/games/23" for 127.0.0.1 at 2026-10-02 11:07:56 +0300
  [1m[36mGame Exists? (1.3ms)[0m  [1m[34mSELECT 1 AS one FROM "games" WHERE "games"."visibility" = 'public' LIMIT 1 /*action='index',application='UnoOnline',controller='games'*/[0m
  ↳ app/views/games/index.html.erb:61
  [1m[36mGame Load (1.9ms)[0m  [1m[34mSELECT "games".* FROM "games" WHERE "games"."visibility" = 'public' ORDER BY "games"."created_at" DESC /*action='index',application='UnoOnline',controller='games'*/[0m
  ↳ app/views/games/index.html.erb:65
  [1m[36mPlayer Load (2.1ms)[0m  [1m[34mSELECT "players".* FROM "players" WHERE "players"."game_id" IN (16, 2) ORDER BY "players"."position" ASC /*action='index',application='UnoOnline',controller='games'*/[0m
  ↳ app/views/games/index.html.erb:65
  Rendered shared/_status_badge.html.erb (Duration: 0.1ms | GC: 0.0ms)
  [1m[36mPlayer Exists? (1.7ms)[0m  [1m[34mSELECT 1 AS one FROM "players" WHERE "players"."game_id" = 16 AND "players"."user_id" = 1 LIMIT 1 /*action='index',application='UnoOnline',controller='games'*/[0m
  ↳ app/views/games/index.html.erb:76
  Rendered shared/_status_badge.html.erb (Duration: 0.1ms | GC: 0.0ms)
  [1m[36mPlayer Exists? (0.9ms)[0m  [1m[34mSELECT 1 AS one FROM "players" WHERE "players"."game_id" = 2 AND "players"."user_id" = 1 LIMIT 1 /*action='index',application='UnoOnline',controller='games'*/[0m
  ↳ app/views/games/index.html.erb:76
  [1m[36mPlayer Count (1.0ms)[0m  [1m[34mSELECT COUNT(*) FROM "players" WHERE "players"."game_id" = 2 /*action='index',application='UnoOnline',controller='games'*/[0m
  ↳ app/models/game.rb:26:in 'Game#full?'
  Rendered games/index.html.erb within layouts/application (Duration: 39.1ms | GC: 0.0ms)
  Rendered layout layouts/application.html.erb (Duration: 41.9ms | GC: 0.0ms)
Completed 200 OK in 97ms (Views: 34.8ms | ActiveRecord: 9.5ms (7 queries, 0 cached) | GC: 0.0ms)


Processing by GamesController#show as HTML
  Parameters: {"id" => "23"}
  [1m[36mUser Load (0.9ms)[0m  [1m[34mSELECT "users".* FROM "users" WHERE "users"."id" = 1 LIMIT 1 /*action='show',application='UnoOnline',controller='games'*/[0m
  ↳ app/controllers/application_controller.rb:19:in 'ApplicationController#current_user'
  [1m[36mGame Load (0.6ms)[0m  [1m[34mSELECT "games".* FROM "games" WHERE "games"."id" = 23 LIMIT 1 /*action='show',application='UnoOnline',controller='games'*/[0m
  ↳ app/controllers/games_controller.rb:88:in 'GamesController#set_game'
rescue_from handled ActiveRecord::RecordNotFound (Couldn't find Game with 'id'="23") - C:/Users/Тимофей/.local/share/gem/ruby/4.0.0/gems/activerecord-8.1.4/lib/active_record/core.rb:279:in 'ActiveRecord::Core::ClassMethods#find'
Redirected to http://127.0.0.1:3000/
↳ app/controllers/application_controller.rb:15:in 'ApplicationController#record_not_found'
Completed 302 Found in 36ms (ActiveRecord: 1.5ms (2 queries, 0 cached) | GC: 0.0ms)


Started GET "/" for 127.0.0.1 at 2026-10-02 11:07:56 +0300
Processing by GamesController#index as HTML
  [1m[36mUser Load (0.7ms)[0m  [1m[34mSELECT "users".* FROM "users" WHERE "users"."id" = 1 LIMIT 1 /*action='index',application='UnoOnline',controller='games'*/[0m
  ↳ app/controllers/application_controller.rb:19:in 'ApplicationController#current_user'
  Rendering layout layouts/application.html.erb
  Rendering games/index.html.erb within layouts/application
  Rendered shared/_logo.html.erb (Duration: 0.1ms | GC: 0.0ms)
  [1m[36mGame Exists? (0.6ms)[0m  [1m[34mSELECT 1 AS one FROM "games" WHERE "games"."visibility" = 'public' LIMIT 1 /*action='index',application='UnoOnline',controller='games'*/[0m
  ↳ app/views/games/index.html.erb:61
  [1m[36mGame Load (0.9ms)[0m  [1m[34mSELECT "games".* FROM "games" WHERE "games"."visibility" = 'public' ORDER BY "games"."created_at" DESC /*action='index',application='UnoOnline',controller='games'*/[0m
  ↳ app/views/games/index.html.erb:65
  [1m[36mPlayer Load (0.7ms)[0m  [1m[34mSELECT "players".* FROM "players" WHERE "players"."game_id" IN (16, 2) ORDER BY "players"."position" ASC /*action='index',application='UnoOnline',controller='games'*/[0m
  ↳ app/views/games/index.html.erb:65
  Rendered shared/_status_badge.html.erb (Duration: 0.1ms | GC: 0.0ms)
  [1m[36mPlayer Exists? (0.6ms)[0m  [1m[34mSELECT 1 AS one FROM "players" WHERE "players"."game_id" = 16 AND "players"."user_id" = 1 LIMIT 1 /*action='index',application='UnoOnline',controller='games'*/[0m
  ↳ app/views/games/index.html.erb:76
  Rendered shared/_status_badge.html.erb (Duration: 0.1ms | GC: 0.0ms)
  [1m[36mPlayer Exists? (0.6ms)[0m  [1m[34mSELECT 1 AS one FROM "players" WHERE "players"."game_id" = 2 AND "players"."user_id" = 1 LIMIT 1 /*action='index',application='UnoOnline',controller='games'*/[0m
  ↳ app/views/games/index.html.erb:76
  [1m[36mPlayer Count (0.6ms)[0m  [1m[34mSELECT COUNT(*) FROM "players" WHERE "players"."game_id" = 2 /*action='index',application='UnoOnline',controller='games'*/[0m
  ↳ app/models/game.rb:26:in 'Game#full?'
  Rendered games/index.html.erb within layouts/application (Duration: 28.0ms | GC: 0.0ms)
  Rendered layout layouts/application.html.erb (Duration: 29.8ms | GC: 0.0ms)
Completed 200 OK in 63ms (Views: 27.4ms | ActiveRecord: 4.7ms (7 queries, 0 cached) | GC: 0.0ms)


Started POST "/games" for 127.0.0.1 at 2026-10-02 11:08:02 +0300
Processing by GamesController#create as TURBO_STREAM
  Parameters: {"authenticity_token" => "[FILTERED]", "visibility" => "public", "max_players" => "4", "commit" => "Создать комнату"}
  [1m[36mUser Load (0.7ms)[0m  [1m[34mSELECT "users".* FROM "users" WHERE "users"."id" = 1 LIMIT 1 /*action='create',application='UnoOnline',controller='games'*/[0m
  ↳ app/controllers/application_controller.rb:19:in 'ApplicationController#current_user'
[31mUnpermitted parameters: :authenticity_token, :commit. Context: { controller: GamesController, action: create, request: #<ActionDispatch::Request:0x000001581079c458>, params: {"authenticity_token" => "[FILTERED]", "visibility" => "public", "max_players" => "4", "commit" => "Создать комнату", "controller" => "games", "action" => "create"} }[0m
  [1m[36mTRANSACTION (0.4ms)[0m  [1m[35mBEGIN /*action='create',application='UnoOnline',controller='games'*/[0m
  ↳ app/models/game.rb:91:in 'block in Game#generate_code'
  [1m[36mGame Exists? (4.1ms)[0m  [1m[34mSELECT 1 AS one FROM "games" WHERE "games"."code" = 'CABQB4' LIMIT 1 /*action='create',application='UnoOnline',controller='games'*/[0m
  ↳ app/models/game.rb:91:in 'block in Game#generate_code'
  [1m[36mPlayer Exists? (1.9ms)[0m  [1m[34mSELECT 1 AS one FROM "players" WHERE "players"."position" = 0 AND "players"."game_id" IS NULL LIMIT 1 /*action='create',application='UnoOnline',controller='games'*/[0m
  ↳ app/controllers/games_controller.rb:17:in 'GamesController#create'
  [1m[36mPlayer Exists? (0.5ms)[0m  [1m[34mSELECT 1 AS one FROM "players" WHERE "players"."user_id" = 1 AND "players"."game_id" IS NULL LIMIT 1 /*action='create',application='UnoOnline',controller='games'*/[0m
  ↳ app/controllers/games_controller.rb:17:in 'GamesController#create'
  [1m[36mCACHE Game Exists? (0.0ms)[0m  [1m[34mSELECT 1 AS one FROM "games" WHERE "games"."code" = 'CABQB4' LIMIT 1[0m
  ↳ app/controllers/games_controller.rb:17:in 'GamesController#create'
  [1m[36mGame Create (0.9ms)[0m  [1m[32mINSERT INTO "games" ("code", "status", "current_player_id", "direction", "top_card", "deck_state", "winner_id", "created_at", "updated_at", "visibility", "max_players", "host_id") VALUES ('CABQB4', 'waiting', NULL, 'clockwise', NULL, NULL, NULL, '2026-10-02 08:08:02.591907', '2026-10-02 08:08:02.591907', 'public', 4, 1) RETURNING "id" /*action='create',application='UnoOnline',controller='games'*/[0m
  ↳ app/controllers/games_controller.rb:17:in 'GamesController#create'
  [1m[36mPlayer Exists? (0.8ms)[0m  [1m[34mSELECT 1 AS one FROM "players" WHERE "players"."position" = 0 AND "players"."game_id" = 24 LIMIT 1 /*action='create',application='UnoOnline',controller='games'*/[0m
  ↳ app/controllers/games_controller.rb:17:in 'GamesController#create'
  [1m[36mPlayer Exists? (0.8ms)[0m  [1m[34mSELECT 1 AS one FROM "players" WHERE "players"."user_id" = 1 AND "players"."game_id" = 24 LIMIT 1 /*action='create',application='UnoOnline',controller='games'*/[0m
  ↳ app/controllers/games_controller.rb:17:in 'GamesController#create'
  [1m[36mPlayer Create (0.9ms)[0m  [1m[32mINSERT INTO "players" ("game_id", "user_id", "position", "hand", "has_called_uno", "created_at", "updated_at", "ready") VALUES (24, 1, 0, '[]', FALSE, '2026-10-02 08:08:02.609337', '2026-10-02 08:08:02.609337', FALSE) RETURNING "id" /*action='create',application='UnoOnline',controller='games'*/[0m
  ↳ app/controllers/games_controller.rb:17:in 'GamesController#create'
  [1m[36mTRANSACTION (3.7ms)[0m  [1m[35mCOMMIT /*action='create',application='UnoOnline',controller='games'*/[0m
  ↳ app/controllers/games_controller.rb:17:in 'GamesController#create'
Redirected to http://127.0.0.1:3000/games/24
↳ app/controllers/games_controller.rb:18:in 'GamesController#create'
Completed 302 Found in 87ms (ActiveRecord: 14.6ms (9 queries, 1 cached) | GC: 0.0ms)


Started GET "/games/24" for 127.0.0.1 at 2026-10-02 11:08:02 +0300
Processing by GamesController#show as TURBO_STREAM
  Parameters: {"id" => "24"}
  [1m[36mUser Load (0.7ms)[0m  [1m[34mSELECT "users".* FROM "users" WHERE "users"."id" = 1 LIMIT 1 /*action='show',application='UnoOnline',controller='games'*/[0m
  ↳ app/controllers/application_controller.rb:19:in 'ApplicationController#current_user'
  [1m[36mGame Load (0.6ms)[0m  [1m[34mSELECT "games".* FROM "games" WHERE "games"."id" = 24 LIMIT 1 /*action='show',application='UnoOnline',controller='games'*/[0m
  ↳ app/controllers/games_controller.rb:88:in 'GamesController#set_game'
  [1m[36mPlayer Exists? (0.6ms)[0m  [1m[34mSELECT 1 AS one FROM "players" WHERE "players"."game_id" = 24 AND "players"."user_id" = 1 LIMIT 1 /*action='show',application='UnoOnline',controller='games'*/[0m
  ↳ app/controllers/games_controller.rb:92:in 'GamesController#require_membership'
  [1m[36mPlayer Load (0.6ms)[0m  [1m[34mSELECT "players".* FROM "players" WHERE "players"."game_id" = 24 AND "players"."user_id" = 1 ORDER BY "players"."position" ASC LIMIT 1 /*action='show',application='UnoOnline',controller='games'*/[0m
  ↳ app/controllers/games_controller.rb:47:in 'GamesController#show'
  Rendering layout layouts/application.html.erb
  Rendering games/show.html.erb within layouts/application
  Rendered shared/_logo.html.erb (Duration: 0.1ms | GC: 0.0ms)
  Rendered shared/_status_badge.html.erb (Duration: 0.1ms | GC: 0.0ms)
  [1m[36mPlayer Count (0.6ms)[0m  [1m[34mSELECT COUNT(*) FROM "players" WHERE "players"."game_id" = 24 /*action='show',application='UnoOnline',controller='games'*/[0m
  ↳ app/views/games/show.html.erb:17
  [1m[36mPlayer Load (0.6ms)[0m  [1m[34mSELECT "players".* FROM "players" WHERE "players"."game_id" = 24 ORDER BY "players"."position" ASC /*action='show',application='UnoOnline',controller='games'*/[0m
  ↳ app/views/games/show.html.erb:31
  [1m[36mCACHE User Load (0.0ms)[0m  [1m[34mSELECT "users".* FROM "users" WHERE "users"."id" = 1 LIMIT 1[0m
  ↳ app/views/games/show.html.erb:34
  Rendered games/show.html.erb within layouts/application (Duration: 13.2ms | GC: 0.0ms)
  Rendered layout layouts/application.html.erb (Duration: 15.1ms | GC: 0.0ms)
Completed 200 OK in 56ms (Views: 15.3ms | ActiveRecord: 3.6ms (7 queries, 1 cached) | GC: 0.0ms)


Started DELETE "/games/24" for 127.0.0.1 at 2026-10-02 11:08:04 +0300
Processing by GamesController#destroy as TURBO_STREAM
  Parameters: {"authenticity_token" => "[FILTERED]", "id" => "24"}
  [1m[36mUser Load (0.8ms)[0m  [1m[34mSELECT "users".* FROM "users" WHERE "users"."id" = 1 LIMIT 1 /*action='destroy',application='UnoOnline',controller='games'*/[0m
  ↳ app/controllers/application_controller.rb:19:in 'ApplicationController#current_user'
  [1m[36mGame Load (0.9ms)[0m  [1m[34mSELECT "games".* FROM "games" WHERE "games"."id" = 24 LIMIT 1 /*action='destroy',application='UnoOnline',controller='games'*/[0m
  ↳ app/controllers/games_controller.rb:88:in 'GamesController#set_game'
  [1m[36mTRANSACTION (0.3ms)[0m  [1m[35mBEGIN /*action='destroy',application='UnoOnline',controller='games'*/[0m
  ↳ app/controllers/games_controller.rb:78:in 'GamesController#destroy'
  [1m[36mPlayer Load (5.5ms)[0m  [1m[34mSELECT "players".* FROM "players" WHERE "players"."game_id" = 24 ORDER BY "players"."position" ASC /*action='destroy',application='UnoOnline',controller='games'*/[0m
  ↳ app/controllers/games_controller.rb:78:in 'GamesController#destroy'
  [1m[36mPlayer Destroy (1.0ms)[0m  [1m[31mDELETE FROM "players" WHERE "players"."id" = 60 /*action='destroy',application='UnoOnline',controller='games'*/[0m
  ↳ app/controllers/games_controller.rb:78:in 'GamesController#destroy'
  [1m[36mGame Destroy (0.9ms)[0m  [1m[31mDELETE FROM "games" WHERE "games"."id" = 24 /*action='destroy',application='UnoOnline',controller='games'*/[0m
  ↳ app/controllers/games_controller.rb:78:in 'GamesController#destroy'
  [1m[36mTRANSACTION (3.8ms)[0m  [1m[35mCOMMIT /*action='destroy',application='UnoOnline',controller='games'*/[0m
  ↳ app/controllers/games_controller.rb:78:in 'GamesController#destroy'
Redirected to http://127.0.0.1:3000/
↳ app/controllers/games_controller.rb:79:in 'GamesController#destroy'
Completed 302 Found in 58ms (ActiveRecord: 13.1ms (5 queries, 0 cached) | GC: 0.0ms)


Started GET "/" for 127.0.0.1 at 2026-10-02 11:08:04 +0300
Processing by GamesController#index as TURBO_STREAM
  [1m[36mUser Load (0.8ms)[0m  [1m[34mSELECT "users".* FROM "users" WHERE "users"."id" = 1 LIMIT 1 /*action='index',application='UnoOnline',controller='games'*/[0m
  ↳ app/controllers/application_controller.rb:19:in 'ApplicationController#current_user'
  Rendering layout layouts/application.html.erb
  Rendering games/index.html.erb within layouts/application
  Rendered shared/_logo.html.erb (Duration: 0.1ms | GC: 0.0ms)
  [1m[36mGame Exists? (0.6ms)[0m  [1m[34mSELECT 1 AS one FROM "games" WHERE "games"."visibility" = 'public' LIMIT 1 /*action='index',application='UnoOnline',controller='games'*/[0m
  ↳ app/views/games/index.html.erb:61
  [1m[36mGame Load (0.6ms)[0m  [1m[34mSELECT "games".* FROM "games" WHERE "games"."visibility" = 'public' ORDER BY "games"."created_at" DESC /*action='index',application='UnoOnline',controller='games'*/[0m
  ↳ app/views/games/index.html.erb:65
  [1m[36mPlayer Load (0.7ms)[0m  [1m[34mSELECT "players".* FROM "players" WHERE "players"."game_id" IN (16, 2) ORDER BY "players"."position" ASC /*action='index',application='UnoOnline',controller='games'*/[0m
  ↳ app/views/games/index.html.erb:65
  Rendered shared/_status_badge.html.erb (Duration: 0.1ms | GC: 0.0ms)
  [1m[36mPlayer Exists? (0.8ms)[0m  [1m[34mSELECT 1 AS one FROM "players" WHERE "players"."game_id" = 16 AND "players"."user_id" = 1 LIMIT 1 /*action='index',application='UnoOnline',controller='games'*/[0m
  ↳ app/views/games/index.html.erb:76
  Rendered shared/_status_badge.html.erb (Duration: 0.1ms | GC: 0.0ms)
  [1m[36mPlayer Exists? (0.5ms)[0m  [1m[34mSELECT 1 AS one FROM "players" WHERE "players"."game_id" = 2 AND "players"."user_id" = 1 LIMIT 1 /*action='index',application='UnoOnline',controller='games'*/[0m
  ↳ app/views/games/index.html.erb:76
  [1m[36mPlayer Count (0.6ms)[0m  [1m[34mSELECT COUNT(*) FROM "players" WHERE "players"."game_id" = 2 /*action='index',application='UnoOnline',controller='games'*/[0m
  ↳ app/models/game.rb:26:in 'Game#full?'
  Rendered games/index.html.erb within layouts/application (Duration: 28.8ms | GC: 0.0ms)
  Rendered layout layouts/application.html.erb (Duration: 30.7ms | GC: 0.0ms)
Completed 200 OK in 59ms (Views: 28.5ms | ActiveRecord: 4.5ms (7 queries, 0 cached) | GC: 0.0ms)


Started POST "/games" for 127.0.0.1 at 2026-10-02 11:08:06 +0300
Processing by GamesController#create as TURBO_STREAM
  Parameters: {"authenticity_token" => "[FILTERED]", "visibility" => "public", "max_players" => "4", "commit" => "Создать комнату"}
  [1m[36mUser Load (1.0ms)[0m  [1m[34mSELECT "users".* FROM "users" WHERE "users"."id" = 1 LIMIT 1 /*action='create',application='UnoOnline',controller='games'*/[0m
  ↳ app/controllers/application_controller.rb:19:in 'ApplicationController#current_user'
[31mUnpermitted parameters: :authenticity_token, :commit. Context: { controller: GamesController, action: create, request: #<ActionDispatch::Request:0x00000158111700b0>, params: {"authenticity_token" => "[FILTERED]", "visibility" => "public", "max_players" => "4", "commit" => "Создать комнату", "controller" => "games", "action" => "create"} }[0m
  [1m[36mTRANSACTION (0.5ms)[0m  [1m[35mBEGIN /*action='create',application='UnoOnline',controller='games'*/[0m
  ↳ app/models/game.rb:91:in 'block in Game#generate_code'
  [1m[36mGame Exists? (4.6ms)[0m  [1m[34mSELECT 1 AS one FROM "games" WHERE "games"."code" = 'GICN4L' LIMIT 1 /*action='create',application='UnoOnline',controller='games'*/[0m
  ↳ app/models/game.rb:91:in 'block in Game#generate_code'
  [1m[36mPlayer Exists? (0.5ms)[0m  [1m[34mSELECT 1 AS one FROM "players" WHERE "players"."position" = 0 AND "players"."game_id" IS NULL LIMIT 1 /*action='create',application='UnoOnline',controller='games'*/[0m
  ↳ app/controllers/games_controller.rb:17:in 'GamesController#create'
  [1m[36mPlayer Exists? (0.5ms)[0m  [1m[34mSELECT 1 AS one FROM "players" WHERE "players"."user_id" = 1 AND "players"."game_id" IS NULL LIMIT 1 /*action='create',application='UnoOnline',controller='games'*/[0m
  ↳ app/controllers/games_controller.rb:17:in 'GamesController#create'
  [1m[36mCACHE Game Exists? (0.0ms)[0m  [1m[34mSELECT 1 AS one FROM "games" WHERE "games"."code" = 'GICN4L' LIMIT 1[0m
  ↳ app/controllers/games_controller.rb:17:in 'GamesController#create'
  [1m[36mGame Create (0.8ms)[0m  [1m[32mINSERT INTO "games" ("code", "status", "current_player_id", "direction", "top_card", "deck_state", "winner_id", "created_at", "updated_at", "visibility", "max_players", "host_id") VALUES ('GICN4L', 'waiting', NULL, 'clockwise', NULL, NULL, NULL, '2026-10-02 08:08:06.598515', '2026-10-02 08:08:06.598515', 'public', 4, 1) RETURNING "id" /*action='create',application='UnoOnline',controller='games'*/[0m
  ↳ app/controllers/games_controller.rb:17:in 'GamesController#create'
  [1m[36mPlayer Exists? (0.6ms)[0m  [1m[34mSELECT 1 AS one FROM "players" WHERE "players"."position" = 0 AND "players"."game_id" = 25 LIMIT 1 /*action='create',application='UnoOnline',controller='games'*/[0m
  ↳ app/controllers/games_controller.rb:17:in 'GamesController#create'
  [1m[36mPlayer Exists? (0.6ms)[0m  [1m[34mSELECT 1 AS one FROM "players" WHERE "players"."user_id" = 1 AND "players"."game_id" = 25 LIMIT 1 /*action='create',application='UnoOnline',controller='games'*/[0m
  ↳ app/controllers/games_controller.rb:17:in 'GamesController#create'
  [1m[36mPlayer Create (1.0ms)[0m  [1m[32mINSERT INTO "players" ("game_id", "user_id", "position", "hand", "has_called_uno", "created_at", "updated_at", "ready") VALUES (25, 1, 0, '[]', FALSE, '2026-10-02 08:08:06.615947', '2026-10-02 08:08:06.615947', FALSE) RETURNING "id" /*action='create',application='UnoOnline',controller='games'*/[0m
  ↳ app/controllers/games_controller.rb:17:in 'GamesController#create'
  [1m[36mTRANSACTION (3.8ms)[0m  [1m[35mCOMMIT /*action='create',application='UnoOnline',controller='games'*/[0m
  ↳ app/controllers/games_controller.rb:17:in 'GamesController#create'
Redirected to http://127.0.0.1:3000/games/25
↳ app/controllers/games_controller.rb:18:in 'GamesController#create'
Completed 302 Found in 90ms (ActiveRecord: 13.8ms (9 queries, 1 cached) | GC: 0.0ms)


Started GET "/games/25" for 127.0.0.1 at 2026-10-02 11:08:06 +0300
Processing by GamesController#show as TURBO_STREAM
  Parameters: {"id" => "25"}
  [1m[36mUser Load (0.9ms)[0m  [1m[34mSELECT "users".* FROM "users" WHERE "users"."id" = 1 LIMIT 1 /*action='show',application='UnoOnline',controller='games'*/[0m
  ↳ app/controllers/application_controller.rb:19:in 'ApplicationController#current_user'
  [1m[36mGame Load (0.9ms)[0m  [1m[34mSELECT "games".* FROM "games" WHERE "games"."id" = 25 LIMIT 1 /*action='show',application='UnoOnline',controller='games'*/[0m
  ↳ app/controllers/games_controller.rb:88:in 'GamesController#set_game'
  [1m[36mPlayer Exists? (0.9ms)[0m  [1m[34mSELECT 1 AS one FROM "players" WHERE "players"."game_id" = 25 AND "players"."user_id" = 1 LIMIT 1 /*action='show',application='UnoOnline',controller='games'*/[0m
  ↳ app/controllers/games_controller.rb:92:in 'GamesController#require_membership'
  [1m[36mPlayer Load (1.1ms)[0m  [1m[34mSELECT "players".* FROM "players" WHERE "players"."game_id" = 25 AND "players"."user_id" = 1 ORDER BY "players"."position" ASC LIMIT 1 /*action='show',application='UnoOnline',controller='games'*/[0m
  ↳ app/controllers/games_controller.rb:47:in 'GamesController#show'
  Rendering layout layouts/application.html.erb
  Rendering games/show.html.erb within layouts/application
  Rendered shared/_logo.html.erb (Duration: 0.1ms | GC: 0.0ms)
  Rendered shared/_status_badge.html.erb (Duration: 0.2ms | GC: 0.0ms)
  [1m[36mPlayer Count (0.9ms)[0m  [1m[34mSELECT COUNT(*) FROM "players" WHERE "players"."game_id" = 25 /*action='show',application='UnoOnline',controller='games'*/[0m
  ↳ app/views/games/show.html.erb:17
  [1m[36mPlayer Load (0.9ms)[0m  [1m[34mSELECT "players".* FROM "players" WHERE "players"."game_id" = 25 ORDER BY "players"."position" ASC /*action='show',application='UnoOnline',controller='games'*/[0m
  ↳ app/views/games/show.html.erb:31
  [1m[36mCACHE User Load (0.0ms)[0m  [1m[34mSELECT "users".* FROM "users" WHERE "users"."id" = 1 LIMIT 1[0m
  ↳ app/views/games/show.html.erb:34
  Rendered games/show.html.erb within layouts/application (Duration: 13.5ms | GC: 0.0ms)
  Rendered layout layouts/application.html.erb (Duration: 15.4ms | GC: 0.0ms)
Completed 200 OK in 57ms (Views: 15.2ms | ActiveRecord: 5.5ms (7 queries, 1 cached) | GC: 0.0ms)


Started GET "/games/25" for 127.0.0.1 at 2026-10-02 11:08:09 +0300
Processing by GamesController#show as HTML
  Parameters: {"id" => "25"}
  [1m[36mUser Load (0.8ms)[0m  [1m[34mSELECT "users".* FROM "users" WHERE "users"."id" = 1 LIMIT 1 /*action='show',application='UnoOnline',controller='games'*/[0m
  ↳ app/controllers/application_controller.rb:19:in 'ApplicationController#current_user'
  [1m[36mGame Load (0.6ms)[0m  [1m[34mSELECT "games".* FROM "games" WHERE "games"."id" = 25 LIMIT 1 /*action='show',application='UnoOnline',controller='games'*/[0m
  ↳ app/controllers/games_controller.rb:88:in 'GamesController#set_game'
  [1m[36mPlayer Exists? (0.5ms)[0m  [1m[34mSELECT 1 AS one FROM "players" WHERE "players"."game_id" = 25 AND "players"."user_id" = 1 LIMIT 1 /*action='show',application='UnoOnline',controller='games'*/[0m
  ↳ app/controllers/games_controller.rb:92:in 'GamesController#require_membership'
  [1m[36mPlayer Load (0.7ms)[0m  [1m[34mSELECT "players".* FROM "players" WHERE "players"."game_id" = 25 AND "players"."user_id" = 1 ORDER BY "players"."position" ASC LIMIT 1 /*action='show',application='UnoOnline',controller='games'*/[0m
  ↳ app/controllers/games_controller.rb:47:in 'GamesController#show'
  Rendering layout layouts/application.html.erb
  Rendering games/show.html.erb within layouts/application
  Rendered shared/_logo.html.erb (Duration: 0.1ms | GC: 0.0ms)
  Rendered shared/_status_badge.html.erb (Duration: 0.1ms | GC: 0.0ms)
  [1m[36mPlayer Count (0.5ms)[0m  [1m[34mSELECT COUNT(*) FROM "players" WHERE "players"."game_id" = 25 /*action='show',application='UnoOnline',controller='games'*/[0m
  ↳ app/views/games/show.html.erb:17
  [1m[36mPlayer Load (0.5ms)[0m  [1m[34mSELECT "players".* FROM "players" WHERE "players"."game_id" = 25 ORDER BY "players"."position" ASC /*action='show',application='UnoOnline',controller='games'*/[0m
  ↳ app/views/games/show.html.erb:31
  [1m[36mCACHE User Load (0.0ms)[0m  [1m[34mSELECT "users".* FROM "users" WHERE "users"."id" = 1 LIMIT 1[0m
  ↳ app/views/games/show.html.erb:34
  Rendered games/show.html.erb within layouts/application (Duration: 13.3ms | GC: 0.0ms)
  Rendered layout layouts/application.html.erb (Duration: 15.1ms | GC: 0.0ms)
Completed 200 OK in 62ms (Views: 15.4ms | ActiveRecord: 3.5ms (7 queries, 1 cached) | GC: 0.0ms)


Started GET "/games/25" for 127.0.0.1 at 2026-10-02 11:08:13 +0300
Processing by GamesController#show as HTML
  Parameters: {"id" => "25"}
  [1m[36mUser Load (0.9ms)[0m  [1m[34mSELECT "users".* FROM "users" WHERE "users"."id" = 1 LIMIT 1 /*action='show',application='UnoOnline',controller='games'*/[0m
  ↳ app/controllers/application_controller.rb:19:in 'ApplicationController#current_user'
  [1m[36mGame Load (0.9ms)[0m  [1m[34mSELECT "games".* FROM "games" WHERE "games"."id" = 25 LIMIT 1 /*action='show',application='UnoOnline',controller='games'*/[0m
  ↳ app/controllers/games_controller.rb:88:in 'GamesController#set_game'
  [1m[36mPlayer Exists? (0.9ms)[0m  [1m[34mSELECT 1 AS one FROM "players" WHERE "players"."game_id" = 25 AND "players"."user_id" = 1 LIMIT 1 /*action='show',application='UnoOnline',controller='games'*/[0m
  ↳ app/controllers/games_controller.rb:92:in 'GamesController#require_membership'
  [1m[36mPlayer Load (0.9ms)[0m  [1m[34mSELECT "players".* FROM "players" WHERE "players"."game_id" = 25 AND "players"."user_id" = 1 ORDER BY "players"."position" ASC LIMIT 1 /*action='show',application='UnoOnline',controller='games'*/[0m
  ↳ app/controllers/games_controller.rb:47:in 'GamesController#show'
  Rendering layout layouts/application.html.erb
  Rendering games/show.html.erb within layouts/application
  Rendered shared/_logo.html.erb (Duration: 0.1ms | GC: 0.0ms)
  Rendered shared/_status_badge.html.erb (Duration: 0.1ms | GC: 0.0ms)
  [1m[36mPlayer Count (0.8ms)[0m  [1m[34mSELECT COUNT(*) FROM "players" WHERE "players"."game_id" = 25 /*action='show',application='UnoOnline',controller='games'*/[0m
  ↳ app/views/games/show.html.erb:17
  [1m[36mPlayer Load (0.6ms)[0m  [1m[34mSELECT "players".* FROM "players" WHERE "players"."game_id" = 25 ORDER BY "players"."position" ASC /*action='show',application='UnoOnline',controller='games'*/[0m
  ↳ app/views/games/show.html.erb:31
  [1m[36mCACHE User Load (0.0ms)[0m  [1m[34mSELECT "users".* FROM "users" WHERE "users"."id" = 1 LIMIT 1[0m
  ↳ app/views/games/show.html.erb:34
  Rendered games/show.html.erb within layouts/application (Duration: 12.5ms | GC: 0.0ms)
  Rendered layout layouts/application.html.erb (Duration: 14.5ms | GC: 0.0ms)
Completed 200 OK in 56ms (Views: 14.6ms | ActiveRecord: 4.8ms (7 queries, 1 cached) | GC: 0.0ms)


Started GET "/games/25" for 127.0.0.1 at 2026-10-02 11:08:16 +0300
Processing by GamesController#show as HTML
  Parameters: {"id" => "25"}
  [1m[36mUser Load (1.0ms)[0m  [1m[34mSELECT "users".* FROM "users" WHERE "users"."id" = 1 LIMIT 1 /*action='show',application='UnoOnline',controller='games'*/[0m
  ↳ app/controllers/application_controller.rb:19:in 'ApplicationController#current_user'
  [1m[36mGame Load (0.8ms)[0m  [1m[34mSELECT "games".* FROM "games" WHERE "games"."id" = 25 LIMIT 1 /*action='show',application='UnoOnline',controller='games'*/[0m
  ↳ app/controllers/games_controller.rb:88:in 'GamesController#set_game'
  [1m[36mPlayer Exists? (0.7ms)[0m  [1m[34mSELECT 1 AS one FROM "players" WHERE "players"."game_id" = 25 AND "players"."user_id" = 1 LIMIT 1 /*action='show',application='UnoOnline',controller='games'*/[0m
  ↳ app/controllers/games_controller.rb:92:in 'GamesController#require_membership'
  [1m[36mPlayer Load (0.7ms)[0m  [1m[34mSELECT "players".* FROM "players" WHERE "players"."game_id" = 25 AND "players"."user_id" = 1 ORDER BY "players"."position" ASC LIMIT 1 /*action='show',application='UnoOnline',controller='games'*/[0m
  ↳ app/controllers/games_controller.rb:47:in 'GamesController#show'
  Rendering layout layouts/application.html.erb
  Rendering games/show.html.erb within layouts/application
  Rendered shared/_logo.html.erb (Duration: 0.1ms | GC: 0.0ms)
  Rendered shared/_status_badge.html.erb (Duration: 0.1ms | GC: 0.0ms)
  [1m[36mPlayer Count (0.7ms)[0m  [1m[34mSELECT COUNT(*) FROM "players" WHERE "players"."game_id" = 25 /*action='show',application='UnoOnline',controller='games'*/[0m
  ↳ app/views/games/show.html.erb:17
  [1m[36mPlayer Load (0.7ms)[0m  [1m[34mSELECT "players".* FROM "players" WHERE "players"."game_id" = 25 ORDER BY "players"."position" ASC /*action='show',application='UnoOnline',controller='games'*/[0m
  ↳ app/views/games/show.html.erb:31
  [1m[36mCACHE User Load (0.0ms)[0m  [1m[34mSELECT "users".* FROM "users" WHERE "users"."id" = 1 LIMIT 1[0m
  ↳ app/views/games/show.html.erb:34
  Rendered games/show.html.erb within layouts/application (Duration: 13.4ms | GC: 0.0ms)
  Rendered layout layouts/application.html.erb (Duration: 15.4ms | GC: 0.0ms)
Completed 200 OK in 68ms (Views: 15.6ms | ActiveRecord: 4.5ms (7 queries, 1 cached) | GC: 0.0ms)


Started GET "/games/25" for 127.0.0.1 at 2026-10-02 11:08:19 +0300
Processing by GamesController#show as HTML
  Parameters: {"id" => "25"}
  [1m[36mUser Load (0.7ms)[0m  [1m[34mSELECT "users".* FROM "users" WHERE "users"."id" = 1 LIMIT 1 /*action='show',application='UnoOnline',controller='games'*/[0m
  ↳ app/controllers/application_controller.rb:19:in 'ApplicationController#current_user'
  [1m[36mGame Load (0.6ms)[0m  [1m[34mSELECT "games".* FROM "games" WHERE "games"."id" = 25 LIMIT 1 /*action='show',application='UnoOnline',controller='games'*/[0m
  ↳ app/controllers/games_controller.rb:88:in 'GamesController#set_game'
  [1m[36mPlayer Exists? (0.6ms)[0m  [1m[34mSELECT 1 AS one FROM "players" WHERE "players"."game_id" = 25 AND "players"."user_id" = 1 LIMIT 1 /*action='show',application='UnoOnline',controller='games'*/[0m
  ↳ app/controllers/games_controller.rb:92:in 'GamesController#require_membership'
  [1m[36mPlayer Load (0.6ms)[0m  [1m[34mSELECT "players".* FROM "players" WHERE "players"."game_id" = 25 AND "players"."user_id" = 1 ORDER BY "players"."position" ASC LIMIT 1 /*action='show',application='UnoOnline',controller='games'*/[0m
  ↳ app/controllers/games_controller.rb:47:in 'GamesController#show'
  Rendering layout layouts/application.html.erb
  Rendering games/show.html.erb within layouts/application
  Rendered shared/_logo.html.erb (Duration: 0.1ms | GC: 0.0ms)
  Rendered shared/_status_badge.html.erb (Duration: 0.1ms | GC: 0.0ms)
  [1m[36mPlayer Count (0.7ms)[0m  [1m[34mSELECT COUNT(*) FROM "players" WHERE "players"."game_id" = 25 /*action='show',application='UnoOnline',controller='games'*/[0m
  ↳ app/views/games/show.html.erb:17
  [1m[36mPlayer Load (0.5ms)[0m  [1m[34mSELECT "players".* FROM "players" WHERE "players"."game_id" = 25 ORDER BY "players"."position" ASC /*action='show',application='UnoOnline',controller='games'*/[0m
  ↳ app/views/games/show.html.erb:31
  [1m[36mCACHE User Load (0.0ms)[0m  [1m[34mSELECT "users".* FROM "users" WHERE "users"."id" = 1 LIMIT 1[0m
  ↳ app/views/games/show.html.erb:34
  Rendered games/show.html.erb within layouts/application (Duration: 13.5ms | GC: 0.0ms)
  Rendered layout layouts/application.html.erb (Duration: 15.3ms | GC: 0.0ms)
Completed 200 OK in 54ms (Views: 15.5ms | ActiveRecord: 3.5ms (7 queries, 1 cached) | GC: 0.0ms)


Started GET "/games/25" for 127.0.0.1 at 2026-10-02 11:08:22 +0300
Processing by GamesController#show as HTML
  Parameters: {"id" => "25"}
  [1m[36mUser Load (0.7ms)[0m  [1m[34mSELECT "users".* FROM "users" WHERE "users"."id" = 1 LIMIT 1 /*action='show',application='UnoOnline',controller='games'*/[0m
  ↳ app/controllers/application_controller.rb:19:in 'ApplicationController#current_user'
  [1m[36mGame Load (0.6ms)[0m  [1m[34mSELECT "games".* FROM "games" WHERE "games"."id" = 25 LIMIT 1 /*action='show',application='UnoOnline',controller='games'*/[0m
  ↳ app/controllers/games_controller.rb:88:in 'GamesController#set_game'
  [1m[36mPlayer Exists? (0.8ms)[0m  [1m[34mSELECT 1 AS one FROM "players" WHERE "players"."game_id" = 25 AND "players"."user_id" = 1 LIMIT 1 /*action='show',application='UnoOnline',controller='games'*/[0m
  ↳ app/controllers/games_controller.rb:92:in 'GamesController#require_membership'
  [1m[36mPlayer Load (0.6ms)[0m  [1m[34mSELECT "players".* FROM "players" WHERE "players"."game_id" = 25 AND "players"."user_id" = 1 ORDER BY "players"."position" ASC LIMIT 1 /*action='show',application='UnoOnline',controller='games'*/[0m
  ↳ app/controllers/games_controller.rb:47:in 'GamesController#show'
  Rendering layout layouts/application.html.erb
  Rendering games/show.html.erb within layouts/application
  Rendered shared/_logo.html.erb (Duration: 0.1ms | GC: 0.0ms)
  Rendered shared/_status_badge.html.erb (Duration: 0.1ms | GC: 0.0ms)
  [1m[36mPlayer Count (0.5ms)[0m  [1m[34mSELECT COUNT(*) FROM "players" WHERE "players"."game_id" = 25 /*action='show',application='UnoOnline',controller='games'*/[0m
  ↳ app/views/games/show.html.erb:17
  [1m[36mPlayer Load (0.6ms)[0m  [1m[34mSELECT "players".* FROM "players" WHERE "players"."game_id" = 25 ORDER BY "players"."position" ASC /*action='show',application='UnoOnline',controller='games'*/[0m
  ↳ app/views/games/show.html.erb:31
  [1m[36mCACHE User Load (0.0ms)[0m  [1m[34mSELECT "users".* FROM "users" WHERE "users"."id" = 1 LIMIT 1[0m
  ↳ app/views/games/show.html.erb:34
  Rendered games/show.html.erb within layouts/application (Duration: 12.3ms | GC: 0.0ms)
  Rendered layout layouts/application.html.erb (Duration: 14.1ms | GC: 0.0ms)
Completed 200 OK in 53ms (Views: 14.5ms | ActiveRecord: 3.7ms (7 queries, 1 cached) | GC: 0.0ms)


Started GET "/games/16" for 127.0.0.1 at 2026-10-02 11:08:26 +0300
Started GET "/games/25" for 127.0.0.1 at 2026-10-02 11:08:26 +0300
Processing by GamesController#show as HTML
  Parameters: {"id" => "16"}
  [1m[36mUser Load (0.7ms)[0m  [1m[34mSELECT "users".* FROM "users" WHERE "users"."id" = 5 LIMIT 1 /*action='show',application='UnoOnline',controller='games'*/[0m
  ↳ app/controllers/application_controller.rb:19:in 'ApplicationController#current_user'
  [1m[36mGame Load (0.6ms)[0m  [1m[34mSELECT "games".* FROM "games" WHERE "games"."id" = 16 LIMIT 1 /*action='show',application='UnoOnline',controller='games'*/[0m
  ↳ app/controllers/games_controller.rb:88:in 'GamesController#set_game'
  [1m[36mPlayer Exists? (0.6ms)[0m  [1m[34mSELECT 1 AS one FROM "players" WHERE "players"."game_id" = 16 AND "players"."user_id" = 5 LIMIT 1 /*action='show',application='UnoOnline',controller='games'*/[0m
  ↳ app/controllers/games_controller.rb:92:in 'GamesController#require_membership'
  [1m[36mPlayer Load (1.0ms)[0m  [1m[34mSELECT "players".* FROM "players" WHERE "players"."game_id" = 16 AND "players"."user_id" = 5 ORDER BY "players"."position" ASC LIMIT 1 /*action='show',application='UnoOnline',controller='games'*/[0m
  ↳ app/controllers/games_controller.rb:47:in 'GamesController#show'
  Rendering layout layouts/application.html.erb
  Rendering games/show.html.erb within layouts/application
  Rendered shared/_logo.html.erb (Duration: 0.1ms | GC: 0.0ms)
  Rendered shared/_status_badge.html.erb (Duration: 0.1ms | GC: 0.0ms)
Processing by GamesController#show as HTML
  Parameters: {"id" => "25"}
  [1m[36mPlayer Count (1.2ms)[0m  [1m[34mSELECT COUNT(*) FROM "players" WHERE "players"."game_id" = 16 /*action='show',application='UnoOnline',controller='games'*/[0m
  ↳ app/views/games/show.html.erb:17
  [1m[36mPlayer Load (5.4ms)[0m  [1m[34mSELECT "players".* FROM "players" WHERE "players"."game_id" = 16 ORDER BY "players"."position" ASC /*action='show',application='UnoOnline',controller='games'*/[0m
  ↳ app/views/games/show.html.erb:31
  [1m[36mUser Load (0.5ms)[0m  [1m[34mSELECT "users".* FROM "users" WHERE "users"."id" = 1 LIMIT 1 /*action='show',application='UnoOnline',controller='games'*/[0m
  ↳ app/views/games/show.html.erb:34
  [1m[36mUser Load (3.1ms)[0m  [1m[34mSELECT "users".* FROM "users" WHERE "users"."id" = 4 LIMIT 1 /*action='show',application='UnoOnline',controller='games'*/[0m
  ↳ app/views/games/show.html.erb:34
  [1m[36mCACHE User Load (0.0ms)[0m  [1m[34mSELECT "users".* FROM "users" WHERE "users"."id" = 5 LIMIT 1[0m
  ↳ app/views/games/show.html.erb:34
  Rendered games/show.html.erb within layouts/application (Duration: 35.8ms | GC: 0.0ms)
  Rendered layout layouts/application.html.erb (Duration: 40.6ms | GC: 0.0ms)
Completed 200 OK in 96ms (Views: 31.9ms | ActiveRecord: 13.1ms (9 queries, 1 cached) | GC: 0.0ms)


  [1m[36mUser Load (0.6ms)[0m  [1m[34mSELECT "users".* FROM "users" WHERE "users"."id" = 1 LIMIT 1 /*action='show',application='UnoOnline',controller='games'*/[0m
  ↳ app/controllers/application_controller.rb:19:in 'ApplicationController#current_user'
  [1m[36mGame Load (0.5ms)[0m  [1m[34mSELECT "games".* FROM "games" WHERE "games"."id" = 25 LIMIT 1 /*action='show',application='UnoOnline',controller='games'*/[0m
  ↳ app/controllers/games_controller.rb:88:in 'GamesController#set_game'
  [1m[36mPlayer Exists? (0.5ms)[0m  [1m[34mSELECT 1 AS one FROM "players" WHERE "players"."game_id" = 25 AND "players"."user_id" = 1 LIMIT 1 /*action='show',application='UnoOnline',controller='games'*/[0m
  ↳ app/controllers/games_controller.rb:92:in 'GamesController#require_membership'
  [1m[36mPlayer Load (0.6ms)[0m  [1m[34mSELECT "players".* FROM "players" WHERE "players"."game_id" = 25 AND "players"."user_id" = 1 ORDER BY "players"."position" ASC LIMIT 1 /*action='show',application='UnoOnline',controller='games'*/[0m
  ↳ app/controllers/games_controller.rb:47:in 'GamesController#show'
  Rendering layout layouts/application.html.erb
  Rendering games/show.html.erb within layouts/application
  Rendered shared/_logo.html.erb (Duration: 0.1ms | GC: 0.0ms)
  Rendered shared/_status_badge.html.erb (Duration: 0.1ms | GC: 0.0ms)
  [1m[36mPlayer Count (0.6ms)[0m  [1m[34mSELECT COUNT(*) FROM "players" WHERE "players"."game_id" = 25 /*action='show',application='UnoOnline',controller='games'*/[0m
  ↳ app/views/games/show.html.erb:17
  [1m[36mPlayer Load (0.6ms)[0m  [1m[34mSELECT "players".* FROM "players" WHERE "players"."game_id" = 25 ORDER BY "players"."position" ASC /*action='show',application='UnoOnline',controller='games'*/[0m
  ↳ app/views/games/show.html.erb:31
  [1m[36mCACHE User Load (0.0ms)[0m  [1m[34mSELECT "users".* FROM "users" WHERE "users"."id" = 1 LIMIT 1[0m
  ↳ app/views/games/show.html.erb:34
  Rendered games/show.html.erb within layouts/application (Duration: 13.0ms | GC: 0.0ms)
  Rendered layout layouts/application.html.erb (Duration: 15.5ms | GC: 0.0ms)
Completed 200 OK in 72ms (Views: 15.8ms | ActiveRecord: 3.3ms (7 queries, 1 cached) | GC: 0.0ms)


Started GET "/" for 127.0.0.1 at 2026-10-02 11:08:28 +0300
Processing by GamesController#index as HTML
  [1m[36mUser Load (0.9ms)[0m  [1m[34mSELECT "users".* FROM "users" WHERE "users"."id" = 5 LIMIT 1 /*action='index',application='UnoOnline',controller='games'*/[0m
  ↳ app/controllers/application_controller.rb:19:in 'ApplicationController#current_user'
  Rendering layout layouts/application.html.erb
  Rendering games/index.html.erb within layouts/application
  Rendered shared/_logo.html.erb (Duration: 0.1ms | GC: 0.0ms)
  [1m[36mGame Exists? (0.9ms)[0m  [1m[34mSELECT 1 AS one FROM "games" WHERE "games"."visibility" = 'public' LIMIT 1 /*action='index',application='UnoOnline',controller='games'*/[0m
  ↳ app/views/games/index.html.erb:61
  [1m[36mGame Load (0.6ms)[0m  [1m[34mSELECT "games".* FROM "games" WHERE "games"."visibility" = 'public' ORDER BY "games"."created_at" DESC /*action='index',application='UnoOnline',controller='games'*/[0m
  ↳ app/views/games/index.html.erb:65
  [1m[36mPlayer Load (0.6ms)[0m  [1m[34mSELECT "players".* FROM "players" WHERE "players"."game_id" IN (25, 16, 2) ORDER BY "players"."position" ASC /*action='index',application='UnoOnline',controller='games'*/[0m
  ↳ app/views/games/index.html.erb:65
  Rendered shared/_status_badge.html.erb (Duration: 0.1ms | GC: 0.0ms)
  [1m[36mPlayer Exists? (0.5ms)[0m  [1m[34mSELECT 1 AS one FROM "players" WHERE "players"."game_id" = 25 AND "players"."user_id" = 5 LIMIT 1 /*action='index',application='UnoOnline',controller='games'*/[0m
  ↳ app/views/games/index.html.erb:76
  [1m[36mPlayer Count (0.5ms)[0m  [1m[34mSELECT COUNT(*) FROM "players" WHERE "players"."game_id" = 25 /*action='index',application='UnoOnline',controller='games'*/[0m
  ↳ app/models/game.rb:26:in 'Game#full?'
  Rendered shared/_status_badge.html.erb (Duration: 0.1ms | GC: 0.0ms)
  [1m[36mPlayer Exists? (0.6ms)[0m  [1m[34mSELECT 1 AS one FROM "players" WHERE "players"."game_id" = 16 AND "players"."user_id" = 5 LIMIT 1 /*action='index',application='UnoOnline',controller='games'*/[0m
  ↳ app/views/games/index.html.erb:76
  Rendered shared/_status_badge.html.erb (Duration: 0.1ms | GC: 0.0ms)
  [1m[36mPlayer Exists? (0.5ms)[0m  [1m[34mSELECT 1 AS one FROM "players" WHERE "players"."game_id" = 2 AND "players"."user_id" = 5 LIMIT 1 /*action='index',application='UnoOnline',controller='games'*/[0m
  ↳ app/views/games/index.html.erb:76
  [1m[36mPlayer Count (0.7ms)[0m  [1m[34mSELECT COUNT(*) FROM "players" WHERE "players"."game_id" = 2 /*action='index',application='UnoOnline',controller='games'*/[0m
  ↳ app/models/game.rb:26:in 'Game#full?'
  Rendered games/index.html.erb within layouts/application (Duration: 36.9ms | GC: 0.0ms)
  Rendered layout layouts/application.html.erb (Duration: 38.7ms | GC: 0.0ms)
Completed 200 OK in 68ms (Views: 35.3ms | ActiveRecord: 5.6ms (9 queries, 0 cached) | GC: 0.0ms)


Started GET "/games/25" for 127.0.0.1 at 2026-10-02 11:08:29 +0300
Processing by GamesController#show as HTML
  Parameters: {"id" => "25"}
  [1m[36mUser Load (0.7ms)[0m  [1m[34mSELECT "users".* FROM "users" WHERE "users"."id" = 1 LIMIT 1 /*action='show',application='UnoOnline',controller='games'*/[0m
  ↳ app/controllers/application_controller.rb:19:in 'ApplicationController#current_user'
  [1m[36mGame Load (0.7ms)[0m  [1m[34mSELECT "games".* FROM "games" WHERE "games"."id" = 25 LIMIT 1 /*action='show',application='UnoOnline',controller='games'*/[0m
  ↳ app/controllers/games_controller.rb:88:in 'GamesController#set_game'
  [1m[36mPlayer Exists? (0.6ms)[0m  [1m[34mSELECT 1 AS one FROM "players" WHERE "players"."game_id" = 25 AND "players"."user_id" = 1 LIMIT 1 /*action='show',application='UnoOnline',controller='games'*/[0m
  ↳ app/controllers/games_controller.rb:92:in 'GamesController#require_membership'
  [1m[36mPlayer Load (0.7ms)[0m  [1m[34mSELECT "players".* FROM "players" WHERE "players"."game_id" = 25 AND "players"."user_id" = 1 ORDER BY "players"."position" ASC LIMIT 1 /*action='show',application='UnoOnline',controller='games'*/[0m
  ↳ app/controllers/games_controller.rb:47:in 'GamesController#show'
  Rendering layout layouts/application.html.erb
  Rendering games/show.html.erb within layouts/application
  Rendered shared/_logo.html.erb (Duration: 0.1ms | GC: 0.0ms)
  Rendered shared/_status_badge.html.erb (Duration: 0.1ms | GC: 0.0ms)
  [1m[36mPlayer Count (0.6ms)[0m  [1m[34mSELECT COUNT(*) FROM "players" WHERE "players"."game_id" = 25 /*action='show',application='UnoOnline',controller='games'*/[0m
  ↳ app/views/games/show.html.erb:17
  [1m[36mPlayer Load (0.8ms)[0m  [1m[34mSELECT "players".* FROM "players" WHERE "players"."game_id" = 25 ORDER BY "players"."position" ASC /*action='show',application='UnoOnline',controller='games'*/[0m
  ↳ app/views/games/show.html.erb:31
  [1m[36mCACHE User Load (0.0ms)[0m  [1m[34mSELECT "users".* FROM "users" WHERE "users"."id" = 1 LIMIT 1[0m
  ↳ app/views/games/show.html.erb:34
  Rendered games/show.html.erb within layouts/application (Duration: 12.7ms | GC: 0.0ms)
  Rendered layout layouts/application.html.erb (Duration: 14.7ms | GC: 0.0ms)
Completed 200 OK in 55ms (Views: 15.2ms | ActiveRecord: 4.0ms (7 queries, 1 cached) | GC: 0.0ms)


Started GET "/games/25" for 127.0.0.1 at 2026-10-02 11:08:32 +0300
Processing by GamesController#show as HTML
  Parameters: {"id" => "25"}
  [1m[36mUser Load (0.8ms)[0m  [1m[34mSELECT "users".* FROM "users" WHERE "users"."id" = 1 LIMIT 1 /*action='show',application='UnoOnline',controller='games'*/[0m
  ↳ app/controllers/application_controller.rb:19:in 'ApplicationController#current_user'
  [1m[36mGame Load (0.6ms)[0m  [1m[34mSELECT "games".* FROM "games" WHERE "games"."id" = 25 LIMIT 1 /*action='show',application='UnoOnline',controller='games'*/[0m
  ↳ app/controllers/games_controller.rb:88:in 'GamesController#set_game'
  [1m[36mPlayer Exists? (0.6ms)[0m  [1m[34mSELECT 1 AS one FROM "players" WHERE "players"."game_id" = 25 AND "players"."user_id" = 1 LIMIT 1 /*action='show',application='UnoOnline',controller='games'*/[0m
  ↳ app/controllers/games_controller.rb:92:in 'GamesController#require_membership'
  [1m[36mPlayer Load (0.7ms)[0m  [1m[34mSELECT "players".* FROM "players" WHERE "players"."game_id" = 25 AND "players"."user_id" = 1 ORDER BY "players"."position" ASC LIMIT 1 /*action='show',application='UnoOnline',controller='games'*/[0m
  ↳ app/controllers/games_controller.rb:47:in 'GamesController#show'
  Rendering layout layouts/application.html.erb
  Rendering games/show.html.erb within layouts/application
  Rendered shared/_logo.html.erb (Duration: 0.1ms | GC: 0.0ms)
  Rendered shared/_status_badge.html.erb (Duration: 0.1ms | GC: 0.0ms)
  [1m[36mPlayer Count (0.6ms)[0m  [1m[34mSELECT COUNT(*) FROM "players" WHERE "players"."game_id" = 25 /*action='show',application='UnoOnline',controller='games'*/[0m
  ↳ app/views/games/show.html.erb:17
  [1m[36mPlayer Load (0.7ms)[0m  [1m[34mSELECT "players".* FROM "players" WHERE "players"."game_id" = 25 ORDER BY "players"."position" ASC /*action='show',application='UnoOnline',controller='games'*/[0m
  ↳ app/views/games/show.html.erb:31
  [1m[36mCACHE User Load (0.0ms)[0m  [1m[34mSELECT "users".* FROM "users" WHERE "users"."id" = 1 LIMIT 1[0m
  ↳ app/views/games/show.html.erb:34
  Rendered games/show.html.erb within layouts/application (Duration: 12.7ms | GC: 0.0ms)
  Rendered layout layouts/application.html.erb (Duration: 14.6ms | GC: 0.0ms)
Completed 200 OK in 55ms (Views: 14.7ms | ActiveRecord: 3.9ms (7 queries, 1 cached) | GC: 0.0ms)


Started POST "/games/join?code=GICN4L" for 127.0.0.1 at 2026-10-02 11:08:33 +0300
Processing by GamesController#join as TURBO_STREAM
  Parameters: {"authenticity_token" => "[FILTERED]", "code" => "GICN4L"}
  [1m[36mUser Load (0.9ms)[0m  [1m[34mSELECT "users".* FROM "users" WHERE "users"."id" = 5 LIMIT 1 /*action='join',application='UnoOnline',controller='games'*/[0m
  ↳ app/controllers/application_controller.rb:19:in 'ApplicationController#current_user'
  [1m[36mGame Load (0.7ms)[0m  [1m[34mSELECT "games".* FROM "games" WHERE "games"."code" = 'GICN4L' LIMIT 1 /*action='join',application='UnoOnline',controller='games'*/[0m
  ↳ app/controllers/games_controller.rb:25:in 'GamesController#join'
  [1m[36mPlayer Exists? (1.0ms)[0m  [1m[34mSELECT 1 AS one FROM "players" WHERE "players"."game_id" = 25 AND "players"."user_id" = 5 LIMIT 1 /*action='join',application='UnoOnline',controller='games'*/[0m
  ↳ app/controllers/games_controller.rb:29:in 'GamesController#join'
  [1m[36mPlayer Count (0.6ms)[0m  [1m[34mSELECT COUNT(*) FROM "players" WHERE "players"."game_id" = 25 /*action='join',application='UnoOnline',controller='games'*/[0m
  ↳ app/models/game.rb:26:in 'Game#full?'
  [1m[36mPlayer Maximum (0.9ms)[0m  [1m[34mSELECT MAX("players"."position") FROM "players" WHERE "players"."game_id" = 25 /*action='join',application='UnoOnline',controller='games'*/[0m
  ↳ app/models/game.rb:30:in 'Game#next_position'
  [1m[36mTRANSACTION (0.4ms)[0m  [1m[35mBEGIN /*action='join',application='UnoOnline',controller='games'*/[0m
  ↳ app/controllers/games_controller.rb:36:in 'GamesController#join'
  [1m[36mPlayer Exists? (5.8ms)[0m  [1m[34mSELECT 1 AS one FROM "players" WHERE "players"."position" = 1 AND "players"."game_id" = 25 LIMIT 1 /*action='join',application='UnoOnline',controller='games'*/[0m
  ↳ app/controllers/games_controller.rb:36:in 'GamesController#join'
  [1m[36mPlayer Exists? (0.6ms)[0m  [1m[34mSELECT 1 AS one FROM "players" WHERE "players"."user_id" = 5 AND "players"."game_id" = 25 LIMIT 1 /*action='join',application='UnoOnline',controller='games'*/[0m
  ↳ app/controllers/games_controller.rb:36:in 'GamesController#join'
  [1m[36mPlayer Create (1.0ms)[0m  [1m[32mINSERT INTO "players" ("game_id", "user_id", "position", "hand", "has_called_uno", "created_at", "updated_at", "ready") VALUES (25, 5, 1, '[]', FALSE, '2026-10-02 08:08:33.884706', '2026-10-02 08:08:33.884706', FALSE) RETURNING "id" /*action='join',application='UnoOnline',controller='games'*/[0m
  ↳ app/controllers/games_controller.rb:36:in 'GamesController#join'
  [1m[36mTRANSACTION (3.7ms)[0m  [1m[35mCOMMIT /*action='join',application='UnoOnline',controller='games'*/[0m
  ↳ app/controllers/games_controller.rb:36:in 'GamesController#join'
Redirected to http://127.0.0.1:3000/games/25
↳ app/controllers/games_controller.rb:37:in 'GamesController#join'
Completed 302 Found in 81ms (ActiveRecord: 15.4ms (8 queries, 0 cached) | GC: 0.0ms)


Started GET "/games/25" for 127.0.0.1 at 2026-10-02 11:08:33 +0300
Processing by GamesController#show as TURBO_STREAM
  Parameters: {"id" => "25"}
  [1m[36mUser Load (0.9ms)[0m  [1m[34mSELECT "users".* FROM "users" WHERE "users"."id" = 5 LIMIT 1 /*action='show',application='UnoOnline',controller='games'*/[0m
  ↳ app/controllers/application_controller.rb:19:in 'ApplicationController#current_user'
  [1m[36mGame Load (0.9ms)[0m  [1m[34mSELECT "games".* FROM "games" WHERE "games"."id" = 25 LIMIT 1 /*action='show',application='UnoOnline',controller='games'*/[0m
  ↳ app/controllers/games_controller.rb:88:in 'GamesController#set_game'
  [1m[36mPlayer Exists? (0.6ms)[0m  [1m[34mSELECT 1 AS one FROM "players" WHERE "players"."game_id" = 25 AND "players"."user_id" = 5 LIMIT 1 /*action='show',application='UnoOnline',controller='games'*/[0m
  ↳ app/controllers/games_controller.rb:92:in 'GamesController#require_membership'
  [1m[36mPlayer Load (1.0ms)[0m  [1m[34mSELECT "players".* FROM "players" WHERE "players"."game_id" = 25 AND "players"."user_id" = 5 ORDER BY "players"."position" ASC LIMIT 1 /*action='show',application='UnoOnline',controller='games'*/[0m
  ↳ app/controllers/games_controller.rb:47:in 'GamesController#show'
  Rendering layout layouts/application.html.erb
  Rendering games/show.html.erb within layouts/application
  Rendered shared/_logo.html.erb (Duration: 0.1ms | GC: 0.0ms)
  Rendered shared/_status_badge.html.erb (Duration: 0.1ms | GC: 0.0ms)
  [1m[36mPlayer Count (0.9ms)[0m  [1m[34mSELECT COUNT(*) FROM "players" WHERE "players"."game_id" = 25 /*action='show',application='UnoOnline',controller='games'*/[0m
  ↳ app/views/games/show.html.erb:17
  [1m[36mPlayer Load (1.1ms)[0m  [1m[34mSELECT "players".* FROM "players" WHERE "players"."game_id" = 25 ORDER BY "players"."position" ASC /*action='show',application='UnoOnline',controller='games'*/[0m
  ↳ app/views/games/show.html.erb:31
  [1m[36mUser Load (0.7ms)[0m  [1m[34mSELECT "users".* FROM "users" WHERE "users"."id" = 1 LIMIT 1 /*action='show',application='UnoOnline',controller='games'*/[0m
  ↳ app/views/games/show.html.erb:34
  [1m[36mCACHE User Load (0.0ms)[0m  [1m[34mSELECT "users".* FROM "users" WHERE "users"."id" = 5 LIMIT 1[0m
  ↳ app/views/games/show.html.erb:34
  Rendered games/show.html.erb within layouts/application (Duration: 18.4ms | GC: 0.0ms)
  Rendered layout layouts/application.html.erb (Duration: 20.4ms | GC: 0.0ms)
Completed 200 OK in 61ms (Views: 19.1ms | ActiveRecord: 6.1ms (8 queries, 1 cached) | GC: 0.0ms)


Started POST "/games/25/ready" for 127.0.0.1 at 2026-10-02 11:08:35 +0300
Processing by GamesController#ready as TURBO_STREAM
  Parameters: {"authenticity_token" => "[FILTERED]", "id" => "25"}
  [1m[36mUser Load (0.7ms)[0m  [1m[34mSELECT "users".* FROM "users" WHERE "users"."id" = 5 LIMIT 1 /*action='ready',application='UnoOnline',controller='games'*/[0m
  ↳ app/controllers/application_controller.rb:19:in 'ApplicationController#current_user'
  [1m[36mGame Load (0.6ms)[0m  [1m[34mSELECT "games".* FROM "games" WHERE "games"."id" = 25 LIMIT 1 /*action='ready',application='UnoOnline',controller='games'*/[0m
  ↳ app/controllers/games_controller.rb:88:in 'GamesController#set_game'
  [1m[36mPlayer Exists? (0.6ms)[0m  [1m[34mSELECT 1 AS one FROM "players" WHERE "players"."game_id" = 25 AND "players"."user_id" = 5 LIMIT 1 /*action='ready',application='UnoOnline',controller='games'*/[0m
  ↳ app/controllers/games_controller.rb:92:in 'GamesController#require_membership'
  [1m[36mPlayer Load (0.6ms)[0m  [1m[34mSELECT "players".* FROM "players" WHERE "players"."game_id" = 25 AND "players"."user_id" = 5 ORDER BY "players"."position" ASC LIMIT 1 /*action='ready',application='UnoOnline',controller='games'*/[0m
  ↳ app/controllers/games_controller.rb:60:in 'GamesController#ready'
  [1m[36mTRANSACTION (0.3ms)[0m  [1m[35mBEGIN /*action='ready',application='UnoOnline',controller='games'*/[0m
  ↳ app/controllers/games_controller.rb:65:in 'GamesController#ready'
  [1m[36mPlayer Update (0.8ms)[0m  [1m[33mUPDATE "players" SET "updated_at" = '2026-10-02 08:08:35.481681', "ready" = TRUE WHERE "players"."id" = 62 /*action='ready',application='UnoOnline',controller='games'*/[0m
  ↳ app/controllers/games_controller.rb:65:in 'GamesController#ready'
  [1m[36mTRANSACTION (3.7ms)[0m  [1m[35mCOMMIT /*action='ready',application='UnoOnline',controller='games'*/[0m
  ↳ app/controllers/games_controller.rb:65:in 'GamesController#ready'
  [1m[36mPlayer Count (0.6ms)[0m  [1m[34mSELECT COUNT(*) FROM "players" WHERE "players"."game_id" = 25 /*action='ready',application='UnoOnline',controller='games'*/[0m
  ↳ app/models/game.rb:35:in 'Game#all_ready?'
  [1m[36mPlayer Load (0.6ms)[0m  [1m[34mSELECT "players".* FROM "players" WHERE "players"."game_id" = 25 ORDER BY "players"."position" ASC /*action='ready',application='UnoOnline',controller='games'*/[0m
  ↳ app/models/game.rb:35:in 'Enumerable#all?'
Redirected to http://127.0.0.1:3000/games/25
↳ app/controllers/games_controller.rb:68:in 'GamesController#ready'
Completed 302 Found in 75ms (ActiveRecord: 22.9ms (7 queries, 0 cached) | GC: 0.0ms)


Started GET "/games/25" for 127.0.0.1 at 2026-10-02 11:08:35 +0300
Processing by GamesController#show as TURBO_STREAM
  Parameters: {"id" => "25"}
  [1m[36mUser Load (0.7ms)[0m  [1m[34mSELECT "users".* FROM "users" WHERE "users"."id" = 5 LIMIT 1 /*action='show',application='UnoOnline',controller='games'*/[0m
  ↳ app/controllers/application_controller.rb:19:in 'ApplicationController#current_user'
  [1m[36mGame Load (0.6ms)[0m  [1m[34mSELECT "games".* FROM "games" WHERE "games"."id" = 25 LIMIT 1 /*action='show',application='UnoOnline',controller='games'*/[0m
  ↳ app/controllers/games_controller.rb:88:in 'GamesController#set_game'
  [1m[36mPlayer Exists? (0.5ms)[0m  [1m[34mSELECT 1 AS one FROM "players" WHERE "players"."game_id" = 25 AND "players"."user_id" = 5 LIMIT 1 /*action='show',application='UnoOnline',controller='games'*/[0m
  ↳ app/controllers/games_controller.rb:92:in 'GamesController#require_membership'
  [1m[36mPlayer Load (0.6ms)[0m  [1m[34mSELECT "players".* FROM "players" WHERE "players"."game_id" = 25 AND "players"."user_id" = 5 ORDER BY "players"."position" ASC LIMIT 1 /*action='show',application='UnoOnline',controller='games'*/[0m
  ↳ app/controllers/games_controller.rb:47:in 'GamesController#show'
  Rendering layout layouts/application.html.erb
  Rendering games/show.html.erb within layouts/application
  Rendered shared/_logo.html.erb (Duration: 0.1ms | GC: 0.0ms)
  Rendered shared/_status_badge.html.erb (Duration: 0.1ms | GC: 0.0ms)
  [1m[36mPlayer Count (0.5ms)[0m  [1m[34mSELECT COUNT(*) FROM "players" WHERE "players"."game_id" = 25 /*action='show',application='UnoOnline',controller='games'*/[0m
  ↳ app/views/games/show.html.erb:17
  [1m[36mPlayer Load (0.7ms)[0m  [1m[34mSELECT "players".* FROM "players" WHERE "players"."game_id" = 25 ORDER BY "players"."position" ASC /*action='show',application='UnoOnline',controller='games'*/[0m
  ↳ app/views/games/show.html.erb:31
  [1m[36mUser Load (0.5ms)[0m  [1m[34mSELECT "users".* FROM "users" WHERE "users"."id" = 1 LIMIT 1 /*action='show',application='UnoOnline',controller='games'*/[0m
  ↳ app/views/games/show.html.erb:34
  [1m[36mCACHE User Load (0.0ms)[0m  [1m[34mSELECT "users".* FROM "users" WHERE "users"."id" = 5 LIMIT 1[0m
  ↳ app/views/games/show.html.erb:34
  Rendered games/show.html.erb within layouts/application (Duration: 17.4ms | GC: 0.0ms)
  Rendered layout layouts/application.html.erb (Duration: 19.3ms | GC: 0.0ms)
Completed 200 OK in 57ms (Views: 19.0ms | ActiveRecord: 4.1ms (8 queries, 1 cached) | GC: 0.0ms)


Started GET "/games/25" for 127.0.0.1 at 2026-10-02 11:08:36 +0300
Processing by GamesController#show as HTML
  Parameters: {"id" => "25"}
  [1m[36mUser Load (0.6ms)[0m  [1m[34mSELECT "users".* FROM "users" WHERE "users"."id" = 1 LIMIT 1 /*action='show',application='UnoOnline',controller='games'*/[0m
  ↳ app/controllers/application_controller.rb:19:in 'ApplicationController#current_user'
  [1m[36mGame Load (0.7ms)[0m  [1m[34mSELECT "games".* FROM "games" WHERE "games"."id" = 25 LIMIT 1 /*action='show',application='UnoOnline',controller='games'*/[0m
  ↳ app/controllers/games_controller.rb:88:in 'GamesController#set_game'
  [1m[36mPlayer Exists? (0.6ms)[0m  [1m[34mSELECT 1 AS one FROM "players" WHERE "players"."game_id" = 25 AND "players"."user_id" = 1 LIMIT 1 /*action='show',application='UnoOnline',controller='games'*/[0m
  ↳ app/controllers/games_controller.rb:92:in 'GamesController#require_membership'
  [1m[36mPlayer Load (0.7ms)[0m  [1m[34mSELECT "players".* FROM "players" WHERE "players"."game_id" = 25 AND "players"."user_id" = 1 ORDER BY "players"."position" ASC LIMIT 1 /*action='show',application='UnoOnline',controller='games'*/[0m
  ↳ app/controllers/games_controller.rb:47:in 'GamesController#show'
  Rendering layout layouts/application.html.erb
  Rendering games/show.html.erb within layouts/application
  Rendered shared/_logo.html.erb (Duration: 0.1ms | GC: 0.0ms)
  Rendered shared/_status_badge.html.erb (Duration: 0.1ms | GC: 0.0ms)
  [1m[36mPlayer Count (0.6ms)[0m  [1m[34mSELECT COUNT(*) FROM "players" WHERE "players"."game_id" = 25 /*action='show',application='UnoOnline',controller='games'*/[0m
  ↳ app/views/games/show.html.erb:17
  [1m[36mPlayer Load (0.5ms)[0m  [1m[34mSELECT "players".* FROM "players" WHERE "players"."game_id" = 25 ORDER BY "players"."position" ASC /*action='show',application='UnoOnline',controller='games'*/[0m
  ↳ app/views/games/show.html.erb:31
  [1m[36mCACHE User Load (0.0ms)[0m  [1m[34mSELECT "users".* FROM "users" WHERE "users"."id" = 1 LIMIT 1[0m
  ↳ app/views/games/show.html.erb:34
  [1m[36mUser Load (0.5ms)[0m  [1m[34mSELECT "users".* FROM "users" WHERE "users"."id" = 5 LIMIT 1 /*action='show',application='UnoOnline',controller='games'*/[0m
  ↳ app/views/games/show.html.erb:34
  Rendered games/show.html.erb within layouts/application (Duration: 15.9ms | GC: 0.0ms)
  Rendered layout layouts/application.html.erb (Duration: 17.7ms | GC: 0.0ms)
Completed 200 OK in 57ms (Views: 17.5ms | ActiveRecord: 4.1ms (8 queries, 1 cached) | GC: 0.0ms)


Started GET "/games/25" for 127.0.0.1 at 2026-10-02 11:08:38 +0300
Processing by GamesController#show as HTML
  Parameters: {"id" => "25"}
Started DELETE "/games/25" for 127.0.0.1 at 2026-10-02 11:08:38 +0300
  [1m[36mUser Load (2.5ms)[0m  [1m[34mSELECT "users".* FROM "users" WHERE "users"."id" = 5 LIMIT 1 /*action='show',application='UnoOnline',controller='games'*/[0m
  ↳ app/controllers/application_controller.rb:19:in 'ApplicationController#current_user'
  [1m[36mGame Load (1.6ms)[0m  [1m[34mSELECT "games".* FROM "games" WHERE "games"."id" = 25 LIMIT 1 /*action='show',application='UnoOnline',controller='games'*/[0m
  ↳ app/controllers/games_controller.rb:88:in 'GamesController#set_game'
  [1m[36mPlayer Exists? (1.0ms)[0m  [1m[34mSELECT 1 AS one FROM "players" WHERE "players"."game_id" = 25 AND "players"."user_id" = 5 LIMIT 1 /*action='show',application='UnoOnline',controller='games'*/[0m
  ↳ app/controllers/games_controller.rb:92:in 'GamesController#require_membership'
  [1m[36mPlayer Load (1.0ms)[0m  [1m[34mSELECT "players".* FROM "players" WHERE "players"."game_id" = 25 AND "players"."user_id" = 5 ORDER BY "players"."position" ASC LIMIT 1 /*action='show',application='UnoOnline',controller='games'*/[0m
  ↳ app/controllers/games_controller.rb:47:in 'GamesController#show'
  Rendering layout layouts/application.html.erb
  Rendering games/show.html.erb within layouts/application
  Rendered shared/_logo.html.erb (Duration: 0.1ms | GC: 0.0ms)
  Rendered shared/_status_badge.html.erb (Duration: 0.1ms | GC: 0.0ms)
  [1m[36mPlayer Count (0.6ms)[0m  [1m[34mSELECT COUNT(*) FROM "players" WHERE "players"."game_id" = 25 /*action='show',application='UnoOnline',controller='games'*/[0m
  ↳ app/views/games/show.html.erb:17
  [1m[36mPlayer Load (0.7ms)[0m  [1m[34mSELECT "players".* FROM "players" WHERE "players"."game_id" = 25 ORDER BY "players"."position" ASC /*action='show',application='UnoOnline',controller='games'*/[0m
  ↳ app/views/games/show.html.erb:31
  [1m[36mUser Load (0.5ms)[0m  [1m[34mSELECT "users".* FROM "users" WHERE "users"."id" = 1 LIMIT 1 /*action='show',application='UnoOnline',controller='games'*/[0m
  ↳ app/views/games/show.html.erb:34
  [1m[36mCACHE User Load (0.0ms)[0m  [1m[34mSELECT "users".* FROM "users" WHERE "users"."id" = 5 LIMIT 1[0m
  ↳ app/views/games/show.html.erb:34
  Rendered games/show.html.erb within layouts/application (Duration: 15.3ms | GC: 0.0ms)
  Rendered layout layouts/application.html.erb (Duration: 17.2ms | GC: 0.0ms)
Completed 200 OK in 76ms (Views: 17.5ms | ActiveRecord: 7.8ms (8 queries, 1 cached) | GC: 0.0ms)


Processing by GamesController#destroy as TURBO_STREAM
  Parameters: {"authenticity_token" => "[FILTERED]", "id" => "25"}
  [1m[36mUser Load (0.7ms)[0m  [1m[34mSELECT "users".* FROM "users" WHERE "users"."id" = 1 LIMIT 1 /*action='destroy',application='UnoOnline',controller='games'*/[0m
  ↳ app/controllers/application_controller.rb:19:in 'ApplicationController#current_user'
  [1m[36mGame Load (0.6ms)[0m  [1m[34mSELECT "games".* FROM "games" WHERE "games"."id" = 25 LIMIT 1 /*action='destroy',application='UnoOnline',controller='games'*/[0m
  ↳ app/controllers/games_controller.rb:88:in 'GamesController#set_game'
  [1m[36mTRANSACTION (0.3ms)[0m  [1m[35mBEGIN /*action='destroy',application='UnoOnline',controller='games'*/[0m
  ↳ app/controllers/games_controller.rb:78:in 'GamesController#destroy'
  [1m[36mPlayer Load (4.6ms)[0m  [1m[34mSELECT "players".* FROM "players" WHERE "players"."game_id" = 25 ORDER BY "players"."position" ASC /*action='destroy',application='UnoOnline',controller='games'*/[0m
  ↳ app/controllers/games_controller.rb:78:in 'GamesController#destroy'
  [1m[36mPlayer Destroy (0.9ms)[0m  [1m[31mDELETE FROM "players" WHERE "players"."id" = 61 /*action='destroy',application='UnoOnline',controller='games'*/[0m
  ↳ app/controllers/games_controller.rb:78:in 'GamesController#destroy'
  [1m[36mPlayer Destroy (1.0ms)[0m  [1m[31mDELETE FROM "players" WHERE "players"."id" = 62 /*action='destroy',application='UnoOnline',controller='games'*/[0m
  ↳ app/controllers/games_controller.rb:78:in 'GamesController#destroy'
  [1m[36mGame Destroy (0.9ms)[0m  [1m[31mDELETE FROM "games" WHERE "games"."id" = 25 /*action='destroy',application='UnoOnline',controller='games'*/[0m
  ↳ app/controllers/games_controller.rb:78:in 'GamesController#destroy'
  [1m[36mTRANSACTION (0.5ms)[0m  [1m[35mCOMMIT /*action='destroy',application='UnoOnline',controller='games'*/[0m
  ↳ app/controllers/games_controller.rb:78:in 'GamesController#destroy'
Redirected to http://127.0.0.1:3000/
↳ app/controllers/games_controller.rb:79:in 'GamesController#destroy'
Completed 302 Found in 56ms (ActiveRecord: 9.3ms (6 queries, 0 cached) | GC: 0.0ms)


Started GET "/" for 127.0.0.1 at 2026-10-02 11:08:39 +0300
Processing by GamesController#index as TURBO_STREAM
  [1m[36mUser Load (0.7ms)[0m  [1m[34mSELECT "users".* FROM "users" WHERE "users"."id" = 1 LIMIT 1 /*action='index',application='UnoOnline',controller='games'*/[0m
  ↳ app/controllers/application_controller.rb:19:in 'ApplicationController#current_user'
  Rendering layout layouts/application.html.erb
  Rendering games/index.html.erb within layouts/application
  Rendered shared/_logo.html.erb (Duration: 0.1ms | GC: 0.0ms)
  [1m[36mGame Exists? (0.9ms)[0m  [1m[34mSELECT 1 AS one FROM "games" WHERE "games"."visibility" = 'public' LIMIT 1 /*action='index',application='UnoOnline',controller='games'*/[0m
  ↳ app/views/games/index.html.erb:61
  [1m[36mGame Load (0.6ms)[0m  [1m[34mSELECT "games".* FROM "games" WHERE "games"."visibility" = 'public' ORDER BY "games"."created_at" DESC /*action='index',application='UnoOnline',controller='games'*/[0m
  ↳ app/views/games/index.html.erb:65
  [1m[36mPlayer Load (0.6ms)[0m  [1m[34mSELECT "players".* FROM "players" WHERE "players"."game_id" IN (16, 2) ORDER BY "players"."position" ASC /*action='index',application='UnoOnline',controller='games'*/[0m
  ↳ app/views/games/index.html.erb:65
  Rendered shared/_status_badge.html.erb (Duration: 0.1ms | GC: 0.0ms)
  [1m[36mPlayer Exists? (0.5ms)[0m  [1m[34mSELECT 1 AS one FROM "players" WHERE "players"."game_id" = 16 AND "players"."user_id" = 1 LIMIT 1 /*action='index',application='UnoOnline',controller='games'*/[0m
  ↳ app/views/games/index.html.erb:76
  Rendered shared/_status_badge.html.erb (Duration: 0.1ms | GC: 0.0ms)
  [1m[36mPlayer Exists? (0.5ms)[0m  [1m[34mSELECT 1 AS one FROM "players" WHERE "players"."game_id" = 2 AND "players"."user_id" = 1 LIMIT 1 /*action='index',application='UnoOnline',controller='games'*/[0m
  ↳ app/views/games/index.html.erb:76
  [1m[36mPlayer Count (0.6ms)[0m  [1m[34mSELECT COUNT(*) FROM "players" WHERE "players"."game_id" = 2 /*action='index',application='UnoOnline',controller='games'*/[0m
  ↳ app/models/game.rb:26:in 'Game#full?'
  Rendered games/index.html.erb within layouts/application (Duration: 28.3ms | GC: 0.0ms)
  Rendered layout layouts/application.html.erb (Duration: 30.2ms | GC: 0.0ms)
Completed 200 OK in 58ms (Views: 28.0ms | ActiveRecord: 4.3ms (7 queries, 0 cached) | GC: 0.0ms)


Started GET "/games/25" for 127.0.0.1 at 2026-10-02 11:08:41 +0300
Processing by GamesController#show as HTML
  Parameters: {"id" => "25"}
  [1m[36mUser Load (0.7ms)[0m  [1m[34mSELECT "users".* FROM "users" WHERE "users"."id" = 5 LIMIT 1 /*action='show',application='UnoOnline',controller='games'*/[0m
  ↳ app/controllers/application_controller.rb:19:in 'ApplicationController#current_user'
  [1m[36mGame Load (0.7ms)[0m  [1m[34mSELECT "games".* FROM "games" WHERE "games"."id" = 25 LIMIT 1 /*action='show',application='UnoOnline',controller='games'*/[0m
  ↳ app/controllers/games_controller.rb:88:in 'GamesController#set_game'
rescue_from handled ActiveRecord::RecordNotFound (Couldn't find Game with 'id'="25") - C:/Users/Тимофей/.local/share/gem/ruby/4.0.0/gems/activerecord-8.1.4/lib/active_record/core.rb:279:in 'ActiveRecord::Core::ClassMethods#find'
Redirected to http://127.0.0.1:3000/
↳ app/controllers/application_controller.rb:15:in 'ApplicationController#record_not_found'
Completed 302 Found in 35ms (ActiveRecord: 1.4ms (2 queries, 0 cached) | GC: 0.0ms)


Started GET "/" for 127.0.0.1 at 2026-10-02 11:08:42 +0300
Processing by GamesController#index as HTML
  [1m[36mUser Load (0.8ms)[0m  [1m[34mSELECT "users".* FROM "users" WHERE "users"."id" = 5 LIMIT 1 /*action='index',application='UnoOnline',controller='games'*/[0m
  ↳ app/controllers/application_controller.rb:19:in 'ApplicationController#current_user'
  Rendering layout layouts/application.html.erb
  Rendering games/index.html.erb within layouts/application
  Rendered shared/_logo.html.erb (Duration: 0.1ms | GC: 0.0ms)
  [1m[36mGame Exists? (1.0ms)[0m  [1m[34mSELECT 1 AS one FROM "games" WHERE "games"."visibility" = 'public' LIMIT 1 /*action='index',application='UnoOnline',controller='games'*/[0m
  ↳ app/views/games/index.html.erb:61
  [1m[36mGame Load (0.6ms)[0m  [1m[34mSELECT "games".* FROM "games" WHERE "games"."visibility" = 'public' ORDER BY "games"."created_at" DESC /*action='index',application='UnoOnline',controller='games'*/[0m
  ↳ app/views/games/index.html.erb:65
  [1m[36mPlayer Load (0.6ms)[0m  [1m[34mSELECT "players".* FROM "players" WHERE "players"."game_id" IN (16, 2) ORDER BY "players"."position" ASC /*action='index',application='UnoOnline',controller='games'*/[0m
  ↳ app/views/games/index.html.erb:65
  Rendered shared/_status_badge.html.erb (Duration: 0.1ms | GC: 0.0ms)
  [1m[36mPlayer Exists? (0.6ms)[0m  [1m[34mSELECT 1 AS one FROM "players" WHERE "players"."game_id" = 16 AND "players"."user_id" = 5 LIMIT 1 /*action='index',application='UnoOnline',controller='games'*/[0m
  ↳ app/views/games/index.html.erb:76
  Rendered shared/_status_badge.html.erb (Duration: 0.1ms | GC: 0.0ms)
  [1m[36mPlayer Exists? (0.7ms)[0m  [1m[34mSELECT 1 AS one FROM "players" WHERE "players"."game_id" = 2 AND "players"."user_id" = 5 LIMIT 1 /*action='index',application='UnoOnline',controller='games'*/[0m
  ↳ app/views/games/index.html.erb:76
  [1m[36mPlayer Count (0.8ms)[0m  [1m[34mSELECT COUNT(*) FROM "players" WHERE "players"."game_id" = 2 /*action='index',application='UnoOnline',controller='games'*/[0m
  ↳ app/models/game.rb:26:in 'Game#full?'
  Rendered games/index.html.erb within layouts/application (Duration: 47.7ms | GC: 15.6ms)
  Rendered layout layouts/application.html.erb (Duration: 49.9ms | GC: 15.6ms)
Completed 200 OK in 80ms (Views: 47.3ms | ActiveRecord: 4.9ms (7 queries, 0 cached) | GC: 15.6ms)


Started GET "/games/16" for 127.0.0.1 at 2026-10-02 11:08:47 +0300
Processing by GamesController#show as HTML
  Parameters: {"id" => "16"}
  [1m[36mUser Load (1.1ms)[0m  [1m[34mSELECT "users".* FROM "users" WHERE "users"."id" = 5 LIMIT 1 /*action='show',application='UnoOnline',controller='games'*/[0m
  ↳ app/controllers/application_controller.rb:19:in 'ApplicationController#current_user'
  [1m[36mGame Load (0.6ms)[0m  [1m[34mSELECT "games".* FROM "games" WHERE "games"."id" = 16 LIMIT 1 /*action='show',application='UnoOnline',controller='games'*/[0m
  ↳ app/controllers/games_controller.rb:88:in 'GamesController#set_game'
  [1m[36mPlayer Exists? (0.6ms)[0m  [1m[34mSELECT 1 AS one FROM "players" WHERE "players"."game_id" = 16 AND "players"."user_id" = 5 LIMIT 1 /*action='show',application='UnoOnline',controller='games'*/[0m
  ↳ app/controllers/games_controller.rb:92:in 'GamesController#require_membership'
  [1m[36mPlayer Load (0.9ms)[0m  [1m[34mSELECT "players".* FROM "players" WHERE "players"."game_id" = 16 AND "players"."user_id" = 5 ORDER BY "players"."position" ASC LIMIT 1 /*action='show',application='UnoOnline',controller='games'*/[0m
  ↳ app/controllers/games_controller.rb:47:in 'GamesController#show'
  Rendering layout layouts/application.html.erb
  Rendering games/show.html.erb within layouts/application
  Rendered shared/_logo.html.erb (Duration: 0.1ms | GC: 0.0ms)
  Rendered shared/_status_badge.html.erb (Duration: 0.1ms | GC: 0.0ms)
  [1m[36mPlayer Count (0.8ms)[0m  [1m[34mSELECT COUNT(*) FROM "players" WHERE "players"."game_id" = 16 /*action='show',application='UnoOnline',controller='games'*/[0m
  ↳ app/views/games/show.html.erb:17
  [1m[36mPlayer Load (1.2ms)[0m  [1m[34mSELECT "players".* FROM "players" WHERE "players"."game_id" = 16 ORDER BY "players"."position" ASC /*action='show',application='UnoOnline',controller='games'*/[0m
  ↳ app/views/games/show.html.erb:31
  [1m[36mUser Load (1.2ms)[0m  [1m[34mSELECT "users".* FROM "users" WHERE "users"."id" = 1 LIMIT 1 /*action='show',application='UnoOnline',controller='games'*/[0m
  ↳ app/views/games/show.html.erb:34
  [1m[36mUser Load (1.0ms)[0m  [1m[34mSELECT "users".* FROM "users" WHERE "users"."id" = 4 LIMIT 1 /*action='show',application='UnoOnline',controller='games'*/[0m
  ↳ app/views/games/show.html.erb:34
  [1m[36mCACHE User Load (0.0ms)[0m  [1m[34mSELECT "users".* FROM "users" WHERE "users"."id" = 5 LIMIT 1[0m
  ↳ app/views/games/show.html.erb:34
  Rendered games/show.html.erb within layouts/application (Duration: 25.2ms | GC: 0.0ms)
  Rendered layout layouts/application.html.erb (Duration: 26.8ms | GC: 0.0ms)
Completed 200 OK in 64ms (Views: 24.1ms | ActiveRecord: 7.3ms (9 queries, 1 cached) | GC: 0.0ms)


Started POST "/games/16/ready" for 127.0.0.1 at 2026-10-02 11:08:49 +0300
Processing by GamesController#ready as TURBO_STREAM
  Parameters: {"authenticity_token" => "[FILTERED]", "id" => "16"}
  [1m[36mUser Load (1.0ms)[0m  [1m[34mSELECT "users".* FROM "users" WHERE "users"."id" = 5 LIMIT 1 /*action='ready',application='UnoOnline',controller='games'*/[0m
  ↳ app/controllers/application_controller.rb:19:in 'ApplicationController#current_user'
  [1m[36mGame Load (0.8ms)[0m  [1m[34mSELECT "games".* FROM "games" WHERE "games"."id" = 16 LIMIT 1 /*action='ready',application='UnoOnline',controller='games'*/[0m
  ↳ app/controllers/games_controller.rb:88:in 'GamesController#set_game'
  [1m[36mPlayer Exists? (0.6ms)[0m  [1m[34mSELECT 1 AS one FROM "players" WHERE "players"."game_id" = 16 AND "players"."user_id" = 5 LIMIT 1 /*action='ready',application='UnoOnline',controller='games'*/[0m
  ↳ app/controllers/games_controller.rb:92:in 'GamesController#require_membership'
  [1m[36mPlayer Load (0.6ms)[0m  [1m[34mSELECT "players".* FROM "players" WHERE "players"."game_id" = 16 AND "players"."user_id" = 5 ORDER BY "players"."position" ASC LIMIT 1 /*action='ready',application='UnoOnline',controller='games'*/[0m
  ↳ app/controllers/games_controller.rb:60:in 'GamesController#ready'
  [1m[36mTRANSACTION (0.6ms)[0m  [1m[35mBEGIN /*action='ready',application='UnoOnline',controller='games'*/[0m
  ↳ app/controllers/games_controller.rb:65:in 'GamesController#ready'
  [1m[36mPlayer Update (7.7ms)[0m  [1m[33mUPDATE "players" SET "updated_at" = '2026-10-02 08:08:49.821419', "ready" = FALSE WHERE "players"."id" = 58 /*action='ready',application='UnoOnline',controller='games'*/[0m
  ↳ app/controllers/games_controller.rb:65:in 'GamesController#ready'
  [1m[36mTRANSACTION (0.5ms)[0m  [1m[35mCOMMIT /*action='ready',application='UnoOnline',controller='games'*/[0m
  ↳ app/controllers/games_controller.rb:65:in 'GamesController#ready'
  [1m[36mPlayer Count (0.8ms)[0m  [1m[34mSELECT COUNT(*) FROM "players" WHERE "players"."game_id" = 16 /*action='ready',application='UnoOnline',controller='games'*/[0m
  ↳ app/models/game.rb:35:in 'Game#all_ready?'
  [1m[36mPlayer Load (0.6ms)[0m  [1m[34mSELECT "players".* FROM "players" WHERE "players"."game_id" = 16 ORDER BY "players"."position" ASC /*action='ready',application='UnoOnline',controller='games'*/[0m
  ↳ app/models/game.rb:35:in 'Enumerable#all?'
Redirected to http://127.0.0.1:3000/games/16
↳ app/controllers/games_controller.rb:68:in 'GamesController#ready'
Completed 302 Found in 66ms (ActiveRecord: 13.1ms (7 queries, 0 cached) | GC: 0.0ms)


Started GET "/games/16" for 127.0.0.1 at 2026-10-02 11:08:49 +0300
Processing by GamesController#show as TURBO_STREAM
  Parameters: {"id" => "16"}
  [1m[36mUser Load (0.9ms)[0m  [1m[34mSELECT "users".* FROM "users" WHERE "users"."id" = 5 LIMIT 1 /*action='show',application='UnoOnline',controller='games'*/[0m
  ↳ app/controllers/application_controller.rb:19:in 'ApplicationController#current_user'
  [1m[36mGame Load (0.9ms)[0m  [1m[34mSELECT "games".* FROM "games" WHERE "games"."id" = 16 LIMIT 1 /*action='show',application='UnoOnline',controller='games'*/[0m
  ↳ app/controllers/games_controller.rb:88:in 'GamesController#set_game'
  [1m[36mPlayer Exists? (0.9ms)[0m  [1m[34mSELECT 1 AS one FROM "players" WHERE "players"."game_id" = 16 AND "players"."user_id" = 5 LIMIT 1 /*action='show',application='UnoOnline',controller='games'*/[0m
  ↳ app/controllers/games_controller.rb:92:in 'GamesController#require_membership'
  [1m[36mPlayer Load (0.9ms)[0m  [1m[34mSELECT "players".* FROM "players" WHERE "players"."game_id" = 16 AND "players"."user_id" = 5 ORDER BY "players"."position" ASC LIMIT 1 /*action='show',application='UnoOnline',controller='games'*/[0m
  ↳ app/controllers/games_controller.rb:47:in 'GamesController#show'
  Rendering layout layouts/application.html.erb
  Rendering games/show.html.erb within layouts/application
  Rendered shared/_logo.html.erb (Duration: 0.1ms | GC: 0.0ms)
  Rendered shared/_status_badge.html.erb (Duration: 0.1ms | GC: 0.0ms)
  [1m[36mPlayer Count (0.9ms)[0m  [1m[34mSELECT COUNT(*) FROM "players" WHERE "players"."game_id" = 16 /*action='show',application='UnoOnline',controller='games'*/[0m
  ↳ app/views/games/show.html.erb:17
  [1m[36mPlayer Load (0.9ms)[0m  [1m[34mSELECT "players".* FROM "players" WHERE "players"."game_id" = 16 ORDER BY "players"."position" ASC /*action='show',application='UnoOnline',controller='games'*/[0m
  ↳ app/views/games/show.html.erb:31
  [1m[36mUser Load (0.6ms)[0m  [1m[34mSELECT "users".* FROM "users" WHERE "users"."id" = 1 LIMIT 1 /*action='show',application='UnoOnline',controller='games'*/[0m
  ↳ app/views/games/show.html.erb:34
  [1m[36mUser Load (0.6ms)[0m  [1m[34mSELECT "users".* FROM "users" WHERE "users"."id" = 4 LIMIT 1 /*action='show',application='UnoOnline',controller='games'*/[0m
  ↳ app/views/games/show.html.erb:34
  [1m[36mCACHE User Load (0.0ms)[0m  [1m[34mSELECT "users".* FROM "users" WHERE "users"."id" = 5 LIMIT 1[0m
  ↳ app/views/games/show.html.erb:34
  Rendered games/show.html.erb within layouts/application (Duration: 21.6ms | GC: 0.0ms)
  Rendered layout layouts/application.html.erb (Duration: 23.5ms | GC: 0.0ms)
Completed 200 OK in 63ms (Views: 22.0ms | ActiveRecord: 6.4ms (9 queries, 1 cached) | GC: 0.0ms)


Started POST "/games/16/ready" for 127.0.0.1 at 2026-10-02 11:08:52 +0300
Processing by GamesController#ready as TURBO_STREAM
  Parameters: {"authenticity_token" => "[FILTERED]", "id" => "16"}
  [1m[36mUser Load (0.7ms)[0m  [1m[34mSELECT "users".* FROM "users" WHERE "users"."id" = 5 LIMIT 1 /*action='ready',application='UnoOnline',controller='games'*/[0m
  ↳ app/controllers/application_controller.rb:19:in 'ApplicationController#current_user'
  [1m[36mGame Load (0.7ms)[0m  [1m[34mSELECT "games".* FROM "games" WHERE "games"."id" = 16 LIMIT 1 /*action='ready',application='UnoOnline',controller='games'*/[0m
  ↳ app/controllers/games_controller.rb:88:in 'GamesController#set_game'
  [1m[36mPlayer Exists? (0.6ms)[0m  [1m[34mSELECT 1 AS one FROM "players" WHERE "players"."game_id" = 16 AND "players"."user_id" = 5 LIMIT 1 /*action='ready',application='UnoOnline',controller='games'*/[0m
  ↳ app/controllers/games_controller.rb:92:in 'GamesController#require_membership'
  [1m[36mPlayer Load (0.7ms)[0m  [1m[34mSELECT "players".* FROM "players" WHERE "players"."game_id" = 16 AND "players"."user_id" = 5 ORDER BY "players"."position" ASC LIMIT 1 /*action='ready',application='UnoOnline',controller='games'*/[0m
  ↳ app/controllers/games_controller.rb:60:in 'GamesController#ready'
  [1m[36mTRANSACTION (0.4ms)[0m  [1m[35mBEGIN /*action='ready',application='UnoOnline',controller='games'*/[0m
  ↳ app/controllers/games_controller.rb:65:in 'GamesController#ready'
  [1m[36mPlayer Update (5.3ms)[0m  [1m[33mUPDATE "players" SET "updated_at" = '2026-10-02 08:08:52.229754', "ready" = TRUE WHERE "players"."id" = 58 /*action='ready',application='UnoOnline',controller='games'*/[0m
  ↳ app/controllers/games_controller.rb:65:in 'GamesController#ready'
  [1m[36mTRANSACTION (4.2ms)[0m  [1m[35mCOMMIT /*action='ready',application='UnoOnline',controller='games'*/[0m
  ↳ app/controllers/games_controller.rb:65:in 'GamesController#ready'
  [1m[36mPlayer Count (0.6ms)[0m  [1m[34mSELECT COUNT(*) FROM "players" WHERE "players"."game_id" = 16 /*action='ready',application='UnoOnline',controller='games'*/[0m
  ↳ app/models/game.rb:35:in 'Game#all_ready?'
  [1m[36mPlayer Load (0.6ms)[0m  [1m[34mSELECT "players".* FROM "players" WHERE "players"."game_id" = 16 ORDER BY "players"."position" ASC /*action='ready',application='UnoOnline',controller='games'*/[0m
  ↳ app/models/game.rb:35:in 'Enumerable#all?'
Redirected to http://127.0.0.1:3000/games/16
↳ app/controllers/games_controller.rb:68:in 'GamesController#ready'
Completed 302 Found in 70ms (ActiveRecord: 13.6ms (7 queries, 0 cached) | GC: 0.0ms)


Started GET "/games/16" for 127.0.0.1 at 2026-10-02 11:08:52 +0300
Processing by GamesController#show as TURBO_STREAM
  Parameters: {"id" => "16"}
  [1m[36mUser Load (0.7ms)[0m  [1m[34mSELECT "users".* FROM "users" WHERE "users"."id" = 5 LIMIT 1 /*action='show',application='UnoOnline',controller='games'*/[0m
  ↳ app/controllers/application_controller.rb:19:in 'ApplicationController#current_user'
  [1m[36mGame Load (0.6ms)[0m  [1m[34mSELECT "games".* FROM "games" WHERE "games"."id" = 16 LIMIT 1 /*action='show',application='UnoOnline',controller='games'*/[0m
  ↳ app/controllers/games_controller.rb:88:in 'GamesController#set_game'
  [1m[36mPlayer Exists? (0.6ms)[0m  [1m[34mSELECT 1 AS one FROM "players" WHERE "players"."game_id" = 16 AND "players"."user_id" = 5 LIMIT 1 /*action='show',application='UnoOnline',controller='games'*/[0m
  ↳ app/controllers/games_controller.rb:92:in 'GamesController#require_membership'
  [1m[36mPlayer Load (0.9ms)[0m  [1m[34mSELECT "players".* FROM "players" WHERE "players"."game_id" = 16 AND "players"."user_id" = 5 ORDER BY "players"."position" ASC LIMIT 1 /*action='show',application='UnoOnline',controller='games'*/[0m
  ↳ app/controllers/games_controller.rb:47:in 'GamesController#show'
  Rendering layout layouts/application.html.erb
  Rendering games/show.html.erb within layouts/application
  Rendered shared/_logo.html.erb (Duration: 0.1ms | GC: 0.0ms)
  Rendered shared/_status_badge.html.erb (Duration: 0.1ms | GC: 0.0ms)
  [1m[36mPlayer Count (0.6ms)[0m  [1m[34mSELECT COUNT(*) FROM "players" WHERE "players"."game_id" = 16 /*action='show',application='UnoOnline',controller='games'*/[0m
  ↳ app/views/games/show.html.erb:17
  [1m[36mPlayer Load (0.6ms)[0m  [1m[34mSELECT "players".* FROM "players" WHERE "players"."game_id" = 16 ORDER BY "players"."position" ASC /*action='show',application='UnoOnline',controller='games'*/[0m
  ↳ app/views/games/show.html.erb:31
  [1m[36mUser Load (0.8ms)[0m  [1m[34mSELECT "users".* FROM "users" WHERE "users"."id" = 1 LIMIT 1 /*action='show',application='UnoOnline',controller='games'*/[0m
  ↳ app/views/games/show.html.erb:34
  [1m[36mUser Load (0.7ms)[0m  [1m[34mSELECT "users".* FROM "users" WHERE "users"."id" = 4 LIMIT 1 /*action='show',application='UnoOnline',controller='games'*/[0m
  ↳ app/views/games/show.html.erb:34
  [1m[36mCACHE User Load (0.0ms)[0m  [1m[34mSELECT "users".* FROM "users" WHERE "users"."id" = 5 LIMIT 1[0m
  ↳ app/views/games/show.html.erb:34
  Rendered games/show.html.erb within layouts/application (Duration: 20.3ms | GC: 0.0ms)
  Rendered layout layouts/application.html.erb (Duration: 22.2ms | GC: 0.0ms)
Completed 200 OK in 60ms (Views: 21.0ms | ActiveRecord: 5.4ms (9 queries, 1 cached) | GC: 0.0ms)


Started GET "/games/16" for 127.0.0.1 at 2026-10-02 11:08:52 +0300
Processing by GamesController#show as HTML
  Parameters: {"id" => "16"}
  [1m[36mUser Load (1.0ms)[0m  [1m[34mSELECT "users".* FROM "users" WHERE "users"."id" = 1 LIMIT 1 /*action='show',application='UnoOnline',controller='games'*/[0m
  ↳ app/controllers/application_controller.rb:19:in 'ApplicationController#current_user'
  [1m[36mGame Load (1.0ms)[0m  [1m[34mSELECT "games".* FROM "games" WHERE "games"."id" = 16 LIMIT 1 /*action='show',application='UnoOnline',controller='games'*/[0m
  ↳ app/controllers/games_controller.rb:88:in 'GamesController#set_game'
  [1m[36mPlayer Exists? (0.5ms)[0m  [1m[34mSELECT 1 AS one FROM "players" WHERE "players"."game_id" = 16 AND "players"."user_id" = 1 LIMIT 1 /*action='show',application='UnoOnline',controller='games'*/[0m
  ↳ app/controllers/games_controller.rb:92:in 'GamesController#require_membership'
  [1m[36mPlayer Load (0.8ms)[0m  [1m[34mSELECT "players".* FROM "players" WHERE "players"."game_id" = 16 AND "players"."user_id" = 1 ORDER BY "players"."position" ASC LIMIT 1 /*action='show',application='UnoOnline',controller='games'*/[0m
  ↳ app/controllers/games_controller.rb:47:in 'GamesController#show'
  Rendering layout layouts/application.html.erb
  Rendering games/show.html.erb within layouts/application
  Rendered shared/_logo.html.erb (Duration: 0.1ms | GC: 0.0ms)
  Rendered shared/_status_badge.html.erb (Duration: 0.1ms | GC: 0.0ms)
  [1m[36mPlayer Count (0.6ms)[0m  [1m[34mSELECT COUNT(*) FROM "players" WHERE "players"."game_id" = 16 /*action='show',application='UnoOnline',controller='games'*/[0m
  ↳ app/views/games/show.html.erb:17
  [1m[36mPlayer Load (0.6ms)[0m  [1m[34mSELECT "players".* FROM "players" WHERE "players"."game_id" = 16 ORDER BY "players"."position" ASC /*action='show',application='UnoOnline',controller='games'*/[0m
  ↳ app/views/games/show.html.erb:31
  [1m[36mCACHE User Load (0.0ms)[0m  [1m[34mSELECT "users".* FROM "users" WHERE "users"."id" = 1 LIMIT 1[0m
  ↳ app/views/games/show.html.erb:34
  [1m[36mUser Load (0.7ms)[0m  [1m[34mSELECT "users".* FROM "users" WHERE "users"."id" = 4 LIMIT 1 /*action='show',application='UnoOnline',controller='games'*/[0m
  ↳ app/views/games/show.html.erb:34
  [1m[36mUser Load (0.5ms)[0m  [1m[34mSELECT "users".* FROM "users" WHERE "users"."id" = 5 LIMIT 1 /*action='show',application='UnoOnline',controller='games'*/[0m
  ↳ app/views/games/show.html.erb:34
  Rendered games/show.html.erb within layouts/application (Duration: 19.9ms | GC: 0.0ms)
  Rendered layout layouts/application.html.erb (Duration: 22.1ms | GC: 0.0ms)
Completed 200 OK in 63ms (Views: 21.2ms | ActiveRecord: 5.5ms (9 queries, 1 cached) | GC: 0.0ms)


Started POST "/games/16/ready" for 127.0.0.1 at 2026-10-02 11:08:54 +0300
Processing by GamesController#ready as TURBO_STREAM
  Parameters: {"authenticity_token" => "[FILTERED]", "id" => "16"}
  [1m[36mUser Load (1.0ms)[0m  [1m[34mSELECT "users".* FROM "users" WHERE "users"."id" = 1 LIMIT 1 /*action='ready',application='UnoOnline',controller='games'*/[0m
  ↳ app/controllers/application_controller.rb:19:in 'ApplicationController#current_user'
  [1m[36mGame Load (0.9ms)[0m  [1m[34mSELECT "games".* FROM "games" WHERE "games"."id" = 16 LIMIT 1 /*action='ready',application='UnoOnline',controller='games'*/[0m
  ↳ app/controllers/games_controller.rb:88:in 'GamesController#set_game'
  [1m[36mPlayer Exists? (0.9ms)[0m  [1m[34mSELECT 1 AS one FROM "players" WHERE "players"."game_id" = 16 AND "players"."user_id" = 1 LIMIT 1 /*action='ready',application='UnoOnline',controller='games'*/[0m
  ↳ app/controllers/games_controller.rb:92:in 'GamesController#require_membership'
  [1m[36mPlayer Load (0.7ms)[0m  [1m[34mSELECT "players".* FROM "players" WHERE "players"."game_id" = 16 AND "players"."user_id" = 1 ORDER BY "players"."position" ASC LIMIT 1 /*action='ready',application='UnoOnline',controller='games'*/[0m
  ↳ app/controllers/games_controller.rb:60:in 'GamesController#ready'
  [1m[36mTRANSACTION (0.3ms)[0m  [1m[35mBEGIN /*action='ready',application='UnoOnline',controller='games'*/[0m
  ↳ app/controllers/games_controller.rb:65:in 'GamesController#ready'
  [1m[36mPlayer Update (5.9ms)[0m  [1m[33mUPDATE "players" SET "updated_at" = '2026-10-02 08:08:54.281307', "ready" = TRUE WHERE "players"."id" = 35 /*action='ready',application='UnoOnline',controller='games'*/[0m
  ↳ app/controllers/games_controller.rb:65:in 'GamesController#ready'
  [1m[36mTRANSACTION (3.8ms)[0m  [1m[35mCOMMIT /*action='ready',application='UnoOnline',controller='games'*/[0m
  ↳ app/controllers/games_controller.rb:65:in 'GamesController#ready'
  [1m[36mPlayer Count (0.5ms)[0m  [1m[34mSELECT COUNT(*) FROM "players" WHERE "players"."game_id" = 16 /*action='ready',application='UnoOnline',controller='games'*/[0m
  ↳ app/models/game.rb:35:in 'Game#all_ready?'
  [1m[36mPlayer Load (0.5ms)[0m  [1m[34mSELECT "players".* FROM "players" WHERE "players"."game_id" = 16 ORDER BY "players"."position" ASC /*action='ready',application='UnoOnline',controller='games'*/[0m
  ↳ app/models/game.rb:35:in 'Enumerable#all?'
Redirected to http://127.0.0.1:3000/games/16
↳ app/controllers/games_controller.rb:68:in 'GamesController#ready'
Completed 302 Found in 66ms (ActiveRecord: 14.2ms (7 queries, 0 cached) | GC: 0.0ms)


Started GET "/games/16" for 127.0.0.1 at 2026-10-02 11:08:54 +0300
Processing by GamesController#show as TURBO_STREAM
  Parameters: {"id" => "16"}
  [1m[36mUser Load (0.7ms)[0m  [1m[34mSELECT "users".* FROM "users" WHERE "users"."id" = 1 LIMIT 1 /*action='show',application='UnoOnline',controller='games'*/[0m
  ↳ app/controllers/application_controller.rb:19:in 'ApplicationController#current_user'
  [1m[36mGame Load (0.9ms)[0m  [1m[34mSELECT "games".* FROM "games" WHERE "games"."id" = 16 LIMIT 1 /*action='show',application='UnoOnline',controller='games'*/[0m
  ↳ app/controllers/games_controller.rb:88:in 'GamesController#set_game'
  [1m[36mPlayer Exists? (0.6ms)[0m  [1m[34mSELECT 1 AS one FROM "players" WHERE "players"."game_id" = 16 AND "players"."user_id" = 1 LIMIT 1 /*action='show',application='UnoOnline',controller='games'*/[0m
  ↳ app/controllers/games_controller.rb:92:in 'GamesController#require_membership'
  [1m[36mPlayer Load (0.6ms)[0m  [1m[34mSELECT "players".* FROM "players" WHERE "players"."game_id" = 16 AND "players"."user_id" = 1 ORDER BY "players"."position" ASC LIMIT 1 /*action='show',application='UnoOnline',controller='games'*/[0m
  ↳ app/controllers/games_controller.rb:47:in 'GamesController#show'
  Rendering layout layouts/application.html.erb
  Rendering games/show.html.erb within layouts/application
  Rendered shared/_logo.html.erb (Duration: 0.1ms | GC: 0.0ms)
  Rendered shared/_status_badge.html.erb (Duration: 0.1ms | GC: 0.0ms)
  [1m[36mPlayer Count (0.6ms)[0m  [1m[34mSELECT COUNT(*) FROM "players" WHERE "players"."game_id" = 16 /*action='show',application='UnoOnline',controller='games'*/[0m
  ↳ app/views/games/show.html.erb:17
  [1m[36mPlayer Load (0.6ms)[0m  [1m[34mSELECT "players".* FROM "players" WHERE "players"."game_id" = 16 ORDER BY "players"."position" ASC /*action='show',application='UnoOnline',controller='games'*/[0m
  ↳ app/views/games/show.html.erb:31
  [1m[36mCACHE User Load (0.0ms)[0m  [1m[34mSELECT "users".* FROM "users" WHERE "users"."id" = 1 LIMIT 1[0m
  ↳ app/views/games/show.html.erb:34
  [1m[36mUser Load (0.8ms)[0m  [1m[34mSELECT "users".* FROM "users" WHERE "users"."id" = 4 LIMIT 1 /*action='show',application='UnoOnline',controller='games'*/[0m
  ↳ app/views/games/show.html.erb:34
  [1m[36mUser Load (0.5ms)[0m  [1m[34mSELECT "users".* FROM "users" WHERE "users"."id" = 5 LIMIT 1 /*action='show',application='UnoOnline',controller='games'*/[0m
  ↳ app/views/games/show.html.erb:34
  Rendered games/show.html.erb within layouts/application (Duration: 19.6ms | GC: 0.0ms)
  Rendered layout layouts/application.html.erb (Duration: 21.4ms | GC: 0.0ms)
Completed 200 OK in 63ms (Views: 20.4ms | ActiveRecord: 5.1ms (9 queries, 1 cached) | GC: 0.0ms)


Started GET "/games/16" for 127.0.0.1 at 2026-10-02 11:08:55 +0300
Processing by GamesController#show as HTML
  Parameters: {"id" => "16"}
  [1m[36mUser Load (0.7ms)[0m  [1m[34mSELECT "users".* FROM "users" WHERE "users"."id" = 5 LIMIT 1 /*action='show',application='UnoOnline',controller='games'*/[0m
  ↳ app/controllers/application_controller.rb:19:in 'ApplicationController#current_user'
  [1m[36mGame Load (0.7ms)[0m  [1m[34mSELECT "games".* FROM "games" WHERE "games"."id" = 16 LIMIT 1 /*action='show',application='UnoOnline',controller='games'*/[0m
  ↳ app/controllers/games_controller.rb:88:in 'GamesController#set_game'
  [1m[36mPlayer Exists? (0.5ms)[0m  [1m[34mSELECT 1 AS one FROM "players" WHERE "players"."game_id" = 16 AND "players"."user_id" = 5 LIMIT 1 /*action='show',application='UnoOnline',controller='games'*/[0m
  ↳ app/controllers/games_controller.rb:92:in 'GamesController#require_membership'
  [1m[36mPlayer Load (1.0ms)[0m  [1m[34mSELECT "players".* FROM "players" WHERE "players"."game_id" = 16 AND "players"."user_id" = 5 ORDER BY "players"."position" ASC LIMIT 1 /*action='show',application='UnoOnline',controller='games'*/[0m
  ↳ app/controllers/games_controller.rb:47:in 'GamesController#show'
  Rendering layout layouts/application.html.erb
  Rendering games/show.html.erb within layouts/application
  Rendered shared/_logo.html.erb (Duration: 0.0ms | GC: 0.0ms)
  Rendered shared/_status_badge.html.erb (Duration: 0.1ms | GC: 0.0ms)
  [1m[36mPlayer Count (0.8ms)[0m  [1m[34mSELECT COUNT(*) FROM "players" WHERE "players"."game_id" = 16 /*action='show',application='UnoOnline',controller='games'*/[0m
  ↳ app/views/games/show.html.erb:17
  [1m[36mPlayer Load (0.6ms)[0m  [1m[34mSELECT "players".* FROM "players" WHERE "players"."game_id" = 16 ORDER BY "players"."position" ASC /*action='show',application='UnoOnline',controller='games'*/[0m
  ↳ app/views/games/show.html.erb:31
  [1m[36mUser Load (0.4ms)[0m  [1m[34mSELECT "users".* FROM "users" WHERE "users"."id" = 1 LIMIT 1 /*action='show',application='UnoOnline',controller='games'*/[0m
  ↳ app/views/games/show.html.erb:34
  [1m[36mUser Load (0.5ms)[0m  [1m[34mSELECT "users".* FROM "users" WHERE "users"."id" = 4 LIMIT 1 /*action='show',application='UnoOnline',controller='games'*/[0m
  ↳ app/views/games/show.html.erb:34
  [1m[36mCACHE User Load (0.0ms)[0m  [1m[34mSELECT "users".* FROM "users" WHERE "users"."id" = 5 LIMIT 1[0m
  ↳ app/views/games/show.html.erb:34
  Rendered games/show.html.erb within layouts/application (Duration: 18.7ms | GC: 0.0ms)
  Rendered layout layouts/application.html.erb (Duration: 20.3ms | GC: 0.0ms)
Completed 200 OK in 55ms (Views: 19.3ms | ActiveRecord: 5.0ms (9 queries, 1 cached) | GC: 0.0ms)


Started GET "/games/16" for 127.0.0.1 at 2026-10-02 11:08:56 +0300
Processing by GamesController#show as HTML
  Parameters: {"id" => "16"}
  [1m[36mUser Load (0.9ms)[0m  [1m[34mSELECT "users".* FROM "users" WHERE "users"."id" = 4 LIMIT 1 /*action='show',application='UnoOnline',controller='games'*/[0m
  ↳ app/controllers/application_controller.rb:19:in 'ApplicationController#current_user'
  [1m[36mGame Load (0.6ms)[0m  [1m[34mSELECT "games".* FROM "games" WHERE "games"."id" = 16 LIMIT 1 /*action='show',application='UnoOnline',controller='games'*/[0m
  ↳ app/controllers/games_controller.rb:88:in 'GamesController#set_game'
  [1m[36mPlayer Exists? (0.6ms)[0m  [1m[34mSELECT 1 AS one FROM "players" WHERE "players"."game_id" = 16 AND "players"."user_id" = 4 LIMIT 1 /*action='show',application='UnoOnline',controller='games'*/[0m
  ↳ app/controllers/games_controller.rb:92:in 'GamesController#require_membership'
  [1m[36mPlayer Load (0.7ms)[0m  [1m[34mSELECT "players".* FROM "players" WHERE "players"."game_id" = 16 AND "players"."user_id" = 4 ORDER BY "players"."position" ASC LIMIT 1 /*action='show',application='UnoOnline',controller='games'*/[0m
  ↳ app/controllers/games_controller.rb:47:in 'GamesController#show'
  Rendering layout layouts/application.html.erb
  Rendering games/show.html.erb within layouts/application
  Rendered shared/_logo.html.erb (Duration: 0.1ms | GC: 0.0ms)
  Rendered shared/_status_badge.html.erb (Duration: 0.1ms | GC: 0.0ms)
  [1m[36mPlayer Count (0.9ms)[0m  [1m[34mSELECT COUNT(*) FROM "players" WHERE "players"."game_id" = 16 /*action='show',application='UnoOnline',controller='games'*/[0m
  ↳ app/views/games/show.html.erb:17
  [1m[36mPlayer Load (0.7ms)[0m  [1m[34mSELECT "players".* FROM "players" WHERE "players"."game_id" = 16 ORDER BY "players"."position" ASC /*action='show',application='UnoOnline',controller='games'*/[0m
  ↳ app/views/games/show.html.erb:31
  [1m[36mUser Load (0.8ms)[0m  [1m[34mSELECT "users".* FROM "users" WHERE "users"."id" = 1 LIMIT 1 /*action='show',application='UnoOnline',controller='games'*/[0m
  ↳ app/views/games/show.html.erb:34
  [1m[36mCACHE User Load (0.0ms)[0m  [1m[34mSELECT "users".* FROM "users" WHERE "users"."id" = 4 LIMIT 1[0m
  ↳ app/views/games/show.html.erb:34
  [1m[36mUser Load (0.6ms)[0m  [1m[34mSELECT "users".* FROM "users" WHERE "users"."id" = 5 LIMIT 1 /*action='show',application='UnoOnline',controller='games'*/[0m
  ↳ app/views/games/show.html.erb:34
  Rendered games/show.html.erb within layouts/application (Duration: 20.5ms | GC: 0.0ms)
  Rendered layout layouts/application.html.erb (Duration: 22.4ms | GC: 0.0ms)
Completed 200 OK in 63ms (Views: 21.1ms | ActiveRecord: 5.7ms (9 queries, 1 cached) | GC: 0.0ms)


Started GET "/games/16" for 127.0.0.1 at 2026-10-02 11:08:57 +0300
Processing by GamesController#show as HTML
  Parameters: {"id" => "16"}
  [1m[36mUser Load (0.7ms)[0m  [1m[34mSELECT "users".* FROM "users" WHERE "users"."id" = 1 LIMIT 1 /*action='show',application='UnoOnline',controller='games'*/[0m
  ↳ app/controllers/application_controller.rb:19:in 'ApplicationController#current_user'
  [1m[36mGame Load (0.9ms)[0m  [1m[34mSELECT "games".* FROM "games" WHERE "games"."id" = 16 LIMIT 1 /*action='show',application='UnoOnline',controller='games'*/[0m
  ↳ app/controllers/games_controller.rb:88:in 'GamesController#set_game'
  [1m[36mPlayer Exists? (0.6ms)[0m  [1m[34mSELECT 1 AS one FROM "players" WHERE "players"."game_id" = 16 AND "players"."user_id" = 1 LIMIT 1 /*action='show',application='UnoOnline',controller='games'*/[0m
  ↳ app/controllers/games_controller.rb:92:in 'GamesController#require_membership'
  [1m[36mPlayer Load (0.6ms)[0m  [1m[34mSELECT "players".* FROM "players" WHERE "players"."game_id" = 16 AND "players"."user_id" = 1 ORDER BY "players"."position" ASC LIMIT 1 /*action='show',application='UnoOnline',controller='games'*/[0m
  ↳ app/controllers/games_controller.rb:47:in 'GamesController#show'
  Rendering layout layouts/application.html.erb
  Rendering games/show.html.erb within layouts/application
  Rendered shared/_logo.html.erb (Duration: 0.1ms | GC: 0.0ms)
  Rendered shared/_status_badge.html.erb (Duration: 0.1ms | GC: 0.0ms)
  [1m[36mPlayer Count (0.6ms)[0m  [1m[34mSELECT COUNT(*) FROM "players" WHERE "players"."game_id" = 16 /*action='show',application='UnoOnline',controller='games'*/[0m
  ↳ app/views/games/show.html.erb:17
  [1m[36mPlayer Load (0.9ms)[0m  [1m[34mSELECT "players".* FROM "players" WHERE "players"."game_id" = 16 ORDER BY "players"."position" ASC /*action='show',application='UnoOnline',controller='games'*/[0m
  ↳ app/views/games/show.html.erb:31
  [1m[36mCACHE User Load (0.0ms)[0m  [1m[34mSELECT "users".* FROM "users" WHERE "users"."id" = 1 LIMIT 1[0m
  ↳ app/views/games/show.html.erb:34
  [1m[36mUser Load (0.9ms)[0m  [1m[34mSELECT "users".* FROM "users" WHERE "users"."id" = 4 LIMIT 1 /*action='show',application='UnoOnline',controller='games'*/[0m
  ↳ app/views/games/show.html.erb:34
  [1m[36mUser Load (0.7ms)[0m  [1m[34mSELECT "users".* FROM "users" WHERE "users"."id" = 5 LIMIT 1 /*action='show',application='UnoOnline',controller='games'*/[0m
  ↳ app/views/games/show.html.erb:34
  Rendered games/show.html.erb within layouts/application (Duration: 23.1ms | GC: 0.0ms)
  Rendered layout layouts/application.html.erb (Duration: 25.0ms | GC: 0.0ms)
Completed 200 OK in 66ms (Views: 23.5ms | ActiveRecord: 5.8ms (9 queries, 1 cached) | GC: 0.0ms)


Started GET "/games/16" for 127.0.0.1 at 2026-10-02 11:08:58 +0300
Processing by GamesController#show as HTML
  Parameters: {"id" => "16"}
  [1m[36mUser Load (0.7ms)[0m  [1m[34mSELECT "users".* FROM "users" WHERE "users"."id" = 5 LIMIT 1 /*action='show',application='UnoOnline',controller='games'*/[0m
  ↳ app/controllers/application_controller.rb:19:in 'ApplicationController#current_user'
  [1m[36mGame Load (0.6ms)[0m  [1m[34mSELECT "games".* FROM "games" WHERE "games"."id" = 16 LIMIT 1 /*action='show',application='UnoOnline',controller='games'*/[0m
  ↳ app/controllers/games_controller.rb:88:in 'GamesController#set_game'
  [1m[36mPlayer Exists? (2.3ms)[0m  [1m[34mSELECT 1 AS one FROM "players" WHERE "players"."game_id" = 16 AND "players"."user_id" = 5 LIMIT 1 /*action='show',application='UnoOnline',controller='games'*/[0m
  ↳ app/controllers/games_controller.rb:92:in 'GamesController#require_membership'
  [1m[36mPlayer Load (2.1ms)[0m  [1m[34mSELECT "players".* FROM "players" WHERE "players"."game_id" = 16 AND "players"."user_id" = 5 ORDER BY "players"."position" ASC LIMIT 1 /*action='show',application='UnoOnline',controller='games'*/[0m
  ↳ app/controllers/games_controller.rb:47:in 'GamesController#show'
  Rendering layout layouts/application.html.erb
  Rendering games/show.html.erb within layouts/application
  Rendered shared/_logo.html.erb (Duration: 0.1ms | GC: 0.0ms)
  Rendered shared/_status_badge.html.erb (Duration: 0.1ms | GC: 0.0ms)
  [1m[36mPlayer Count (0.7ms)[0m  [1m[34mSELECT COUNT(*) FROM "players" WHERE "players"."game_id" = 16 /*action='show',application='UnoOnline',controller='games'*/[0m
  ↳ app/views/games/show.html.erb:17
Started POST "/games/16/ready" for 127.0.0.1 at 2026-10-02 11:08:58 +0300
  [1m[36mPlayer Load (1.3ms)[0m  [1m[34mSELECT "players".* FROM "players" WHERE "players"."game_id" = 16 ORDER BY "players"."position" ASC /*action='show',application='UnoOnline',controller='games'*/[0m
  ↳ app/views/games/show.html.erb:31
  [1m[36mUser Load (0.5ms)[0m  [1m[34mSELECT "users".* FROM "users" WHERE "users"."id" = 1 LIMIT 1 /*action='show',application='UnoOnline',controller='games'*/[0m
  ↳ app/views/games/show.html.erb:34
  [1m[36mUser Load (1.8ms)[0m  [1m[34mSELECT "users".* FROM "users" WHERE "users"."id" = 4 LIMIT 1 /*action='show',application='UnoOnline',controller='games'*/[0m
  ↳ app/views/games/show.html.erb:34
  [1m[36mCACHE User Load (0.0ms)[0m  [1m[34mSELECT "users".* FROM "users" WHERE "users"."id" = 5 LIMIT 1[0m
  ↳ app/views/games/show.html.erb:34
  Rendered games/show.html.erb within layouts/application (Duration: 26.8ms | GC: 0.0ms)
  Rendered layout layouts/application.html.erb (Duration: 29.2ms | GC: 0.0ms)
Completed 200 OK in 75ms (Views: 29.6ms | ActiveRecord: 9.8ms (9 queries, 1 cached) | GC: 0.0ms)


Processing by GamesController#ready as TURBO_STREAM
  Parameters: {"authenticity_token" => "[FILTERED]", "id" => "16"}
  [1m[36mUser Load (0.7ms)[0m  [1m[34mSELECT "users".* FROM "users" WHERE "users"."id" = 4 LIMIT 1 /*action='ready',application='UnoOnline',controller='games'*/[0m
  ↳ app/controllers/application_controller.rb:19:in 'ApplicationController#current_user'
  [1m[36mGame Load (0.6ms)[0m  [1m[34mSELECT "games".* FROM "games" WHERE "games"."id" = 16 LIMIT 1 /*action='ready',application='UnoOnline',controller='games'*/[0m
  ↳ app/controllers/games_controller.rb:88:in 'GamesController#set_game'
  [1m[36mPlayer Exists? (0.6ms)[0m  [1m[34mSELECT 1 AS one FROM "players" WHERE "players"."game_id" = 16 AND "players"."user_id" = 4 LIMIT 1 /*action='ready',application='UnoOnline',controller='games'*/[0m
  ↳ app/controllers/games_controller.rb:92:in 'GamesController#require_membership'
  [1m[36mPlayer Load (0.7ms)[0m  [1m[34mSELECT "players".* FROM "players" WHERE "players"."game_id" = 16 AND "players"."user_id" = 4 ORDER BY "players"."position" ASC LIMIT 1 /*action='ready',application='UnoOnline',controller='games'*/[0m
  ↳ app/controllers/games_controller.rb:60:in 'GamesController#ready'
  [1m[36mTRANSACTION (0.3ms)[0m  [1m[35mBEGIN /*action='ready',application='UnoOnline',controller='games'*/[0m
  ↳ app/controllers/games_controller.rb:65:in 'GamesController#ready'
  [1m[36mPlayer Update (4.8ms)[0m  [1m[33mUPDATE "players" SET "updated_at" = '2026-10-02 08:08:58.918439', "ready" = TRUE WHERE "players"."id" = 55 /*action='ready',application='UnoOnline',controller='games'*/[0m
  ↳ app/controllers/games_controller.rb:65:in 'GamesController#ready'
  [1m[36mTRANSACTION (0.7ms)[0m  [1m[35mCOMMIT /*action='ready',application='UnoOnline',controller='games'*/[0m
  ↳ app/controllers/games_controller.rb:65:in 'GamesController#ready'
  [1m[36mPlayer Count (0.8ms)[0m  [1m[34mSELECT COUNT(*) FROM "players" WHERE "players"."game_id" = 16 /*action='ready',application='UnoOnline',controller='games'*/[0m
  ↳ app/models/game.rb:35:in 'Game#all_ready?'
  [1m[36mPlayer Load (0.6ms)[0m  [1m[34mSELECT "players".* FROM "players" WHERE "players"."game_id" = 16 ORDER BY "players"."position" ASC /*action='ready',application='UnoOnline',controller='games'*/[0m
  ↳ app/models/game.rb:35:in 'Enumerable#all?'
  [1m[36mTRANSACTION (0.4ms)[0m  [1m[35mBEGIN /*action='ready',application='UnoOnline',controller='games'*/[0m
  ↳ app/models/game.rb:39:in 'Game#start!'
  [1m[36mGame Update (0.7ms)[0m  [1m[33mUPDATE "games" SET "status" = 'playing', "updated_at" = '2026-10-02 08:08:58.948346' WHERE "games"."id" = 16 /*action='ready',application='UnoOnline',controller='games'*/[0m
  ↳ app/models/game.rb:39:in 'Game#start!'
  [1m[36mTRANSACTION (0.6ms)[0m  [1m[35mCOMMIT /*action='ready',application='UnoOnline',controller='games'*/[0m
  ↳ app/models/game.rb:39:in 'Game#start!'
Redirected to http://127.0.0.1:3000/games/16/play
↳ app/controllers/games_controller.rb:68:in 'GamesController#ready'
Completed 302 Found in 78ms (ActiveRecord: 21.1ms (8 queries, 0 cached) | GC: 0.0ms)


Started GET "/games/16/play" for 127.0.0.1 at 2026-10-02 11:08:58 +0300
Processing by GamesController#play as TURBO_STREAM
  Parameters: {"id" => "16"}
  [1m[36mUser Load (0.7ms)[0m  [1m[34mSELECT "users".* FROM "users" WHERE "users"."id" = 4 LIMIT 1 /*action='play',application='UnoOnline',controller='games'*/[0m
  ↳ app/controllers/application_controller.rb:19:in 'ApplicationController#current_user'
  [1m[36mGame Load (0.7ms)[0m  [1m[34mSELECT "games".* FROM "games" WHERE "games"."id" = 16 LIMIT 1 /*action='play',application='UnoOnline',controller='games'*/[0m
  ↳ app/controllers/games_controller.rb:88:in 'GamesController#set_game'
  [1m[36mPlayer Exists? (0.5ms)[0m  [1m[34mSELECT 1 AS one FROM "players" WHERE "players"."game_id" = 16 AND "players"."user_id" = 4 LIMIT 1 /*action='play',application='UnoOnline',controller='games'*/[0m
  ↳ app/controllers/games_controller.rb:92:in 'GamesController#require_membership'
  Rendering layout layouts/application.html.erb
  Rendering games/play.html.erb within layouts/application
  Rendered shared/_logo.html.erb (Duration: 0.1ms | GC: 0.0ms)
  Rendered shared/_status_badge.html.erb (Duration: 0.1ms | GC: 0.0ms)
  [1m[36mPlayer Count (0.5ms)[0m  [1m[34mSELECT COUNT(*) FROM "players" WHERE "players"."game_id" = 16 /*action='play',application='UnoOnline',controller='games'*/[0m
  ↳ app/views/games/play.html.erb:15
  Rendered games/play.html.erb within layouts/application (Duration: 6.2ms | GC: 0.0ms)
  Rendered layout layouts/application.html.erb (Duration: 8.1ms | GC: 0.0ms)
Completed 200 OK in 54ms (Views: 8.9ms | ActiveRecord: 2.5ms (4 queries, 0 cached) | GC: 0.0ms)


Started GET "/games/16" for 127.0.0.1 at 2026-10-02 11:09:00 +0300
Processing by GamesController#show as HTML
  Parameters: {"id" => "16"}
  [1m[36mUser Load (1.0ms)[0m  [1m[34mSELECT "users".* FROM "users" WHERE "users"."id" = 1 LIMIT 1 /*action='show',application='UnoOnline',controller='games'*/[0m
  ↳ app/controllers/application_controller.rb:19:in 'ApplicationController#current_user'
  [1m[36mGame Load (0.8ms)[0m  [1m[34mSELECT "games".* FROM "games" WHERE "games"."id" = 16 LIMIT 1 /*action='show',application='UnoOnline',controller='games'*/[0m
  ↳ app/controllers/games_controller.rb:88:in 'GamesController#set_game'
  [1m[36mPlayer Exists? (0.8ms)[0m  [1m[34mSELECT 1 AS one FROM "players" WHERE "players"."game_id" = 16 AND "players"."user_id" = 1 LIMIT 1 /*action='show',application='UnoOnline',controller='games'*/[0m
  ↳ app/controllers/games_controller.rb:92:in 'GamesController#require_membership'
Redirected to http://127.0.0.1:3000/games/16/play
↳ app/controllers/games_controller.rb:42:in 'GamesController#show'
Completed 302 Found in 38ms (ActiveRecord: 2.5ms (3 queries, 0 cached) | GC: 0.0ms)


Started GET "/games/16/play" for 127.0.0.1 at 2026-10-02 11:09:00 +0300
Processing by GamesController#play as HTML
  Parameters: {"id" => "16"}
  [1m[36mUser Load (0.8ms)[0m  [1m[34mSELECT "users".* FROM "users" WHERE "users"."id" = 1 LIMIT 1 /*action='play',application='UnoOnline',controller='games'*/[0m
  ↳ app/controllers/application_controller.rb:19:in 'ApplicationController#current_user'
  [1m[36mGame Load (0.7ms)[0m  [1m[34mSELECT "games".* FROM "games" WHERE "games"."id" = 16 LIMIT 1 /*action='play',application='UnoOnline',controller='games'*/[0m
  ↳ app/controllers/games_controller.rb:88:in 'GamesController#set_game'
  [1m[36mPlayer Exists? (0.8ms)[0m  [1m[34mSELECT 1 AS one FROM "players" WHERE "players"."game_id" = 16 AND "players"."user_id" = 1 LIMIT 1 /*action='play',application='UnoOnline',controller='games'*/[0m
  ↳ app/controllers/games_controller.rb:92:in 'GamesController#require_membership'
  Rendering layout layouts/application.html.erb
  Rendering games/play.html.erb within layouts/application
  Rendered shared/_logo.html.erb (Duration: 0.1ms | GC: 0.0ms)
  Rendered shared/_status_badge.html.erb (Duration: 0.1ms | GC: 0.0ms)
  [1m[36mPlayer Count (0.6ms)[0m  [1m[34mSELECT COUNT(*) FROM "players" WHERE "players"."game_id" = 16 /*action='play',application='UnoOnline',controller='games'*/[0m
  ↳ app/views/games/play.html.erb:15
  Rendered games/play.html.erb within layouts/application (Duration: 5.6ms | GC: 0.0ms)
  Rendered layout layouts/application.html.erb (Duration: 7.6ms | GC: 0.0ms)
Completed 200 OK in 44ms (Views: 8.4ms | ActiveRecord: 2.8ms (4 queries, 0 cached) | GC: 0.0ms)


Started GET "/games/16" for 127.0.0.1 at 2026-10-02 11:09:01 +0300
Processing by GamesController#show as HTML
  Parameters: {"id" => "16"}
  [1m[36mUser Load (0.7ms)[0m  [1m[34mSELECT "users".* FROM "users" WHERE "users"."id" = 5 LIMIT 1 /*action='show',application='UnoOnline',controller='games'*/[0m
  ↳ app/controllers/application_controller.rb:19:in 'ApplicationController#current_user'
  [1m[36mGame Load (0.6ms)[0m  [1m[34mSELECT "games".* FROM "games" WHERE "games"."id" = 16 LIMIT 1 /*action='show',application='UnoOnline',controller='games'*/[0m
  ↳ app/controllers/games_controller.rb:88:in 'GamesController#set_game'
  [1m[36mPlayer Exists? (0.6ms)[0m  [1m[34mSELECT 1 AS one FROM "players" WHERE "players"."game_id" = 16 AND "players"."user_id" = 5 LIMIT 1 /*action='show',application='UnoOnline',controller='games'*/[0m
  ↳ app/controllers/games_controller.rb:92:in 'GamesController#require_membership'
Redirected to http://127.0.0.1:3000/games/16/play
↳ app/controllers/games_controller.rb:42:in 'GamesController#show'
Completed 302 Found in 34ms (ActiveRecord: 1.8ms (3 queries, 0 cached) | GC: 0.0ms)


Started GET "/games/16/play" for 127.0.0.1 at 2026-10-02 11:09:02 +0300
Processing by GamesController#play as HTML
  Parameters: {"id" => "16"}
  [1m[36mUser Load (0.9ms)[0m  [1m[34mSELECT "users".* FROM "users" WHERE "users"."id" = 5 LIMIT 1 /*action='play',application='UnoOnline',controller='games'*/[0m
  ↳ app/controllers/application_controller.rb:19:in 'ApplicationController#current_user'
  [1m[36mGame Load (0.8ms)[0m  [1m[34mSELECT "games".* FROM "games" WHERE "games"."id" = 16 LIMIT 1 /*action='play',application='UnoOnline',controller='games'*/[0m
  ↳ app/controllers/games_controller.rb:88:in 'GamesController#set_game'
  [1m[36mPlayer Exists? (0.6ms)[0m  [1m[34mSELECT 1 AS one FROM "players" WHERE "players"."game_id" = 16 AND "players"."user_id" = 5 LIMIT 1 /*action='play',application='UnoOnline',controller='games'*/[0m
  ↳ app/controllers/games_controller.rb:92:in 'GamesController#require_membership'
  Rendering layout layouts/application.html.erb
  Rendering games/play.html.erb within layouts/application
  Rendered shared/_logo.html.erb (Duration: 0.1ms | GC: 0.0ms)
  Rendered shared/_status_badge.html.erb (Duration: 0.1ms | GC: 0.0ms)
  [1m[36mPlayer Count (0.8ms)[0m  [1m[34mSELECT COUNT(*) FROM "players" WHERE "players"."game_id" = 16 /*action='play',application='UnoOnline',controller='games'*/[0m
  ↳ app/views/games/play.html.erb:15
  Rendered games/play.html.erb within layouts/application (Duration: 5.5ms | GC: 0.0ms)
  Rendered layout layouts/application.html.erb (Duration: 7.5ms | GC: 0.0ms)
Completed 200 OK in 43ms (Views: 8.0ms | ActiveRecord: 3.0ms (4 queries, 0 cached) | GC: 0.0ms)


Started GET "/games/16/play" for 127.0.0.1 at 2026-10-02 11:09:02 +0300
Processing by GamesController#play as HTML
  Parameters: {"id" => "16"}
  [1m[36mUser Load (1.0ms)[0m  [1m[34mSELECT "users".* FROM "users" WHERE "users"."id" = 4 LIMIT 1 /*action='play',application='UnoOnline',controller='games'*/[0m
  ↳ app/controllers/application_controller.rb:19:in 'ApplicationController#current_user'
  [1m[36mGame Load (0.7ms)[0m  [1m[34mSELECT "games".* FROM "games" WHERE "games"."id" = 16 LIMIT 1 /*action='play',application='UnoOnline',controller='games'*/[0m
  ↳ app/controllers/games_controller.rb:88:in 'GamesController#set_game'
  [1m[36mPlayer Exists? (0.6ms)[0m  [1m[34mSELECT 1 AS one FROM "players" WHERE "players"."game_id" = 16 AND "players"."user_id" = 4 LIMIT 1 /*action='play',application='UnoOnline',controller='games'*/[0m
  ↳ app/controllers/games_controller.rb:92:in 'GamesController#require_membership'
  Rendering layout layouts/application.html.erb
  Rendering games/play.html.erb within layouts/application
  Rendered shared/_logo.html.erb (Duration: 0.1ms | GC: 0.0ms)
  Rendered shared/_status_badge.html.erb (Duration: 0.1ms | GC: 0.0ms)
  [1m[36mPlayer Count (0.6ms)[0m  [1m[34mSELECT COUNT(*) FROM "players" WHERE "players"."game_id" = 16 /*action='play',application='UnoOnline',controller='games'*/[0m
  ↳ app/views/games/play.html.erb:15
  Rendered games/play.html.erb within layouts/application (Duration: 6.3ms | GC: 0.0ms)
  Rendered layout layouts/application.html.erb (Duration: 8.0ms | GC: 0.0ms)
Completed 200 OK in 54ms (Views: 8.7ms | ActiveRecord: 2.8ms (4 queries, 0 cached) | GC: 0.0ms)


Started GET "/games/16/play" for 127.0.0.1 at 2026-10-02 11:09:04 +0300
Processing by GamesController#play as HTML
  Parameters: {"id" => "16"}
  [1m[36mUser Load (0.9ms)[0m  [1m[34mSELECT "users".* FROM "users" WHERE "users"."id" = 1 LIMIT 1 /*action='play',application='UnoOnline',controller='games'*/[0m
  ↳ app/controllers/application_controller.rb:19:in 'ApplicationController#current_user'
  [1m[36mGame Load (0.9ms)[0m  [1m[34mSELECT "games".* FROM "games" WHERE "games"."id" = 16 LIMIT 1 /*action='play',application='UnoOnline',controller='games'*/[0m
  ↳ app/controllers/games_controller.rb:88:in 'GamesController#set_game'
  [1m[36mPlayer Exists? (0.8ms)[0m  [1m[34mSELECT 1 AS one FROM "players" WHERE "players"."game_id" = 16 AND "players"."user_id" = 1 LIMIT 1 /*action='play',application='UnoOnline',controller='games'*/[0m
  ↳ app/controllers/games_controller.rb:92:in 'GamesController#require_membership'
  Rendering layout layouts/application.html.erb
  Rendering games/play.html.erb within layouts/application
  Rendered shared/_logo.html.erb (Duration: 0.1ms | GC: 0.0ms)
  Rendered shared/_status_badge.html.erb (Duration: 0.1ms | GC: 0.0ms)
  [1m[36mPlayer Count (0.9ms)[0m  [1m[34mSELECT COUNT(*) FROM "players" WHERE "players"."game_id" = 16 /*action='play',application='UnoOnline',controller='games'*/[0m
  ↳ app/views/games/play.html.erb:15
  Rendered games/play.html.erb within layouts/application (Duration: 6.0ms | GC: 0.0ms)
  Rendered layout layouts/application.html.erb (Duration: 7.8ms | GC: 0.0ms)
Completed 200 OK in 43ms (Views: 8.3ms | ActiveRecord: 3.5ms (4 queries, 0 cached) | GC: 0.0ms)


Started POST "/games/16/leave" for 127.0.0.1 at 2026-10-02 11:09:04 +0300
Processing by GamesController#leave as TURBO_STREAM
  Parameters: {"authenticity_token" => "[FILTERED]", "id" => "16"}
  [1m[36mUser Load (0.9ms)[0m  [1m[34mSELECT "users".* FROM "users" WHERE "users"."id" = 1 LIMIT 1 /*action='leave',application='UnoOnline',controller='games'*/[0m
  ↳ app/controllers/application_controller.rb:19:in 'ApplicationController#current_user'
  [1m[36mGame Load (0.9ms)[0m  [1m[34mSELECT "games".* FROM "games" WHERE "games"."id" = 16 LIMIT 1 /*action='leave',application='UnoOnline',controller='games'*/[0m
  ↳ app/controllers/games_controller.rb:88:in 'GamesController#set_game'
  [1m[36mPlayer Exists? (0.8ms)[0m  [1m[34mSELECT 1 AS one FROM "players" WHERE "players"."game_id" = 16 AND "players"."user_id" = 1 LIMIT 1 /*action='leave',application='UnoOnline',controller='games'*/[0m
  ↳ app/controllers/games_controller.rb:92:in 'GamesController#require_membership'
  [1m[36mPlayer Load (1.0ms)[0m  [1m[34mSELECT "players".* FROM "players" WHERE "players"."game_id" = 16 AND "players"."user_id" = 1 ORDER BY "players"."position" ASC LIMIT 1 /*action='leave',application='UnoOnline',controller='games'*/[0m
  ↳ app/models/game.rb:49:in 'Game#remove_player!'
  [1m[36mTRANSACTION (0.4ms)[0m  [1m[35mBEGIN /*action='leave',application='UnoOnline',controller='games'*/[0m
  ↳ app/models/game.rb:53:in 'Game#remove_player!'
  [1m[36mPlayer Destroy (5.4ms)[0m  [1m[31mDELETE FROM "players" WHERE "players"."id" = 35 /*action='leave',application='UnoOnline',controller='games'*/[0m
  ↳ app/models/game.rb:53:in 'Game#remove_player!'
  [1m[36mTRANSACTION (3.8ms)[0m  [1m[35mCOMMIT /*action='leave',application='UnoOnline',controller='games'*/[0m
  ↳ app/models/game.rb:53:in 'Game#remove_player!'
  [1m[36mGame Load (0.8ms)[0m  [1m[34mSELECT "games".* FROM "games" WHERE "games"."id" = 16 LIMIT 1 /*action='leave',application='UnoOnline',controller='games'*/[0m
  ↳ app/models/game.rb:54:in 'Game#remove_player!'
  [1m[36mPlayer Exists? (0.6ms)[0m  [1m[34mSELECT 1 AS one FROM "players" WHERE "players"."game_id" = 16 LIMIT 1 /*action='leave',application='UnoOnline',controller='games'*/[0m
  ↳ app/models/game.rb:56:in 'Game#remove_player!'
  [1m[36mPlayer Load (0.6ms)[0m  [1m[34mSELECT "players".* FROM "players" WHERE "players"."game_id" = 16 ORDER BY "players"."position" ASC LIMIT 1 /*action='leave',application='UnoOnline',controller='games'*/[0m
  ↳ app/models/game.rb:96:in 'Game#reassign_host!'
  [1m[36mUser Load (0.5ms)[0m  [1m[34mSELECT "users".* FROM "users" WHERE "users"."id" = 4 LIMIT 1 /*action='leave',application='UnoOnline',controller='games'*/[0m
  ↳ app/models/game.rb:97:in 'Game#reassign_host!'
  [1m[36mTRANSACTION (0.3ms)[0m  [1m[35mBEGIN /*action='leave',application='UnoOnline',controller='games'*/[0m
  ↳ app/models/game.rb:97:in 'Game#reassign_host!'
  [1m[36mGame Update (21.3ms)[0m  [1m[33mUPDATE "games" SET "updated_at" = '2026-10-02 08:09:05.034690', "host_id" = 4 WHERE "games"."id" = 16 /*action='leave',application='UnoOnline',controller='games'*/[0m
  ↳ app/models/game.rb:97:in 'Game#reassign_host!'
  [1m[36mTRANSACTION (0.6ms)[0m  [1m[35mCOMMIT /*action='leave',application='UnoOnline',controller='games'*/[0m
  ↳ app/models/game.rb:97:in 'Game#reassign_host!'
  [1m[36mPlayer Load (0.9ms)[0m  [1m[34mSELECT "players".* FROM "players" WHERE "players"."game_id" = 16 ORDER BY "players"."position" ASC /*action='leave',application='UnoOnline',controller='games'*/[0m
  ↳ app/models/game.rb:101:in 'Enumerable#each_with_index'
  [1m[36mPlayer Update (1.0ms)[0m  [1m[33mUPDATE "players" SET "position" = 0 WHERE "players"."id" = 55 /*action='leave',application='UnoOnline',controller='games'*/[0m
  ↳ app/models/game.rb:102:in 'block in Game#reassign_positions!'
  [1m[36mPlayer Update (1.1ms)[0m  [1m[33mUPDATE "players" SET "position" = 1 WHERE "players"."id" = 58 /*action='leave',application='UnoOnline',controller='games'*/[0m
  ↳ app/models/game.rb:102:in 'block in Game#reassign_positions!'
  [1m[36mPlayer Count (0.7ms)[0m  [1m[34mSELECT COUNT(*) FROM (SELECT 1 AS one FROM "players" WHERE "players"."game_id" = 16 LIMIT 2) subquery_for_count /*action='leave',application='UnoOnline',controller='games'*/[0m
  ↳ app/models/game.rb:63:in 'Game#remove_player!'
Redirected to http://127.0.0.1:3000/
↳ app/controllers/games_controller.rb:73:in 'GamesController#leave'
Completed 302 Found in 112ms (ActiveRecord: 41.2ms (14 queries, 0 cached) | GC: 0.0ms)


Started GET "/" for 127.0.0.1 at 2026-10-02 11:09:05 +0300
Processing by GamesController#index as TURBO_STREAM
  [1m[36mUser Load (0.7ms)[0m  [1m[34mSELECT "users".* FROM "users" WHERE "users"."id" = 1 LIMIT 1 /*action='index',application='UnoOnline',controller='games'*/[0m
  ↳ app/controllers/application_controller.rb:19:in 'ApplicationController#current_user'
  Rendering layout layouts/application.html.erb
  Rendering games/index.html.erb within layouts/application
  Rendered shared/_logo.html.erb (Duration: 0.1ms | GC: 0.0ms)
  [1m[36mGame Exists? (0.6ms)[0m  [1m[34mSELECT 1 AS one FROM "games" WHERE "games"."visibility" = 'public' LIMIT 1 /*action='index',application='UnoOnline',controller='games'*/[0m
  ↳ app/views/games/index.html.erb:61
  [1m[36mGame Load (0.7ms)[0m  [1m[34mSELECT "games".* FROM "games" WHERE "games"."visibility" = 'public' ORDER BY "games"."created_at" DESC /*action='index',application='UnoOnline',controller='games'*/[0m
  ↳ app/views/games/index.html.erb:65
  [1m[36mPlayer Load (0.8ms)[0m  [1m[34mSELECT "players".* FROM "players" WHERE "players"."game_id" IN (16, 2) ORDER BY "players"."position" ASC /*action='index',application='UnoOnline',controller='games'*/[0m
  ↳ app/views/games/index.html.erb:65
  Rendered shared/_status_badge.html.erb (Duration: 0.1ms | GC: 0.0ms)
  [1m[36mPlayer Exists? (0.8ms)[0m  [1m[34mSELECT 1 AS one FROM "players" WHERE "players"."game_id" = 16 AND "players"."user_id" = 1 LIMIT 1 /*action='index',application='UnoOnline',controller='games'*/[0m
  ↳ app/views/games/index.html.erb:76
  Rendered shared/_status_badge.html.erb (Duration: 0.1ms | GC: 0.0ms)
  [1m[36mPlayer Exists? (1.8ms)[0m  [1m[34mSELECT 1 AS one FROM "players" WHERE "players"."game_id" = 2 AND "players"."user_id" = 1 LIMIT 1 /*action='index',application='UnoOnline',controller='games'*/[0m
  ↳ app/views/games/index.html.erb:76
  [1m[36mPlayer Count (2.7ms)[0m  [1m[34mSELECT COUNT(*) FROM "players" WHERE "players"."game_id" = 2 /*action='index',application='UnoOnline',controller='games'*/[0m
  ↳ app/models/game.rb:26:in 'Game#full?'
  Rendered games/index.html.erb within layouts/application (Duration: 39.1ms | GC: 0.0ms)
  Rendered layout layouts/application.html.erb (Duration: 41.1ms | GC: 0.0ms)
Completed 200 OK in 68ms (Views: 35.1ms | ActiveRecord: 8.2ms (7 queries, 0 cached) | GC: 0.0ms)


Started GET "/games/16/play" for 127.0.0.1 at 2026-10-02 11:09:05 +0300
Processing by GamesController#play as HTML
  Parameters: {"id" => "16"}
  [1m[36mUser Load (0.7ms)[0m  [1m[34mSELECT "users".* FROM "users" WHERE "users"."id" = 5 LIMIT 1 /*action='play',application='UnoOnline',controller='games'*/[0m
  ↳ app/controllers/application_controller.rb:19:in 'ApplicationController#current_user'
  [1m[36mGame Load (0.6ms)[0m  [1m[34mSELECT "games".* FROM "games" WHERE "games"."id" = 16 LIMIT 1 /*action='play',application='UnoOnline',controller='games'*/[0m
  ↳ app/controllers/games_controller.rb:88:in 'GamesController#set_game'
  [1m[36mPlayer Exists? (0.8ms)[0m  [1m[34mSELECT 1 AS one FROM "players" WHERE "players"."game_id" = 16 AND "players"."user_id" = 5 LIMIT 1 /*action='play',application='UnoOnline',controller='games'*/[0m
  ↳ app/controllers/games_controller.rb:92:in 'GamesController#require_membership'
  Rendering layout layouts/application.html.erb
  Rendering games/play.html.erb within layouts/application
  Rendered shared/_logo.html.erb (Duration: 0.1ms | GC: 0.0ms)
  Rendered shared/_status_badge.html.erb (Duration: 0.1ms | GC: 0.0ms)
  [1m[36mPlayer Count (1.0ms)[0m  [1m[34mSELECT COUNT(*) FROM "players" WHERE "players"."game_id" = 16 /*action='play',application='UnoOnline',controller='games'*/[0m
  ↳ app/views/games/play.html.erb:15
  Rendered games/play.html.erb within layouts/application (Duration: 5.7ms | GC: 0.0ms)
  Rendered layout layouts/application.html.erb (Duration: 8.3ms | GC: 0.0ms)
Completed 200 OK in 43ms (Views: 9.0ms | ActiveRecord: 3.0ms (4 queries, 0 cached) | GC: 0.0ms)


Started GET "/games/16/play" for 127.0.0.1 at 2026-10-02 11:09:05 +0300
Processing by GamesController#play as HTML
  Parameters: {"id" => "16"}
  [1m[36mUser Load (0.9ms)[0m  [1m[34mSELECT "users".* FROM "users" WHERE "users"."id" = 4 LIMIT 1 /*action='play',application='UnoOnline',controller='games'*/[0m
  ↳ app/controllers/application_controller.rb:19:in 'ApplicationController#current_user'
  [1m[36mGame Load (0.6ms)[0m  [1m[34mSELECT "games".* FROM "games" WHERE "games"."id" = 16 LIMIT 1 /*action='play',application='UnoOnline',controller='games'*/[0m
  ↳ app/controllers/games_controller.rb:88:in 'GamesController#set_game'
  [1m[36mPlayer Exists? (0.8ms)[0m  [1m[34mSELECT 1 AS one FROM "players" WHERE "players"."game_id" = 16 AND "players"."user_id" = 4 LIMIT 1 /*action='play',application='UnoOnline',controller='games'*/[0m
  ↳ app/controllers/games_controller.rb:92:in 'GamesController#require_membership'
  Rendering layout layouts/application.html.erb
  Rendering games/play.html.erb within layouts/application
  Rendered shared/_logo.html.erb (Duration: 0.1ms | GC: 0.0ms)
  Rendered shared/_status_badge.html.erb (Duration: 0.1ms | GC: 0.0ms)
  [1m[36mPlayer Count (0.6ms)[0m  [1m[34mSELECT COUNT(*) FROM "players" WHERE "players"."game_id" = 16 /*action='play',application='UnoOnline',controller='games'*/[0m
  ↳ app/views/games/play.html.erb:15
  Rendered games/play.html.erb within layouts/application (Duration: 7.0ms | GC: 0.0ms)
  Rendered layout layouts/application.html.erb (Duration: 8.9ms | GC: 0.0ms)
Completed 200 OK in 45ms (Views: 9.7ms | ActiveRecord: 2.8ms (4 queries, 0 cached) | GC: 0.0ms)


Started GET "/games/16/play" for 127.0.0.1 at 2026-10-02 11:09:08 +0300
Processing by GamesController#play as HTML
  Parameters: {"id" => "16"}
  [1m[36mUser Load (1.0ms)[0m  [1m[34mSELECT "users".* FROM "users" WHERE "users"."id" = 5 LIMIT 1 /*action='play',application='UnoOnline',controller='games'*/[0m
  ↳ app/controllers/application_controller.rb:19:in 'ApplicationController#current_user'
  [1m[36mGame Load (0.8ms)[0m  [1m[34mSELECT "games".* FROM "games" WHERE "games"."id" = 16 LIMIT 1 /*action='play',application='UnoOnline',controller='games'*/[0m
  ↳ app/controllers/games_controller.rb:88:in 'GamesController#set_game'
  [1m[36mPlayer Exists? (0.7ms)[0m  [1m[34mSELECT 1 AS one FROM "players" WHERE "players"."game_id" = 16 AND "players"."user_id" = 5 LIMIT 1 /*action='play',application='UnoOnline',controller='games'*/[0m
  ↳ app/controllers/games_controller.rb:92:in 'GamesController#require_membership'
  Rendering layout layouts/application.html.erb
  Rendering games/play.html.erb within layouts/application
  Rendered shared/_logo.html.erb (Duration: 0.1ms | GC: 0.0ms)
  Rendered shared/_status_badge.html.erb (Duration: 0.1ms | GC: 0.0ms)
  [1m[36mPlayer Count (0.9ms)[0m  [1m[34mSELECT COUNT(*) FROM "players" WHERE "players"."game_id" = 16 /*action='play',application='UnoOnline',controller='games'*/[0m
  ↳ app/views/games/play.html.erb:15
  Rendered games/play.html.erb within layouts/application (Duration: 6.6ms | GC: 0.0ms)
  Rendered layout layouts/application.html.erb (Duration: 8.5ms | GC: 0.0ms)
Completed 200 OK in 45ms (Views: 9.1ms | ActiveRecord: 3.3ms (4 queries, 0 cached) | GC: 0.0ms)


Started GET "/games/16/play" for 127.0.0.1 at 2026-10-02 11:09:08 +0300
Processing by GamesController#play as HTML
  Parameters: {"id" => "16"}
  [1m[36mUser Load (0.8ms)[0m  [1m[34mSELECT "users".* FROM "users" WHERE "users"."id" = 4 LIMIT 1 /*action='play',application='UnoOnline',controller='games'*/[0m
  ↳ app/controllers/application_controller.rb:19:in 'ApplicationController#current_user'
  [1m[36mGame Load (1.0ms)[0m  [1m[34mSELECT "games".* FROM "games" WHERE "games"."id" = 16 LIMIT 1 /*action='play',application='UnoOnline',controller='games'*/[0m
  ↳ app/controllers/games_controller.rb:88:in 'GamesController#set_game'
  [1m[36mPlayer Exists? (0.6ms)[0m  [1m[34mSELECT 1 AS one FROM "players" WHERE "players"."game_id" = 16 AND "players"."user_id" = 4 LIMIT 1 /*action='play',application='UnoOnline',controller='games'*/[0m
  ↳ app/controllers/games_controller.rb:92:in 'GamesController#require_membership'
  Rendering layout layouts/application.html.erb
  Rendering games/play.html.erb within layouts/application
  Rendered shared/_logo.html.erb (Duration: 0.1ms | GC: 0.0ms)
  Rendered shared/_status_badge.html.erb (Duration: 0.1ms | GC: 0.0ms)
  [1m[36mPlayer Count (0.6ms)[0m  [1m[34mSELECT COUNT(*) FROM "players" WHERE "players"."game_id" = 16 /*action='play',application='UnoOnline',controller='games'*/[0m
  ↳ app/views/games/play.html.erb:15
  Rendered games/play.html.erb within layouts/application (Duration: 5.4ms | GC: 0.0ms)
  Rendered layout layouts/application.html.erb (Duration: 8.7ms | GC: 0.0ms)
Completed 200 OK in 47ms (Views: 9.9ms | ActiveRecord: 3.0ms (4 queries, 0 cached) | GC: 0.0ms)


Started GET "/games/16/play" for 127.0.0.1 at 2026-10-02 11:09:11 +0300
Processing by GamesController#play as HTML
  Parameters: {"id" => "16"}
  [1m[36mUser Load (1.0ms)[0m  [1m[34mSELECT "users".* FROM "users" WHERE "users"."id" = 5 LIMIT 1 /*action='play',application='UnoOnline',controller='games'*/[0m
  ↳ app/controllers/application_controller.rb:19:in 'ApplicationController#current_user'
  [1m[36mGame Load (0.9ms)[0m  [1m[34mSELECT "games".* FROM "games" WHERE "games"."id" = 16 LIMIT 1 /*action='play',application='UnoOnline',controller='games'*/[0m
  ↳ app/controllers/games_controller.rb:88:in 'GamesController#set_game'
  [1m[36mPlayer Exists? (0.9ms)[0m  [1m[34mSELECT 1 AS one FROM "players" WHERE "players"."game_id" = 16 AND "players"."user_id" = 5 LIMIT 1 /*action='play',application='UnoOnline',controller='games'*/[0m
  ↳ app/controllers/games_controller.rb:92:in 'GamesController#require_membership'
  Rendering layout layouts/application.html.erb
  Rendering games/play.html.erb within layouts/application
  Rendered shared/_logo.html.erb (Duration: 0.1ms | GC: 0.0ms)
  Rendered shared/_status_badge.html.erb (Duration: 0.1ms | GC: 0.0ms)
  [1m[36mPlayer Count (0.5ms)[0m  [1m[34mSELECT COUNT(*) FROM "players" WHERE "players"."game_id" = 16 /*action='play',application='UnoOnline',controller='games'*/[0m
  ↳ app/views/games/play.html.erb:15
  Rendered games/play.html.erb within layouts/application (Duration: 6.8ms | GC: 0.0ms)
  Rendered layout layouts/application.html.erb (Duration: 8.7ms | GC: 0.0ms)
Completed 200 OK in 47ms (Views: 10.1ms | ActiveRecord: 3.3ms (4 queries, 0 cached) | GC: 0.0ms)


Started GET "/games/16/play" for 127.0.0.1 at 2026-10-02 11:09:11 +0300
Processing by GamesController#play as HTML
  Parameters: {"id" => "16"}
  [1m[36mUser Load (0.6ms)[0m  [1m[34mSELECT "users".* FROM "users" WHERE "users"."id" = 4 LIMIT 1 /*action='play',application='UnoOnline',controller='games'*/[0m
  ↳ app/controllers/application_controller.rb:19:in 'ApplicationController#current_user'
  [1m[36mGame Load (0.5ms)[0m  [1m[34mSELECT "games".* FROM "games" WHERE "games"."id" = 16 LIMIT 1 /*action='play',application='UnoOnline',controller='games'*/[0m
  ↳ app/controllers/games_controller.rb:88:in 'GamesController#set_game'
  [1m[36mPlayer Exists? (0.6ms)[0m  [1m[34mSELECT 1 AS one FROM "players" WHERE "players"."game_id" = 16 AND "players"."user_id" = 4 LIMIT 1 /*action='play',application='UnoOnline',controller='games'*/[0m
  ↳ app/controllers/games_controller.rb:92:in 'GamesController#require_membership'
  Rendering layout layouts/application.html.erb
  Rendering games/play.html.erb within layouts/application
  Rendered shared/_logo.html.erb (Duration: 0.1ms | GC: 0.0ms)
  Rendered shared/_status_badge.html.erb (Duration: 0.1ms | GC: 0.0ms)
  [1m[36mPlayer Count (0.5ms)[0m  [1m[34mSELECT COUNT(*) FROM "players" WHERE "players"."game_id" = 16 /*action='play',application='UnoOnline',controller='games'*/[0m
  ↳ app/views/games/play.html.erb:15
  Rendered games/play.html.erb within layouts/application (Duration: 5.2ms | GC: 0.0ms)
  Rendered layout layouts/application.html.erb (Duration: 7.1ms | GC: 0.0ms)
Completed 200 OK in 52ms (Views: 8.0ms | ActiveRecord: 2.3ms (4 queries, 0 cached) | GC: 0.0ms)


Started POST "/games/16/leave" for 127.0.0.1 at 2026-10-02 11:09:13 +0300
Processing by GamesController#leave as TURBO_STREAM
  Parameters: {"authenticity_token" => "[FILTERED]", "id" => "16"}
  [1m[36mUser Load (0.8ms)[0m  [1m[34mSELECT "users".* FROM "users" WHERE "users"."id" = 5 LIMIT 1 /*action='leave',application='UnoOnline',controller='games'*/[0m
  ↳ app/controllers/application_controller.rb:19:in 'ApplicationController#current_user'
  [1m[36mGame Load (1.0ms)[0m  [1m[34mSELECT "games".* FROM "games" WHERE "games"."id" = 16 LIMIT 1 /*action='leave',application='UnoOnline',controller='games'*/[0m
  ↳ app/controllers/games_controller.rb:88:in 'GamesController#set_game'
  [1m[36mPlayer Exists? (0.7ms)[0m  [1m[34mSELECT 1 AS one FROM "players" WHERE "players"."game_id" = 16 AND "players"."user_id" = 5 LIMIT 1 /*action='leave',application='UnoOnline',controller='games'*/[0m
  ↳ app/controllers/games_controller.rb:92:in 'GamesController#require_membership'
  [1m[36mPlayer Load (0.7ms)[0m  [1m[34mSELECT "players".* FROM "players" WHERE "players"."game_id" = 16 AND "players"."user_id" = 5 ORDER BY "players"."position" ASC LIMIT 1 /*action='leave',application='UnoOnline',controller='games'*/[0m
  ↳ app/models/game.rb:49:in 'Game#remove_player!'
  [1m[36mTRANSACTION (0.4ms)[0m  [1m[35mBEGIN /*action='leave',application='UnoOnline',controller='games'*/[0m
  ↳ app/models/game.rb:53:in 'Game#remove_player!'
  [1m[36mPlayer Destroy (4.6ms)[0m  [1m[31mDELETE FROM "players" WHERE "players"."id" = 58 /*action='leave',application='UnoOnline',controller='games'*/[0m
  ↳ app/models/game.rb:53:in 'Game#remove_player!'
  [1m[36mTRANSACTION (0.8ms)[0m  [1m[35mCOMMIT /*action='leave',application='UnoOnline',controller='games'*/[0m
  ↳ app/models/game.rb:53:in 'Game#remove_player!'
  [1m[36mGame Load (0.6ms)[0m  [1m[34mSELECT "games".* FROM "games" WHERE "games"."id" = 16 LIMIT 1 /*action='leave',application='UnoOnline',controller='games'*/[0m
  ↳ app/models/game.rb:54:in 'Game#remove_player!'
  [1m[36mPlayer Exists? (0.6ms)[0m  [1m[34mSELECT 1 AS one FROM "players" WHERE "players"."game_id" = 16 LIMIT 1 /*action='leave',application='UnoOnline',controller='games'*/[0m
  ↳ app/models/game.rb:56:in 'Game#remove_player!'
  [1m[36mPlayer Load (0.6ms)[0m  [1m[34mSELECT "players".* FROM "players" WHERE "players"."game_id" = 16 ORDER BY "players"."position" ASC /*action='leave',application='UnoOnline',controller='games'*/[0m
  ↳ app/models/game.rb:101:in 'Enumerable#each_with_index'
  [1m[36mPlayer Count (0.9ms)[0m  [1m[34mSELECT COUNT(*) FROM (SELECT 1 AS one FROM "players" WHERE "players"."game_id" = 16 LIMIT 2) subquery_for_count /*action='leave',application='UnoOnline',controller='games'*/[0m
  ↳ app/models/game.rb:63:in 'Game#remove_player!'
  [1m[36mPlayer Load (0.6ms)[0m  [1m[34mSELECT "players".* FROM "players" WHERE "players"."game_id" = 16 ORDER BY "players"."position" ASC LIMIT 1 /*action='leave',application='UnoOnline',controller='games'*/[0m
  ↳ app/models/game.rb:71:in 'Game#conclude_by_forfeit!'
  [1m[36mUser Load (0.5ms)[0m  [1m[34mSELECT "users".* FROM "users" WHERE "users"."id" = 4 LIMIT 1 /*action='leave',application='UnoOnline',controller='games'*/[0m
  ↳ app/models/game.rb:75:in 'Game#conclude_by_forfeit!'
  [1m[36mTRANSACTION (0.3ms)[0m  [1m[35mBEGIN /*action='leave',application='UnoOnline',controller='games'*/[0m
  ↳ app/models/game.rb:73:in 'Game#conclude_by_forfeit!'
  [1m[36mGame Update (4.9ms)[0m  [1m[33mUPDATE "games" SET "status" = 'waiting', "winner_id" = 4, "updated_at" = '2026-10-02 08:09:13.865475' WHERE "games"."id" = 16 /*action='leave',application='UnoOnline',controller='games'*/[0m
  ↳ app/models/game.rb:73:in 'Game#conclude_by_forfeit!'
  [1m[36mTRANSACTION (0.5ms)[0m  [1m[35mCOMMIT /*action='leave',application='UnoOnline',controller='games'*/[0m
  ↳ app/models/game.rb:73:in 'Game#conclude_by_forfeit!'
  [1m[36mPlayer Update All (2.0ms)[0m  [1m[33mUPDATE "players" SET "ready" = FALSE WHERE ("players"."id") IN (SELECT "players"."id" FROM "players" WHERE "players"."game_id" = 16 ORDER BY "players"."position" ASC) /*action='leave',application='UnoOnline',controller='games'*/[0m
  ↳ app/models/game.rb:81:in 'Game#conclude_by_forfeit!'
Redirected to http://127.0.0.1:3000/
↳ app/controllers/games_controller.rb:73:in 'GamesController#leave'
Completed 302 Found in 91ms (ActiveRecord: 20.2ms (13 queries, 0 cached) | GC: 0.0ms)


Started GET "/" for 127.0.0.1 at 2026-10-02 11:09:13 +0300
Processing by GamesController#index as TURBO_STREAM
  [1m[36mUser Load (0.9ms)[0m  [1m[34mSELECT "users".* FROM "users" WHERE "users"."id" = 5 LIMIT 1 /*action='index',application='UnoOnline',controller='games'*/[0m
  ↳ app/controllers/application_controller.rb:19:in 'ApplicationController#current_user'
  Rendering layout layouts/application.html.erb
  Rendering games/index.html.erb within layouts/application
  Rendered shared/_logo.html.erb (Duration: 0.1ms | GC: 0.0ms)
  [1m[36mGame Exists? (1.1ms)[0m  [1m[34mSELECT 1 AS one FROM "games" WHERE "games"."visibility" = 'public' LIMIT 1 /*action='index',application='UnoOnline',controller='games'*/[0m
  ↳ app/views/games/index.html.erb:61
  [1m[36mGame Load (0.6ms)[0m  [1m[34mSELECT "games".* FROM "games" WHERE "games"."visibility" = 'public' ORDER BY "games"."created_at" DESC /*action='index',application='UnoOnline',controller='games'*/[0m
  ↳ app/views/games/index.html.erb:65
  [1m[36mPlayer Load (0.6ms)[0m  [1m[34mSELECT "players".* FROM "players" WHERE "players"."game_id" IN (16, 2) ORDER BY "players"."position" ASC /*action='index',application='UnoOnline',controller='games'*/[0m
  ↳ app/views/games/index.html.erb:65
  Rendered shared/_status_badge.html.erb (Duration: 0.1ms | GC: 0.0ms)
  [1m[36mPlayer Exists? (0.6ms)[0m  [1m[34mSELECT 1 AS one FROM "players" WHERE "players"."game_id" = 16 AND "players"."user_id" = 5 LIMIT 1 /*action='index',application='UnoOnline',controller='games'*/[0m
  ↳ app/views/games/index.html.erb:76
  [1m[36mPlayer Count (0.8ms)[0m  [1m[34mSELECT COUNT(*) FROM "players" WHERE "players"."game_id" = 16 /*action='index',application='UnoOnline',controller='games'*/[0m
  ↳ app/models/game.rb:26:in 'Game#full?'
  Rendered shared/_status_badge.html.erb (Duration: 0.1ms | GC: 0.0ms)
  [1m[36mPlayer Exists? (0.6ms)[0m  [1m[34mSELECT 1 AS one FROM "players" WHERE "players"."game_id" = 2 AND "players"."user_id" = 5 LIMIT 1 /*action='index',application='UnoOnline',controller='games'*/[0m
  ↳ app/views/games/index.html.erb:76
  [1m[36mPlayer Count (0.6ms)[0m  [1m[34mSELECT COUNT(*) FROM "players" WHERE "players"."game_id" = 2 /*action='index',application='UnoOnline',controller='games'*/[0m
  ↳ app/models/game.rb:26:in 'Game#full?'
  Rendered games/index.html.erb within layouts/application (Duration: 33.2ms | GC: 0.0ms)
  Rendered layout layouts/application.html.erb (Duration: 35.2ms | GC: 0.0ms)
Completed 200 OK in 65ms (Views: 32.2ms | ActiveRecord: 5.5ms (8 queries, 0 cached) | GC: 0.0ms)


Started GET "/games/16/play" for 127.0.0.1 at 2026-10-02 11:09:15 +0300
Processing by GamesController#play as HTML
  Parameters: {"id" => "16"}
  [1m[36mUser Load (0.8ms)[0m  [1m[34mSELECT "users".* FROM "users" WHERE "users"."id" = 4 LIMIT 1 /*action='play',application='UnoOnline',controller='games'*/[0m
  ↳ app/controllers/application_controller.rb:19:in 'ApplicationController#current_user'
  [1m[36mGame Load (0.9ms)[0m  [1m[34mSELECT "games".* FROM "games" WHERE "games"."id" = 16 LIMIT 1 /*action='play',application='UnoOnline',controller='games'*/[0m
  ↳ app/controllers/games_controller.rb:88:in 'GamesController#set_game'
  [1m[36mPlayer Exists? (0.7ms)[0m  [1m[34mSELECT 1 AS one FROM "players" WHERE "players"."game_id" = 16 AND "players"."user_id" = 4 LIMIT 1 /*action='play',application='UnoOnline',controller='games'*/[0m
  ↳ app/controllers/games_controller.rb:92:in 'GamesController#require_membership'
Redirected to http://127.0.0.1:3000/games/16
↳ app/controllers/games_controller.rb:56:in 'GamesController#play'
Completed 302 Found in 37ms (ActiveRecord: 2.4ms (3 queries, 0 cached) | GC: 0.0ms)


Started GET "/games/16" for 127.0.0.1 at 2026-10-02 11:09:15 +0300
Processing by GamesController#show as HTML
  Parameters: {"id" => "16"}
  [1m[36mUser Load (0.7ms)[0m  [1m[34mSELECT "users".* FROM "users" WHERE "users"."id" = 4 LIMIT 1 /*action='show',application='UnoOnline',controller='games'*/[0m
  ↳ app/controllers/application_controller.rb:19:in 'ApplicationController#current_user'
  [1m[36mGame Load (0.6ms)[0m  [1m[34mSELECT "games".* FROM "games" WHERE "games"."id" = 16 LIMIT 1 /*action='show',application='UnoOnline',controller='games'*/[0m
  ↳ app/controllers/games_controller.rb:88:in 'GamesController#set_game'
  [1m[36mPlayer Exists? (0.8ms)[0m  [1m[34mSELECT 1 AS one FROM "players" WHERE "players"."game_id" = 16 AND "players"."user_id" = 4 LIMIT 1 /*action='show',application='UnoOnline',controller='games'*/[0m
  ↳ app/controllers/games_controller.rb:92:in 'GamesController#require_membership'
  [1m[36mPlayer Load (0.6ms)[0m  [1m[34mSELECT "players".* FROM "players" WHERE "players"."game_id" = 16 AND "players"."user_id" = 4 ORDER BY "players"."position" ASC LIMIT 1 /*action='show',application='UnoOnline',controller='games'*/[0m
  ↳ app/controllers/games_controller.rb:47:in 'GamesController#show'
  Rendering layout layouts/application.html.erb
  Rendering games/show.html.erb within layouts/application
  Rendered shared/_logo.html.erb (Duration: 0.1ms | GC: 0.0ms)
  Rendered shared/_status_badge.html.erb (Duration: 0.1ms | GC: 0.0ms)
  [1m[36mPlayer Count (0.8ms)[0m  [1m[34mSELECT COUNT(*) FROM "players" WHERE "players"."game_id" = 16 /*action='show',application='UnoOnline',controller='games'*/[0m
  ↳ app/views/games/show.html.erb:17
  [1m[36mCACHE User Load (0.0ms)[0m  [1m[34mSELECT "users".* FROM "users" WHERE "users"."id" = 4 LIMIT 1[0m
  ↳ app/views/games/show.html.erb:19
  [1m[36mPlayer Load (0.6ms)[0m  [1m[34mSELECT "players".* FROM "players" WHERE "players"."game_id" = 16 ORDER BY "players"."position" ASC /*action='show',application='UnoOnline',controller='games'*/[0m
  ↳ app/views/games/show.html.erb:31
  [1m[36mCACHE User Load (0.0ms)[0m  [1m[34mSELECT "users".* FROM "users" WHERE "users"."id" = 4 LIMIT 1[0m
  ↳ app/views/games/show.html.erb:34
  Rendered games/show.html.erb within layouts/application (Duration: 16.3ms | GC: 0.0ms)
  Rendered layout layouts/application.html.erb (Duration: 18.1ms | GC: 0.0ms)
Completed 200 OK in 59ms (Views: 18.2ms | ActiveRecord: 4.2ms (8 queries, 2 cached) | GC: 0.0ms)


Started GET "/games/16" for 127.0.0.1 at 2026-10-02 11:09:18 +0300
Processing by GamesController#show as HTML
  Parameters: {"id" => "16"}
  [1m[36mUser Load (0.9ms)[0m  [1m[34mSELECT "users".* FROM "users" WHERE "users"."id" = 4 LIMIT 1 /*action='show',application='UnoOnline',controller='games'*/[0m
  ↳ app/controllers/application_controller.rb:19:in 'ApplicationController#current_user'
  [1m[36mGame Load (0.6ms)[0m  [1m[34mSELECT "games".* FROM "games" WHERE "games"."id" = 16 LIMIT 1 /*action='show',application='UnoOnline',controller='games'*/[0m
  ↳ app/controllers/games_controller.rb:88:in 'GamesController#set_game'
  [1m[36mPlayer Exists? (0.6ms)[0m  [1m[34mSELECT 1 AS one FROM "players" WHERE "players"."game_id" = 16 AND "players"."user_id" = 4 LIMIT 1 /*action='show',application='UnoOnline',controller='games'*/[0m
  ↳ app/controllers/games_controller.rb:92:in 'GamesController#require_membership'
  [1m[36mPlayer Load (0.7ms)[0m  [1m[34mSELECT "players".* FROM "players" WHERE "players"."game_id" = 16 AND "players"."user_id" = 4 ORDER BY "players"."position" ASC LIMIT 1 /*action='show',application='UnoOnline',controller='games'*/[0m
  ↳ app/controllers/games_controller.rb:47:in 'GamesController#show'
  Rendering layout layouts/application.html.erb
  Rendering games/show.html.erb within layouts/application
  Rendered shared/_logo.html.erb (Duration: 0.1ms | GC: 0.0ms)
  Rendered shared/_status_badge.html.erb (Duration: 0.1ms | GC: 0.0ms)
  [1m[36mPlayer Count (0.6ms)[0m  [1m[34mSELECT COUNT(*) FROM "players" WHERE "players"."game_id" = 16 /*action='show',application='UnoOnline',controller='games'*/[0m
  ↳ app/views/games/show.html.erb:17
  [1m[36mCACHE User Load (0.0ms)[0m  [1m[34mSELECT "users".* FROM "users" WHERE "users"."id" = 4 LIMIT 1[0m
  ↳ app/views/games/show.html.erb:19
  [1m[36mPlayer Load (0.7ms)[0m  [1m[34mSELECT "players".* FROM "players" WHERE "players"."game_id" = 16 ORDER BY "players"."position" ASC /*action='show',application='UnoOnline',controller='games'*/[0m
  ↳ app/views/games/show.html.erb:31
  [1m[36mCACHE User Load (0.0ms)[0m  [1m[34mSELECT "users".* FROM "users" WHERE "users"."id" = 4 LIMIT 1[0m
  ↳ app/views/games/show.html.erb:34
  Rendered games/show.html.erb within layouts/application (Duration: 16.5ms | GC: 0.0ms)
  Rendered layout layouts/application.html.erb (Duration: 18.5ms | GC: 0.0ms)
Completed 200 OK in 62ms (Views: 18.9ms | ActiveRecord: 4.1ms (8 queries, 2 cached) | GC: 0.0ms)


Started GET "/games/16" for 127.0.0.1 at 2026-10-02 11:09:21 +0300
Processing by GamesController#show as HTML
  Parameters: {"id" => "16"}
  [1m[36mUser Load (1.1ms)[0m  [1m[34mSELECT "users".* FROM "users" WHERE "users"."id" = 4 LIMIT 1 /*action='show',application='UnoOnline',controller='games'*/[0m
  ↳ app/controllers/application_controller.rb:19:in 'ApplicationController#current_user'
  [1m[36mGame Load (10.3ms)[0m  [1m[34mSELECT "games".* FROM "games" WHERE "games"."id" = 16 LIMIT 1 /*action='show',application='UnoOnline',controller='games'*/[0m
  ↳ app/controllers/games_controller.rb:88:in 'GamesController#set_game'
  [1m[36mPlayer Exists? (0.6ms)[0m  [1m[34mSELECT 1 AS one FROM "players" WHERE "players"."game_id" = 16 AND "players"."user_id" = 4 LIMIT 1 /*action='show',application='UnoOnline',controller='games'*/[0m
  ↳ app/controllers/games_controller.rb:92:in 'GamesController#require_membership'
  [1m[36mPlayer Load (0.8ms)[0m  [1m[34mSELECT "players".* FROM "players" WHERE "players"."game_id" = 16 AND "players"."user_id" = 4 ORDER BY "players"."position" ASC LIMIT 1 /*action='show',application='UnoOnline',controller='games'*/[0m
  ↳ app/controllers/games_controller.rb:47:in 'GamesController#show'
  Rendering layout layouts/application.html.erb
  Rendering games/show.html.erb within layouts/application
  Rendered shared/_logo.html.erb (Duration: 0.1ms | GC: 0.0ms)
  Rendered shared/_status_badge.html.erb (Duration: 0.1ms | GC: 0.0ms)
  [1m[36mPlayer Count (0.7ms)[0m  [1m[34mSELECT COUNT(*) FROM "players" WHERE "players"."game_id" = 16 /*action='show',application='UnoOnline',controller='games'*/[0m
  ↳ app/views/games/show.html.erb:17
  [1m[36mCACHE User Load (0.1ms)[0m  [1m[34mSELECT "users".* FROM "users" WHERE "users"."id" = 4 LIMIT 1[0m
  ↳ app/views/games/show.html.erb:19
  [1m[36mPlayer Load (0.6ms)[0m  [1m[34mSELECT "players".* FROM "players" WHERE "players"."game_id" = 16 ORDER BY "players"."position" ASC /*action='show',application='UnoOnline',controller='games'*/[0m
  ↳ app/views/games/show.html.erb:31
  [1m[36mCACHE User Load (0.0ms)[0m  [1m[34mSELECT "users".* FROM "users" WHERE "users"."id" = 4 LIMIT 1[0m
  ↳ app/views/games/show.html.erb:34
  Rendered games/show.html.erb within layouts/application (Duration: 17.2ms | GC: 0.0ms)
  Rendered layout layouts/application.html.erb (Duration: 19.8ms | GC: 0.0ms)
Completed 200 OK in 70ms (Views: 20.2ms | ActiveRecord: 14.0ms (8 queries, 2 cached) | GC: 0.0ms)


Started POST "/games/join?code=6TFWDM" for 127.0.0.1 at 2026-10-02 11:09:21 +0300
Processing by GamesController#join as TURBO_STREAM
  Parameters: {"authenticity_token" => "[FILTERED]", "code" => "6TFWDM"}
  [1m[36mUser Load (0.7ms)[0m  [1m[34mSELECT "users".* FROM "users" WHERE "users"."id" = 5 LIMIT 1 /*action='join',application='UnoOnline',controller='games'*/[0m
  ↳ app/controllers/application_controller.rb:19:in 'ApplicationController#current_user'
  [1m[36mGame Load (0.6ms)[0m  [1m[34mSELECT "games".* FROM "games" WHERE "games"."code" = '6TFWDM' LIMIT 1 /*action='join',application='UnoOnline',controller='games'*/[0m
  ↳ app/controllers/games_controller.rb:25:in 'GamesController#join'
  [1m[36mPlayer Exists? (0.5ms)[0m  [1m[34mSELECT 1 AS one FROM "players" WHERE "players"."game_id" = 16 AND "players"."user_id" = 5 LIMIT 1 /*action='join',application='UnoOnline',controller='games'*/[0m
  ↳ app/controllers/games_controller.rb:29:in 'GamesController#join'
  [1m[36mPlayer Count (0.5ms)[0m  [1m[34mSELECT COUNT(*) FROM "players" WHERE "players"."game_id" = 16 /*action='join',application='UnoOnline',controller='games'*/[0m
  ↳ app/models/game.rb:26:in 'Game#full?'
  [1m[36mPlayer Maximum (1.1ms)[0m  [1m[34mSELECT MAX("players"."position") FROM "players" WHERE "players"."game_id" = 16 /*action='join',application='UnoOnline',controller='games'*/[0m
  ↳ app/models/game.rb:30:in 'Game#next_position'
  [1m[36mTRANSACTION (0.3ms)[0m  [1m[35mBEGIN /*action='join',application='UnoOnline',controller='games'*/[0m
  ↳ app/controllers/games_controller.rb:36:in 'GamesController#join'
  [1m[36mPlayer Exists? (5.3ms)[0m  [1m[34mSELECT 1 AS one FROM "players" WHERE "players"."position" = 1 AND "players"."game_id" = 16 LIMIT 1 /*action='join',application='UnoOnline',controller='games'*/[0m
  ↳ app/controllers/games_controller.rb:36:in 'GamesController#join'
  [1m[36mPlayer Exists? (0.5ms)[0m  [1m[34mSELECT 1 AS one FROM "players" WHERE "players"."user_id" = 5 AND "players"."game_id" = 16 LIMIT 1 /*action='join',application='UnoOnline',controller='games'*/[0m
  ↳ app/controllers/games_controller.rb:36:in 'GamesController#join'
  [1m[36mPlayer Create (1.1ms)[0m  [1m[32mINSERT INTO "players" ("game_id", "user_id", "position", "hand", "has_called_uno", "created_at", "updated_at", "ready") VALUES (16, 5, 1, '[]', FALSE, '2026-10-02 08:09:21.994006', '2026-10-02 08:09:21.994006', FALSE) RETURNING "id" /*action='join',application='UnoOnline',controller='games'*/[0m
  ↳ app/controllers/games_controller.rb:36:in 'GamesController#join'
  [1m[36mTRANSACTION (0.5ms)[0m  [1m[35mCOMMIT /*action='join',application='UnoOnline',controller='games'*/[0m
  ↳ app/controllers/games_controller.rb:36:in 'GamesController#join'
Redirected to http://127.0.0.1:3000/games/16
↳ app/controllers/games_controller.rb:37:in 'GamesController#join'
Completed 302 Found in 66ms (ActiveRecord: 11.1ms (8 queries, 0 cached) | GC: 0.0ms)


Started GET "/games/16" for 127.0.0.1 at 2026-10-02 11:09:22 +0300
Processing by GamesController#show as TURBO_STREAM
  Parameters: {"id" => "16"}
  [1m[36mUser Load (0.9ms)[0m  [1m[34mSELECT "users".* FROM "users" WHERE "users"."id" = 5 LIMIT 1 /*action='show',application='UnoOnline',controller='games'*/[0m
  ↳ app/controllers/application_controller.rb:19:in 'ApplicationController#current_user'
  [1m[36mGame Load (0.6ms)[0m  [1m[34mSELECT "games".* FROM "games" WHERE "games"."id" = 16 LIMIT 1 /*action='show',application='UnoOnline',controller='games'*/[0m
  ↳ app/controllers/games_controller.rb:88:in 'GamesController#set_game'
  [1m[36mPlayer Exists? (0.8ms)[0m  [1m[34mSELECT 1 AS one FROM "players" WHERE "players"."game_id" = 16 AND "players"."user_id" = 5 LIMIT 1 /*action='show',application='UnoOnline',controller='games'*/[0m
  ↳ app/controllers/games_controller.rb:92:in 'GamesController#require_membership'
  [1m[36mPlayer Load (0.8ms)[0m  [1m[34mSELECT "players".* FROM "players" WHERE "players"."game_id" = 16 AND "players"."user_id" = 5 ORDER BY "players"."position" ASC LIMIT 1 /*action='show',application='UnoOnline',controller='games'*/[0m
  ↳ app/controllers/games_controller.rb:47:in 'GamesController#show'
  Rendering layout layouts/application.html.erb
  Rendering games/show.html.erb within layouts/application
  Rendered shared/_logo.html.erb (Duration: 0.1ms | GC: 0.0ms)
  Rendered shared/_status_badge.html.erb (Duration: 0.1ms | GC: 0.0ms)
  [1m[36mPlayer Count (0.7ms)[0m  [1m[34mSELECT COUNT(*) FROM "players" WHERE "players"."game_id" = 16 /*action='show',application='UnoOnline',controller='games'*/[0m
  ↳ app/views/games/show.html.erb:17
  [1m[36mUser Load (0.7ms)[0m  [1m[34mSELECT "users".* FROM "users" WHERE "users"."id" = 4 LIMIT 1 /*action='show',application='UnoOnline',controller='games'*/[0m
  ↳ app/views/games/show.html.erb:19
  [1m[36mPlayer Load (0.7ms)[0m  [1m[34mSELECT "players".* FROM "players" WHERE "players"."game_id" = 16 ORDER BY "players"."position" ASC /*action='show',application='UnoOnline',controller='games'*/[0m
  ↳ app/views/games/show.html.erb:31
  [1m[36mCACHE User Load (0.0ms)[0m  [1m[34mSELECT "users".* FROM "users" WHERE "users"."id" = 4 LIMIT 1[0m
  ↳ app/views/games/show.html.erb:34
  [1m[36mCACHE User Load (0.0ms)[0m  [1m[34mSELECT "users".* FROM "users" WHERE "users"."id" = 5 LIMIT 1[0m
  ↳ app/views/games/show.html.erb:34
  Rendered games/show.html.erb within layouts/application (Duration: 18.9ms | GC: 0.0ms)
  Rendered layout layouts/application.html.erb (Duration: 20.7ms | GC: 0.0ms)
Completed 200 OK in 61ms (Views: 20.1ms | ActiveRecord: 5.0ms (9 queries, 2 cached) | GC: 0.0ms)


Started GET "/games/16" for 127.0.0.1 at 2026-10-02 11:09:24 +0300
Processing by GamesController#show as HTML
  Parameters: {"id" => "16"}
  [1m[36mUser Load (0.7ms)[0m  [1m[34mSELECT "users".* FROM "users" WHERE "users"."id" = 4 LIMIT 1 /*action='show',application='UnoOnline',controller='games'*/[0m
  ↳ app/controllers/application_controller.rb:19:in 'ApplicationController#current_user'
  [1m[36mGame Load (0.7ms)[0m  [1m[34mSELECT "games".* FROM "games" WHERE "games"."id" = 16 LIMIT 1 /*action='show',application='UnoOnline',controller='games'*/[0m
  ↳ app/controllers/games_controller.rb:88:in 'GamesController#set_game'
  [1m[36mPlayer Exists? (0.5ms)[0m  [1m[34mSELECT 1 AS one FROM "players" WHERE "players"."game_id" = 16 AND "players"."user_id" = 4 LIMIT 1 /*action='show',application='UnoOnline',controller='games'*/[0m
  ↳ app/controllers/games_controller.rb:92:in 'GamesController#require_membership'
  [1m[36mPlayer Load (0.6ms)[0m  [1m[34mSELECT "players".* FROM "players" WHERE "players"."game_id" = 16 AND "players"."user_id" = 4 ORDER BY "players"."position" ASC LIMIT 1 /*action='show',application='UnoOnline',controller='games'*/[0m
  ↳ app/controllers/games_controller.rb:47:in 'GamesController#show'
  Rendering layout layouts/application.html.erb
  Rendering games/show.html.erb within layouts/application
  Rendered shared/_logo.html.erb (Duration: 0.1ms | GC: 0.0ms)
  Rendered shared/_status_badge.html.erb (Duration: 0.1ms | GC: 0.0ms)
  [1m[36mPlayer Count (0.5ms)[0m  [1m[34mSELECT COUNT(*) FROM "players" WHERE "players"."game_id" = 16 /*action='show',application='UnoOnline',controller='games'*/[0m
  ↳ app/views/games/show.html.erb:17
  [1m[36mCACHE User Load (0.0ms)[0m  [1m[34mSELECT "users".* FROM "users" WHERE "users"."id" = 4 LIMIT 1[0m
  ↳ app/views/games/show.html.erb:19
  [1m[36mPlayer Load (0.6ms)[0m  [1m[34mSELECT "players".* FROM "players" WHERE "players"."game_id" = 16 ORDER BY "players"."position" ASC /*action='show',application='UnoOnline',controller='games'*/[0m
  ↳ app/views/games/show.html.erb:31
  [1m[36mCACHE User Load (0.0ms)[0m  [1m[34mSELECT "users".* FROM "users" WHERE "users"."id" = 4 LIMIT 1[0m
  ↳ app/views/games/show.html.erb:34
  [1m[36mUser Load (0.6ms)[0m  [1m[34mSELECT "users".* FROM "users" WHERE "users"."id" = 5 LIMIT 1 /*action='show',application='UnoOnline',controller='games'*/[0m
  ↳ app/views/games/show.html.erb:34
  Rendered games/show.html.erb within layouts/application (Duration: 19.4ms | GC: 0.0ms)
  Rendered layout layouts/application.html.erb (Duration: 21.3ms | GC: 0.0ms)
Completed 200 OK in 61ms (Views: 21.0ms | ActiveRecord: 4.1ms (9 queries, 2 cached) | GC: 0.0ms)


Started GET "/games/16" for 127.0.0.1 at 2026-10-02 11:09:25 +0300
Processing by GamesController#show as HTML
  Parameters: {"id" => "16"}
  [1m[36mUser Load (0.7ms)[0m  [1m[34mSELECT "users".* FROM "users" WHERE "users"."id" = 5 LIMIT 1 /*action='show',application='UnoOnline',controller='games'*/[0m
  ↳ app/controllers/application_controller.rb:19:in 'ApplicationController#current_user'
  [1m[36mGame Load (0.6ms)[0m  [1m[34mSELECT "games".* FROM "games" WHERE "games"."id" = 16 LIMIT 1 /*action='show',application='UnoOnline',controller='games'*/[0m
  ↳ app/controllers/games_controller.rb:88:in 'GamesController#set_game'
  [1m[36mPlayer Exists? (0.5ms)[0m  [1m[34mSELECT 1 AS one FROM "players" WHERE "players"."game_id" = 16 AND "players"."user_id" = 5 LIMIT 1 /*action='show',application='UnoOnline',controller='games'*/[0m
  ↳ app/controllers/games_controller.rb:92:in 'GamesController#require_membership'
  [1m[36mPlayer Load (0.6ms)[0m  [1m[34mSELECT "players".* FROM "players" WHERE "players"."game_id" = 16 AND "players"."user_id" = 5 ORDER BY "players"."position" ASC LIMIT 1 /*action='show',application='UnoOnline',controller='games'*/[0m
  ↳ app/controllers/games_controller.rb:47:in 'GamesController#show'
  Rendering layout layouts/application.html.erb
  Rendering games/show.html.erb within layouts/application
  Rendered shared/_logo.html.erb (Duration: 0.1ms | GC: 0.0ms)
  Rendered shared/_status_badge.html.erb (Duration: 0.1ms | GC: 0.0ms)
  [1m[36mPlayer Count (0.9ms)[0m  [1m[34mSELECT COUNT(*) FROM "players" WHERE "players"."game_id" = 16 /*action='show',application='UnoOnline',controller='games'*/[0m
  ↳ app/views/games/show.html.erb:17
  [1m[36mUser Load (0.5ms)[0m  [1m[34mSELECT "users".* FROM "users" WHERE "users"."id" = 4 LIMIT 1 /*action='show',application='UnoOnline',controller='games'*/[0m
  ↳ app/views/games/show.html.erb:19
  [1m[36mPlayer Load (0.8ms)[0m  [1m[34mSELECT "players".* FROM "players" WHERE "players"."game_id" = 16 ORDER BY "players"."position" ASC /*action='show',application='UnoOnline',controller='games'*/[0m
  ↳ app/views/games/show.html.erb:31
  [1m[36mCACHE User Load (0.0ms)[0m  [1m[34mSELECT "users".* FROM "users" WHERE "users"."id" = 4 LIMIT 1[0m
  ↳ app/views/games/show.html.erb:34
  [1m[36mCACHE User Load (0.0ms)[0m  [1m[34mSELECT "users".* FROM "users" WHERE "users"."id" = 5 LIMIT 1[0m
  ↳ app/views/games/show.html.erb:34
  Rendered games/show.html.erb within layouts/application (Duration: 20.5ms | GC: 0.0ms)
  Rendered layout layouts/application.html.erb (Duration: 22.9ms | GC: 0.0ms)
Completed 200 OK in 61ms (Views: 22.4ms | ActiveRecord: 4.5ms (9 queries, 2 cached) | GC: 0.0ms)


Started POST "/games/join" for 127.0.0.1 at 2026-10-02 11:09:27 +0300
Processing by GamesController#join as TURBO_STREAM
  Parameters: {"authenticity_token" => "[FILTERED]", "code" => "", "commit" => "Войти"}
  [1m[36mUser Load (0.9ms)[0m  [1m[34mSELECT "users".* FROM "users" WHERE "users"."id" = 1 LIMIT 1 /*action='join',application='UnoOnline',controller='games'*/[0m
  ↳ app/controllers/application_controller.rb:19:in 'ApplicationController#current_user'
  [1m[36mGame Load (0.6ms)[0m  [1m[34mSELECT "games".* FROM "games" WHERE "games"."code" = '' LIMIT 1 /*action='join',application='UnoOnline',controller='games'*/[0m
  ↳ app/controllers/games_controller.rb:25:in 'GamesController#join'
Redirected to http://127.0.0.1:3000/
↳ app/controllers/games_controller.rb:28:in 'GamesController#join'
Completed 302 Found in 33ms (ActiveRecord: 1.4ms (2 queries, 0 cached) | GC: 0.0ms)


Started GET "/" for 127.0.0.1 at 2026-10-02 11:09:28 +0300
Started GET "/games/16" for 127.0.0.1 at 2026-10-02 11:09:28 +0300
Processing by GamesController#index as TURBO_STREAM
  [1m[36mUser Load (0.9ms)[0m  [1m[34mSELECT "users".* FROM "users" WHERE "users"."id" = 1 LIMIT 1 /*action='index',application='UnoOnline',controller='games'*/[0m
  ↳ app/controllers/application_controller.rb:19:in 'ApplicationController#current_user'
  Rendering layout layouts/application.html.erb
  Rendering games/index.html.erb within layouts/application
  Rendered shared/_logo.html.erb (Duration: 0.1ms | GC: 0.0ms)
Processing by GamesController#show as HTML
  Parameters: {"id" => "16"}
  [1m[36mGame Exists? (1.4ms)[0m  [1m[34mSELECT 1 AS one FROM "games" WHERE "games"."visibility" = 'public' LIMIT 1 /*action='index',application='UnoOnline',controller='games'*/[0m
  ↳ app/views/games/index.html.erb:61
  [1m[36mGame Load (5.7ms)[0m  [1m[34mSELECT "games".* FROM "games" WHERE "games"."visibility" = 'public' ORDER BY "games"."created_at" DESC /*action='index',application='UnoOnline',controller='games'*/[0m
  ↳ app/views/games/index.html.erb:65
  [1m[36mPlayer Load (0.9ms)[0m  [1m[34mSELECT "players".* FROM "players" WHERE "players"."game_id" IN (16, 2) ORDER BY "players"."position" ASC /*action='index',application='UnoOnline',controller='games'*/[0m
  ↳ app/views/games/index.html.erb:65
  Rendered shared/_status_badge.html.erb (Duration: 0.1ms | GC: 0.0ms)
  [1m[36mPlayer Exists? (2.0ms)[0m  [1m[34mSELECT 1 AS one FROM "players" WHERE "players"."game_id" = 16 AND "players"."user_id" = 1 LIMIT 1 /*action='index',application='UnoOnline',controller='games'*/[0m
  ↳ app/views/games/index.html.erb:76
  [1m[36mPlayer Count (3.0ms)[0m  [1m[34mSELECT COUNT(*) FROM "players" WHERE "players"."game_id" = 16 /*action='index',application='UnoOnline',controller='games'*/[0m
  ↳ app/models/game.rb:26:in 'Game#full?'
  Rendered shared/_status_badge.html.erb (Duration: 0.1ms | GC: 0.0ms)
  [1m[36mPlayer Exists? (0.9ms)[0m  [1m[34mSELECT 1 AS one FROM "players" WHERE "players"."game_id" = 2 AND "players"."user_id" = 1 LIMIT 1 /*action='index',application='UnoOnline',controller='games'*/[0m
  ↳ app/views/games/index.html.erb:76
  [1m[36mPlayer Count (0.6ms)[0m  [1m[34mSELECT COUNT(*) FROM "players" WHERE "players"."game_id" = 2 /*action='index',application='UnoOnline',controller='games'*/[0m
  ↳ app/models/game.rb:26:in 'Game#full?'
  Rendered games/index.html.erb within layouts/application (Duration: 50.1ms | GC: 0.0ms)
  Rendered layout layouts/application.html.erb (Duration: 52.0ms | GC: 0.0ms)
Completed 200 OK in 90ms (Views: 38.9ms | ActiveRecord: 15.3ms (8 queries, 0 cached) | GC: 0.0ms)


Started GET "/games/16" for 127.0.0.1 at 2026-10-02 11:09:28 +0300
  [1m[36mUser Load (218.8ms)[0m  [1m[34mSELECT "users".* FROM "users" WHERE "users"."id" = 4 LIMIT 1 /*action='show',application='UnoOnline',controller='games'*/[0m
  ↳ app/controllers/application_controller.rb:19:in 'ApplicationController#current_user'
  [1m[36mGame Load (9.9ms)[0m  [1m[34mSELECT "games".* FROM "games" WHERE "games"."id" = 16 LIMIT 1 /*action='show',application='UnoOnline',controller='games'*/[0m
  ↳ app/controllers/games_controller.rb:88:in 'GamesController#set_game'
  [1m[36mPlayer Exists? (8.5ms)[0m  [1m[34mSELECT 1 AS one FROM "players" WHERE "players"."game_id" = 16 AND "players"."user_id" = 4 LIMIT 1 /*action='show',application='UnoOnline',controller='games'*/[0m
  ↳ app/controllers/games_controller.rb:92:in 'GamesController#require_membership'
  [1m[36mPlayer Load (1.1ms)[0m  [1m[34mSELECT "players".* FROM "players" WHERE "players"."game_id" = 16 AND "players"."user_id" = 4 ORDER BY "players"."position" ASC LIMIT 1 /*action='show',application='UnoOnline',controller='games'*/[0m
  ↳ app/controllers/games_controller.rb:47:in 'GamesController#show'
  Rendering layout layouts/application.html.erb
  Rendering games/show.html.erb within layouts/application
  Rendered shared/_logo.html.erb (Duration: 0.1ms | GC: 0.0ms)
  Rendered shared/_status_badge.html.erb (Duration: 0.1ms | GC: 0.0ms)
  [1m[36mPlayer Count (0.7ms)[0m  [1m[34mSELECT COUNT(*) FROM "players" WHERE "players"."game_id" = 16 /*action='show',application='UnoOnline',controller='games'*/[0m
  ↳ app/views/games/show.html.erb:17
  [1m[36mCACHE User Load (0.0ms)[0m  [1m[34mSELECT "users".* FROM "users" WHERE "users"."id" = 4 LIMIT 1[0m
  ↳ app/views/games/show.html.erb:19
  [1m[36mPlayer Load (0.6ms)[0m  [1m[34mSELECT "players".* FROM "players" WHERE "players"."game_id" = 16 ORDER BY "players"."position" ASC /*action='show',application='UnoOnline',controller='games'*/[0m
  ↳ app/views/games/show.html.erb:31
  [1m[36mCACHE User Load (0.0ms)[0m  [1m[34mSELECT "users".* FROM "users" WHERE "users"."id" = 4 LIMIT 1[0m
  ↳ app/views/games/show.html.erb:34
Processing by GamesController#show as HTML
  Parameters: {"id" => "16"}
  [1m[36mUser Load (0.7ms)[0m  [1m[34mSELECT "users".* FROM "users" WHERE "users"."id" = 5 LIMIT 1 /*action='show',application='UnoOnline',controller='games'*/[0m
  ↳ app/views/games/show.html.erb:34
  Rendered games/show.html.erb within layouts/application (Duration: 24.1ms | GC: 0.0ms)
  Rendered layout layouts/application.html.erb (Duration: 28.6ms | GC: 0.0ms)
Completed 200 OK in 327ms (Views: 28.0ms | ActiveRecord: 267.0ms (9 queries, 2 cached) | GC: 0.0ms)


  [1m[36mUser Load (0.7ms)[0m  [1m[34mSELECT "users".* FROM "users" WHERE "users"."id" = 5 LIMIT 1 /*action='show',application='UnoOnline',controller='games'*/[0m
  ↳ app/controllers/application_controller.rb:19:in 'ApplicationController#current_user'
  [1m[36mGame Load (0.6ms)[0m  [1m[34mSELECT "games".* FROM "games" WHERE "games"."id" = 16 LIMIT 1 /*action='show',application='UnoOnline',controller='games'*/[0m
  ↳ app/controllers/games_controller.rb:88:in 'GamesController#set_game'
  [1m[36mPlayer Exists? (0.6ms)[0m  [1m[34mSELECT 1 AS one FROM "players" WHERE "players"."game_id" = 16 AND "players"."user_id" = 5 LIMIT 1 /*action='show',application='UnoOnline',controller='games'*/[0m
  ↳ app/controllers/games_controller.rb:92:in 'GamesController#require_membership'
  [1m[36mPlayer Load (0.7ms)[0m  [1m[34mSELECT "players".* FROM "players" WHERE "players"."game_id" = 16 AND "players"."user_id" = 5 ORDER BY "players"."position" ASC LIMIT 1 /*action='show',application='UnoOnline',controller='games'*/[0m
  ↳ app/controllers/games_controller.rb:47:in 'GamesController#show'
  Rendering layout layouts/application.html.erb
  Rendering games/show.html.erb within layouts/application
  Rendered shared/_logo.html.erb (Duration: 0.1ms | GC: 0.0ms)
  Rendered shared/_status_badge.html.erb (Duration: 0.1ms | GC: 0.0ms)
  [1m[36mPlayer Count (0.7ms)[0m  [1m[34mSELECT COUNT(*) FROM "players" WHERE "players"."game_id" = 16 /*action='show',application='UnoOnline',controller='games'*/[0m
  ↳ app/views/games/show.html.erb:17
  [1m[36mUser Load (0.7ms)[0m  [1m[34mSELECT "users".* FROM "users" WHERE "users"."id" = 4 LIMIT 1 /*action='show',application='UnoOnline',controller='games'*/[0m
  ↳ app/views/games/show.html.erb:19
  [1m[36mPlayer Load (0.8ms)[0m  [1m[34mSELECT "players".* FROM "players" WHERE "players"."game_id" = 16 ORDER BY "players"."position" ASC /*action='show',application='UnoOnline',controller='games'*/[0m
  ↳ app/views/games/show.html.erb:31
  [1m[36mCACHE User Load (0.0ms)[0m  [1m[34mSELECT "users".* FROM "users" WHERE "users"."id" = 4 LIMIT 1[0m
  ↳ app/views/games/show.html.erb:34
  [1m[36mCACHE User Load (0.0ms)[0m  [1m[34mSELECT "users".* FROM "users" WHERE "users"."id" = 5 LIMIT 1[0m
  ↳ app/views/games/show.html.erb:34
  Rendered games/show.html.erb within layouts/application (Duration: 20.1ms | GC: 0.0ms)
  Rendered layout layouts/application.html.erb (Duration: 21.9ms | GC: 0.0ms)
Completed 200 OK in 70ms (Views: 27.0ms | ActiveRecord: 4.7ms (9 queries, 2 cached) | GC: 0.0ms)


Started POST "/games/join?code=6TFWDM" for 127.0.0.1 at 2026-10-02 11:09:29 +0300
Processing by GamesController#join as TURBO_STREAM
  Parameters: {"authenticity_token" => "[FILTERED]", "code" => "6TFWDM"}
  [1m[36mUser Load (0.7ms)[0m  [1m[34mSELECT "users".* FROM "users" WHERE "users"."id" = 1 LIMIT 1 /*action='join',application='UnoOnline',controller='games'*/[0m
  ↳ app/controllers/application_controller.rb:19:in 'ApplicationController#current_user'
  [1m[36mGame Load (0.6ms)[0m  [1m[34mSELECT "games".* FROM "games" WHERE "games"."code" = '6TFWDM' LIMIT 1 /*action='join',application='UnoOnline',controller='games'*/[0m
  ↳ app/controllers/games_controller.rb:25:in 'GamesController#join'
  [1m[36mPlayer Exists? (0.8ms)[0m  [1m[34mSELECT 1 AS one FROM "players" WHERE "players"."game_id" = 16 AND "players"."user_id" = 1 LIMIT 1 /*action='join',application='UnoOnline',controller='games'*/[0m
  ↳ app/controllers/games_controller.rb:29:in 'GamesController#join'
  [1m[36mPlayer Count (0.6ms)[0m  [1m[34mSELECT COUNT(*) FROM "players" WHERE "players"."game_id" = 16 /*action='join',application='UnoOnline',controller='games'*/[0m
  ↳ app/models/game.rb:26:in 'Game#full?'
  [1m[36mPlayer Maximum (1.1ms)[0m  [1m[34mSELECT MAX("players"."position") FROM "players" WHERE "players"."game_id" = 16 /*action='join',application='UnoOnline',controller='games'*/[0m
  ↳ app/models/game.rb:30:in 'Game#next_position'
  [1m[36mTRANSACTION (0.4ms)[0m  [1m[35mBEGIN /*action='join',application='UnoOnline',controller='games'*/[0m
  ↳ app/controllers/games_controller.rb:36:in 'GamesController#join'
  [1m[36mPlayer Exists? (6.7ms)[0m  [1m[34mSELECT 1 AS one FROM "players" WHERE "players"."position" = 2 AND "players"."game_id" = 16 LIMIT 1 /*action='join',application='UnoOnline',controller='games'*/[0m
  ↳ app/controllers/games_controller.rb:36:in 'GamesController#join'
  [1m[36mPlayer Exists? (0.8ms)[0m  [1m[34mSELECT 1 AS one FROM "players" WHERE "players"."user_id" = 1 AND "players"."game_id" = 16 LIMIT 1 /*action='join',application='UnoOnline',controller='games'*/[0m
  ↳ app/controllers/games_controller.rb:36:in 'GamesController#join'
  [1m[36mPlayer Create (1.0ms)[0m  [1m[32mINSERT INTO "players" ("game_id", "user_id", "position", "hand", "has_called_uno", "created_at", "updated_at", "ready") VALUES (16, 1, 2, '[]', FALSE, '2026-10-02 08:09:29.741613', '2026-10-02 08:09:29.741613', FALSE) RETURNING "id" /*action='join',application='UnoOnline',controller='games'*/[0m
  ↳ app/controllers/games_controller.rb:36:in 'GamesController#join'
  [1m[36mTRANSACTION (3.9ms)[0m  [1m[35mCOMMIT /*action='join',application='UnoOnline',controller='games'*/[0m
  ↳ app/controllers/games_controller.rb:36:in 'GamesController#join'
Redirected to http://127.0.0.1:3000/games/16
↳ app/controllers/games_controller.rb:37:in 'GamesController#join'
Completed 302 Found in 73ms (ActiveRecord: 16.4ms (8 queries, 0 cached) | GC: 0.0ms)


Started GET "/games/16" for 127.0.0.1 at 2026-10-02 11:09:29 +0300
Processing by GamesController#show as TURBO_STREAM
  Parameters: {"id" => "16"}
  [1m[36mUser Load (0.7ms)[0m  [1m[34mSELECT "users".* FROM "users" WHERE "users"."id" = 1 LIMIT 1 /*action='show',application='UnoOnline',controller='games'*/[0m
  ↳ app/controllers/application_controller.rb:19:in 'ApplicationController#current_user'
  [1m[36mGame Load (0.6ms)[0m  [1m[34mSELECT "games".* FROM "games" WHERE "games"."id" = 16 LIMIT 1 /*action='show',application='UnoOnline',controller='games'*/[0m
  ↳ app/controllers/games_controller.rb:88:in 'GamesController#set_game'
  [1m[36mPlayer Exists? (0.6ms)[0m  [1m[34mSELECT 1 AS one FROM "players" WHERE "players"."game_id" = 16 AND "players"."user_id" = 1 LIMIT 1 /*action='show',application='UnoOnline',controller='games'*/[0m
  ↳ app/controllers/games_controller.rb:92:in 'GamesController#require_membership'
  [1m[36mPlayer Load (0.6ms)[0m  [1m[34mSELECT "players".* FROM "players" WHERE "players"."game_id" = 16 AND "players"."user_id" = 1 ORDER BY "players"."position" ASC LIMIT 1 /*action='show',application='UnoOnline',controller='games'*/[0m
  ↳ app/controllers/games_controller.rb:47:in 'GamesController#show'
  Rendering layout layouts/application.html.erb
  Rendering games/show.html.erb within layouts/application
  Rendered shared/_logo.html.erb (Duration: 0.1ms | GC: 0.0ms)
  Rendered shared/_status_badge.html.erb (Duration: 0.1ms | GC: 0.0ms)
  [1m[36mPlayer Count (0.7ms)[0m  [1m[34mSELECT COUNT(*) FROM "players" WHERE "players"."game_id" = 16 /*action='show',application='UnoOnline',controller='games'*/[0m
  ↳ app/views/games/show.html.erb:17
  [1m[36mUser Load (0.7ms)[0m  [1m[34mSELECT "users".* FROM "users" WHERE "users"."id" = 4 LIMIT 1 /*action='show',application='UnoOnline',controller='games'*/[0m
  ↳ app/views/games/show.html.erb:19
  [1m[36mPlayer Load (0.8ms)[0m  [1m[34mSELECT "players".* FROM "players" WHERE "players"."game_id" = 16 ORDER BY "players"."position" ASC /*action='show',application='UnoOnline',controller='games'*/[0m
  ↳ app/views/games/show.html.erb:31
  [1m[36mCACHE User Load (0.0ms)[0m  [1m[34mSELECT "users".* FROM "users" WHERE "users"."id" = 4 LIMIT 1[0m
  ↳ app/views/games/show.html.erb:34
  [1m[36mUser Load (0.5ms)[0m  [1m[34mSELECT "users".* FROM "users" WHERE "users"."id" = 5 LIMIT 1 /*action='show',application='UnoOnline',controller='games'*/[0m
  ↳ app/views/games/show.html.erb:34
  [1m[36mCACHE User Load (0.0ms)[0m  [1m[34mSELECT "users".* FROM "users" WHERE "users"."id" = 1 LIMIT 1[0m
  ↳ app/views/games/show.html.erb:34
  Rendered games/show.html.erb within layouts/application (Duration: 22.9ms | GC: 0.0ms)
  Rendered layout layouts/application.html.erb (Duration: 24.7ms | GC: 0.0ms)
Completed 200 OK in 65ms (Views: 23.5ms | ActiveRecord: 5.0ms (10 queries, 2 cached) | GC: 0.0ms)


Started GET "/games/16" for 127.0.0.1 at 2026-10-02 11:09:31 +0300
Started GET "/games/16" for 127.0.0.1 at 2026-10-02 11:09:31 +0300
Processing by GamesController#show as HTML
  Parameters: {"id" => "16"}
  [1m[36mUser Load (0.8ms)[0m  [1m[34mSELECT "users".* FROM "users" WHERE "users"."id" = 4 LIMIT 1 /*action='show',application='UnoOnline',controller='games'*/[0m
  ↳ app/controllers/application_controller.rb:19:in 'ApplicationController#current_user'
  [1m[36mGame Load (0.9ms)[0m  [1m[34mSELECT "games".* FROM "games" WHERE "games"."id" = 16 LIMIT 1 /*action='show',application='UnoOnline',controller='games'*/[0m
  ↳ app/controllers/games_controller.rb:88:in 'GamesController#set_game'
  [1m[36mPlayer Exists? (0.9ms)[0m  [1m[34mSELECT 1 AS one FROM "players" WHERE "players"."game_id" = 16 AND "players"."user_id" = 4 LIMIT 1 /*action='show',application='UnoOnline',controller='games'*/[0m
  ↳ app/controllers/games_controller.rb:92:in 'GamesController#require_membership'
  [1m[36mPlayer Load (2.0ms)[0m  [1m[34mSELECT "players".* FROM "players" WHERE "players"."game_id" = 16 AND "players"."user_id" = 4 ORDER BY "players"."position" ASC LIMIT 1 /*action='show',application='UnoOnline',controller='games'*/[0m
  ↳ app/controllers/games_controller.rb:47:in 'GamesController#show'
  Rendering layout layouts/application.html.erb
  Rendering games/show.html.erb within layouts/application
  Rendered shared/_logo.html.erb (Duration: 0.1ms | GC: 0.0ms)
  Rendered shared/_status_badge.html.erb (Duration: 0.1ms | GC: 0.0ms)
  [1m[36mPlayer Count (2.1ms)[0m  [1m[34mSELECT COUNT(*) FROM "players" WHERE "players"."game_id" = 16 /*action='show',application='UnoOnline',controller='games'*/[0m
  ↳ app/views/games/show.html.erb:17
  [1m[36mCACHE User Load (0.0ms)[0m  [1m[34mSELECT "users".* FROM "users" WHERE "users"."id" = 4 LIMIT 1[0m
  ↳ app/views/games/show.html.erb:19
  [1m[36mPlayer Load (1.2ms)[0m  [1m[34mSELECT "players".* FROM "players" WHERE "players"."game_id" = 16 ORDER BY "players"."position" ASC /*action='show',application='UnoOnline',controller='games'*/[0m
  ↳ app/views/games/show.html.erb:31
  [1m[36mCACHE User Load (0.0ms)[0m  [1m[34mSELECT "users".* FROM "users" WHERE "users"."id" = 4 LIMIT 1[0m
  ↳ app/views/games/show.html.erb:34
  [1m[36mUser Load (0.6ms)[0m  [1m[34mSELECT "users".* FROM "users" WHERE "users"."id" = 5 LIMIT 1 /*action='show',application='UnoOnline',controller='games'*/[0m
  ↳ app/views/games/show.html.erb:34
  [1m[36mUser Load (0.6ms)[0m  [1m[34mSELECT "users".* FROM "users" WHERE "users"."id" = 1 LIMIT 1 /*action='show',application='UnoOnline',controller='games'*/[0m
  ↳ app/views/games/show.html.erb:34
  Rendered games/show.html.erb within layouts/application (Duration: 41.4ms | GC: 15.6ms)
  Rendered layout layouts/application.html.erb (Duration: 45.0ms | GC: 15.6ms)
Completed 200 OK in 100ms (Views: 42.5ms | ActiveRecord: 9.1ms (10 queries, 2 cached) | GC: 15.6ms)


Processing by GamesController#show as HTML
  Parameters: {"id" => "16"}
  [1m[36mUser Load (0.7ms)[0m  [1m[34mSELECT "users".* FROM "users" WHERE "users"."id" = 5 LIMIT 1 /*action='show',application='UnoOnline',controller='games'*/[0m
  ↳ app/controllers/application_controller.rb:19:in 'ApplicationController#current_user'
  [1m[36mGame Load (0.6ms)[0m  [1m[34mSELECT "games".* FROM "games" WHERE "games"."id" = 16 LIMIT 1 /*action='show',application='UnoOnline',controller='games'*/[0m
  ↳ app/controllers/games_controller.rb:88:in 'GamesController#set_game'
  [1m[36mPlayer Exists? (0.6ms)[0m  [1m[34mSELECT 1 AS one FROM "players" WHERE "players"."game_id" = 16 AND "players"."user_id" = 5 LIMIT 1 /*action='show',application='UnoOnline',controller='games'*/[0m
  ↳ app/controllers/games_controller.rb:92:in 'GamesController#require_membership'
  [1m[36mPlayer Load (0.7ms)[0m  [1m[34mSELECT "players".* FROM "players" WHERE "players"."game_id" = 16 AND "players"."user_id" = 5 ORDER BY "players"."position" ASC LIMIT 1 /*action='show',application='UnoOnline',controller='games'*/[0m
  ↳ app/controllers/games_controller.rb:47:in 'GamesController#show'
  Rendering layout layouts/application.html.erb
  Rendering games/show.html.erb within layouts/application
  Rendered shared/_logo.html.erb (Duration: 0.1ms | GC: 0.0ms)
  Rendered shared/_status_badge.html.erb (Duration: 0.1ms | GC: 0.0ms)
  [1m[36mPlayer Count (0.7ms)[0m  [1m[34mSELECT COUNT(*) FROM "players" WHERE "players"."game_id" = 16 /*action='show',application='UnoOnline',controller='games'*/[0m
  ↳ app/views/games/show.html.erb:17
  [1m[36mUser Load (0.5ms)[0m  [1m[34mSELECT "users".* FROM "users" WHERE "users"."id" = 4 LIMIT 1 /*action='show',application='UnoOnline',controller='games'*/[0m
  ↳ app/views/games/show.html.erb:19
  [1m[36mPlayer Load (0.6ms)[0m  [1m[34mSELECT "players".* FROM "players" WHERE "players"."game_id" = 16 ORDER BY "players"."position" ASC /*action='show',application='UnoOnline',controller='games'*/[0m
  ↳ app/views/games/show.html.erb:31
  [1m[36mCACHE User Load (0.0ms)[0m  [1m[34mSELECT "users".* FROM "users" WHERE "users"."id" = 4 LIMIT 1[0m
  ↳ app/views/games/show.html.erb:34
  [1m[36mCACHE User Load (0.0ms)[0m  [1m[34mSELECT "users".* FROM "users" WHERE "users"."id" = 5 LIMIT 1[0m
  ↳ app/views/games/show.html.erb:34
  [1m[36mUser Load (0.6ms)[0m  [1m[34mSELECT "users".* FROM "users" WHERE "users"."id" = 1 LIMIT 1 /*action='show',application='UnoOnline',controller='games'*/[0m
  ↳ app/views/games/show.html.erb:34
  Rendered games/show.html.erb within layouts/application (Duration: 22.9ms | GC: 0.0ms)
  Rendered layout layouts/application.html.erb (Duration: 25.2ms | GC: 0.0ms)
Completed 200 OK in 67ms (Views: 24.2ms | ActiveRecord: 4.9ms (10 queries, 2 cached) | GC: 0.0ms)


Started GET "/games/16" for 127.0.0.1 at 2026-10-02 11:09:33 +0300
Processing by GamesController#show as HTML
  Parameters: {"id" => "16"}
  [1m[36mUser Load (0.8ms)[0m  [1m[34mSELECT "users".* FROM "users" WHERE "users"."id" = 1 LIMIT 1 /*action='show',application='UnoOnline',controller='games'*/[0m
  ↳ app/controllers/application_controller.rb:19:in 'ApplicationController#current_user'
  [1m[36mGame Load (0.8ms)[0m  [1m[34mSELECT "games".* FROM "games" WHERE "games"."id" = 16 LIMIT 1 /*action='show',application='UnoOnline',controller='games'*/[0m
  ↳ app/controllers/games_controller.rb:88:in 'GamesController#set_game'
  [1m[36mPlayer Exists? (0.9ms)[0m  [1m[34mSELECT 1 AS one FROM "players" WHERE "players"."game_id" = 16 AND "players"."user_id" = 1 LIMIT 1 /*action='show',application='UnoOnline',controller='games'*/[0m
  ↳ app/controllers/games_controller.rb:92:in 'GamesController#require_membership'
  [1m[36mPlayer Load (0.9ms)[0m  [1m[34mSELECT "players".* FROM "players" WHERE "players"."game_id" = 16 AND "players"."user_id" = 1 ORDER BY "players"."position" ASC LIMIT 1 /*action='show',application='UnoOnline',controller='games'*/[0m
  ↳ app/controllers/games_controller.rb:47:in 'GamesController#show'
  Rendering layout layouts/application.html.erb
  Rendering games/show.html.erb within layouts/application
  Rendered shared/_logo.html.erb (Duration: 0.1ms | GC: 0.0ms)
  Rendered shared/_status_badge.html.erb (Duration: 0.1ms | GC: 0.0ms)
  [1m[36mPlayer Count (0.6ms)[0m  [1m[34mSELECT COUNT(*) FROM "players" WHERE "players"."game_id" = 16 /*action='show',application='UnoOnline',controller='games'*/[0m
  ↳ app/views/games/show.html.erb:17
  [1m[36mUser Load (0.5ms)[0m  [1m[34mSELECT "users".* FROM "users" WHERE "users"."id" = 4 LIMIT 1 /*action='show',application='UnoOnline',controller='games'*/[0m
  ↳ app/views/games/show.html.erb:19
  [1m[36mPlayer Load (0.9ms)[0m  [1m[34mSELECT "players".* FROM "players" WHERE "players"."game_id" = 16 ORDER BY "players"."position" ASC /*action='show',application='UnoOnline',controller='games'*/[0m
  ↳ app/views/games/show.html.erb:31
  [1m[36mCACHE User Load (0.0ms)[0m  [1m[34mSELECT "users".* FROM "users" WHERE "users"."id" = 4 LIMIT 1[0m
  ↳ app/views/games/show.html.erb:34
  [1m[36mUser Load (0.5ms)[0m  [1m[34mSELECT "users".* FROM "users" WHERE "users"."id" = 5 LIMIT 1 /*action='show',application='UnoOnline',controller='games'*/[0m
  ↳ app/views/games/show.html.erb:34
  [1m[36mCACHE User Load (0.0ms)[0m  [1m[34mSELECT "users".* FROM "users" WHERE "users"."id" = 1 LIMIT 1[0m
  ↳ app/views/games/show.html.erb:34
  Rendered games/show.html.erb within layouts/application (Duration: 24.8ms | GC: 0.0ms)
  Rendered layout layouts/application.html.erb (Duration: 27.0ms | GC: 0.0ms)
Completed 200 OK in 69ms (Views: 26.0ms | ActiveRecord: 5.7ms (10 queries, 2 cached) | GC: 0.0ms)


Started GET "/games/16" for 127.0.0.1 at 2026-10-02 11:09:35 +0300
Started GET "/games/16" for 127.0.0.1 at 2026-10-02 11:09:35 +0300
Started DELETE "/games/16" for 127.0.0.1 at 2026-10-02 11:09:35 +0300
Processing by GamesController#show as HTML
  Parameters: {"id" => "16"}
Processing by GamesController#show as HTML
  Parameters: {"id" => "16"}
Processing by GamesController#destroy as TURBO_STREAM
  Parameters: {"authenticity_token" => "[FILTERED]", "id" => "16"}
  [1m[36mUser Load (1.2ms)[0m  [1m[34mSELECT "users".* FROM "users" WHERE "users"."id" = 5 LIMIT 1 /*action='show',application='UnoOnline',controller='games'*/[0m
  ↳ app/controllers/application_controller.rb:19:in 'ApplicationController#current_user'
  [1m[36mGame Load (2.4ms)[0m  [1m[34mSELECT "games".* FROM "games" WHERE "games"."id" = 16 LIMIT 1 /*action='show',application='UnoOnline',controller='games'*/[0m
  ↳ app/controllers/games_controller.rb:88:in 'GamesController#set_game'
  [1m[36mPlayer Exists? (9.4ms)[0m  [1m[34mSELECT 1 AS one FROM "players" WHERE "players"."game_id" = 16 AND "players"."user_id" = 5 LIMIT 1 /*action='show',application='UnoOnline',controller='games'*/[0m
  ↳ app/controllers/games_controller.rb:92:in 'GamesController#require_membership'
  [1m[36mPlayer Load (1.8ms)[0m  [1m[34mSELECT "players".* FROM "players" WHERE "players"."game_id" = 16 AND "players"."user_id" = 5 ORDER BY "players"."position" ASC LIMIT 1 /*action='show',application='UnoOnline',controller='games'*/[0m
  ↳ app/controllers/games_controller.rb:47:in 'GamesController#show'
  Rendering layout layouts/application.html.erb
  Rendering games/show.html.erb within layouts/application
  Rendered shared/_logo.html.erb (Duration: 0.1ms | GC: 0.0ms)
  Rendered shared/_status_badge.html.erb (Duration: 0.1ms | GC: 0.0ms)
  [1m[36mUser Load (9.0ms)[0m  [1m[34mSELECT "users".* FROM "users" WHERE "users"."id" = 4 LIMIT 1 /*action='show',application='UnoOnline',controller='games'*/[0m
  ↳ app/controllers/application_controller.rb:19:in 'ApplicationController#current_user'
  [1m[36mPlayer Count (6.9ms)[0m  [1m[34mSELECT COUNT(*) FROM "players" WHERE "players"."game_id" = 16 /*action='show',application='UnoOnline',controller='games'*/[0m
  ↳ app/views/games/show.html.erb:17
  [1m[36mGame Load (4.7ms)[0m  [1m[34mSELECT "games".* FROM "games" WHERE "games"."id" = 16 LIMIT 1 /*action='show',application='UnoOnline',controller='games'*/[0m
  ↳ app/controllers/games_controller.rb:88:in 'GamesController#set_game'
  [1m[36mUser Load (4.7ms)[0m  [1m[34mSELECT "users".* FROM "users" WHERE "users"."id" = 4 LIMIT 1 /*action='show',application='UnoOnline',controller='games'*/[0m
  ↳ app/views/games/show.html.erb:19
  [1m[36mPlayer Exists? (0.8ms)[0m  [1m[34mSELECT 1 AS one FROM "players" WHERE "players"."game_id" = 16 AND "players"."user_id" = 4 LIMIT 1 /*action='show',application='UnoOnline',controller='games'*/[0m
  ↳ app/controllers/games_controller.rb:92:in 'GamesController#require_membership'
  [1m[36mPlayer Load (3.3ms)[0m  [1m[34mSELECT "players".* FROM "players" WHERE "players"."game_id" = 16 ORDER BY "players"."position" ASC /*action='show',application='UnoOnline',controller='games'*/[0m
  ↳ app/views/games/show.html.erb:31
  [1m[36mCACHE User Load (0.0ms)[0m  [1m[34mSELECT "users".* FROM "users" WHERE "users"."id" = 4 LIMIT 1[0m
  ↳ app/views/games/show.html.erb:34
  [1m[36mCACHE User Load (0.0ms)[0m  [1m[34mSELECT "users".* FROM "users" WHERE "users"."id" = 5 LIMIT 1[0m
  ↳ app/views/games/show.html.erb:34
  [1m[36mPlayer Load (0.7ms)[0m  [1m[34mSELECT "players".* FROM "players" WHERE "players"."game_id" = 16 AND "players"."user_id" = 4 ORDER BY "players"."position" ASC LIMIT 1 /*action='show',application='UnoOnline',controller='games'*/[0m
  ↳ app/controllers/games_controller.rb:47:in 'GamesController#show'
  Rendering layout layouts/application.html.erb
  Rendering games/show.html.erb within layouts/application
  Rendered shared/_logo.html.erb (Duration: 0.1ms | GC: 0.0ms)
  Rendered shared/_status_badge.html.erb (Duration: 0.1ms | GC: 0.0ms)
  [1m[36mUser Load (3.6ms)[0m  [1m[34mSELECT "users".* FROM "users" WHERE "users"."id" = 1 LIMIT 1 /*action='show',application='UnoOnline',controller='games'*/[0m
  ↳ app/views/games/show.html.erb:34
  Rendered games/show.html.erb within layouts/application (Duration: 49.2ms | GC: 0.0ms)
  Rendered layout layouts/application.html.erb (Duration: 51.5ms | GC: 0.0ms)
Completed 200 OK in 147ms (Views: 35.5ms | ActiveRecord: 33.1ms (10 queries, 2 cached) | GC: 0.0ms)


  [1m[36mPlayer Count (3.7ms)[0m  [1m[34mSELECT COUNT(*) FROM "players" WHERE "players"."game_id" = 16 /*action='show',application='UnoOnline',controller='games'*/[0m
  ↳ app/views/games/show.html.erb:17
  [1m[36mCACHE User Load (0.0ms)[0m  [1m[34mSELECT "users".* FROM "users" WHERE "users"."id" = 4 LIMIT 1[0m
  ↳ app/views/games/show.html.erb:19
  [1m[36mPlayer Load (0.7ms)[0m  [1m[34mSELECT "players".* FROM "players" WHERE "players"."game_id" = 16 ORDER BY "players"."position" ASC /*action='show',application='UnoOnline',controller='games'*/[0m
  ↳ app/views/games/show.html.erb:31
  [1m[36mCACHE User Load (0.0ms)[0m  [1m[34mSELECT "users".* FROM "users" WHERE "users"."id" = 4 LIMIT 1[0m
  ↳ app/views/games/show.html.erb:34
  [1m[36mUser Load (0.7ms)[0m  [1m[34mSELECT "users".* FROM "users" WHERE "users"."id" = 5 LIMIT 1 /*action='show',application='UnoOnline',controller='games'*/[0m
  ↳ app/views/games/show.html.erb:34
  [1m[36mUser Load (0.5ms)[0m  [1m[34mSELECT "users".* FROM "users" WHERE "users"."id" = 1 LIMIT 1 /*action='show',application='UnoOnline',controller='games'*/[0m
  ↳ app/views/games/show.html.erb:34
  Rendered games/show.html.erb within layouts/application (Duration: 30.7ms | GC: 0.0ms)
  Rendered layout layouts/application.html.erb (Duration: 32.4ms | GC: 0.0ms)
Completed 200 OK in 140ms (Views: 28.3ms | ActiveRecord: 20.7ms (10 queries, 2 cached) | GC: 0.0ms)


  [1m[36mUser Load (183.5ms)[0m  [1m[34mSELECT "users".* FROM "users" WHERE "users"."id" = 4 LIMIT 1 /*action='destroy',application='UnoOnline',controller='games'*/[0m
  ↳ app/controllers/application_controller.rb:19:in 'ApplicationController#current_user'
  [1m[36mGame Load (8.9ms)[0m  [1m[34mSELECT "games".* FROM "games" WHERE "games"."id" = 16 LIMIT 1 /*action='destroy',application='UnoOnline',controller='games'*/[0m
  ↳ app/controllers/games_controller.rb:88:in 'GamesController#set_game'
  [1m[36mTRANSACTION (0.3ms)[0m  [1m[35mBEGIN /*action='destroy',application='UnoOnline',controller='games'*/[0m
  ↳ app/controllers/games_controller.rb:78:in 'GamesController#destroy'
  [1m[36mPlayer Load (8.3ms)[0m  [1m[34mSELECT "players".* FROM "players" WHERE "players"."game_id" = 16 ORDER BY "players"."position" ASC /*action='destroy',application='UnoOnline',controller='games'*/[0m
  ↳ app/controllers/games_controller.rb:78:in 'GamesController#destroy'
  [1m[36mPlayer Destroy (1.5ms)[0m  [1m[31mDELETE FROM "players" WHERE "players"."id" = 55 /*action='destroy',application='UnoOnline',controller='games'*/[0m
  ↳ app/controllers/games_controller.rb:78:in 'GamesController#destroy'
  [1m[36mPlayer Destroy (0.8ms)[0m  [1m[31mDELETE FROM "players" WHERE "players"."id" = 63 /*action='destroy',application='UnoOnline',controller='games'*/[0m
  ↳ app/controllers/games_controller.rb:78:in 'GamesController#destroy'
  [1m[36mPlayer Destroy (0.9ms)[0m  [1m[31mDELETE FROM "players" WHERE "players"."id" = 64 /*action='destroy',application='UnoOnline',controller='games'*/[0m
  ↳ app/controllers/games_controller.rb:78:in 'GamesController#destroy'
  [1m[36mGame Destroy (1.3ms)[0m  [1m[31mDELETE FROM "games" WHERE "games"."id" = 16 /*action='destroy',application='UnoOnline',controller='games'*/[0m
  ↳ app/controllers/games_controller.rb:78:in 'GamesController#destroy'
  [1m[36mTRANSACTION (5.4ms)[0m  [1m[35mCOMMIT /*action='destroy',application='UnoOnline',controller='games'*/[0m
  ↳ app/controllers/games_controller.rb:78:in 'GamesController#destroy'
Redirected to http://127.0.0.1:3000/
↳ app/controllers/games_controller.rb:79:in 'GamesController#destroy'
Completed 302 Found in 307ms (ActiveRecord: 234.6ms (7 queries, 0 cached) | GC: 0.0ms)


Started GET "/games/16" for 127.0.0.1 at 2026-10-02 11:09:36 +0300
Processing by GamesController#show as HTML
  Parameters: {"id" => "16"}
  [1m[36mUser Load (1.0ms)[0m  [1m[34mSELECT "users".* FROM "users" WHERE "users"."id" = 1 LIMIT 1 /*action='show',application='UnoOnline',controller='games'*/[0m
  ↳ app/controllers/application_controller.rb:19:in 'ApplicationController#current_user'
  [1m[36mGame Load (0.7ms)[0m  [1m[34mSELECT "games".* FROM "games" WHERE "games"."id" = 16 LIMIT 1 /*action='show',application='UnoOnline',controller='games'*/[0m
  ↳ app/controllers/games_controller.rb:88:in 'GamesController#set_game'
rescue_from handled ActiveRecord::RecordNotFound (Couldn't find Game with 'id'="16") - C:/Users/Тимофей/.local/share/gem/ruby/4.0.0/gems/activerecord-8.1.4/lib/active_record/core.rb:279:in 'ActiveRecord::Core::ClassMethods#find'
Redirected to http://127.0.0.1:3000/
↳ app/controllers/application_controller.rb:15:in 'ApplicationController#record_not_found'
Completed 302 Found in 34ms (ActiveRecord: 1.6ms (2 queries, 0 cached) | GC: 0.0ms)


Started GET "/" for 127.0.0.1 at 2026-10-02 11:09:36 +0300
Processing by GamesController#index as HTML
  [1m[36mUser Load (0.9ms)[0m  [1m[34mSELECT "users".* FROM "users" WHERE "users"."id" = 1 LIMIT 1 /*action='index',application='UnoOnline',controller='games'*/[0m
  ↳ app/controllers/application_controller.rb:19:in 'ApplicationController#current_user'
  Rendering layout layouts/application.html.erb
  Rendering games/index.html.erb within layouts/application
  Rendered shared/_logo.html.erb (Duration: 0.1ms | GC: 0.0ms)
  [1m[36mGame Exists? (1.3ms)[0m  [1m[34mSELECT 1 AS one FROM "games" WHERE "games"."visibility" = 'public' LIMIT 1 /*action='index',application='UnoOnline',controller='games'*/[0m
  ↳ app/views/games/index.html.erb:61
  [1m[36mGame Load (1.7ms)[0m  [1m[34mSELECT "games".* FROM "games" WHERE "games"."visibility" = 'public' ORDER BY "games"."created_at" DESC /*action='index',application='UnoOnline',controller='games'*/[0m
  ↳ app/views/games/index.html.erb:65
  [1m[36mPlayer Load (0.7ms)[0m  [1m[34mSELECT "players".* FROM "players" WHERE "players"."game_id" = 2 ORDER BY "players"."position" ASC /*action='index',application='UnoOnline',controller='games'*/[0m
  ↳ app/views/games/index.html.erb:65
  Rendered shared/_status_badge.html.erb (Duration: 0.1ms | GC: 0.0ms)
  [1m[36mPlayer Exists? (0.8ms)[0m  [1m[34mSELECT 1 AS one FROM "players" WHERE "players"."game_id" = 2 AND "players"."user_id" = 1 LIMIT 1 /*action='index',application='UnoOnline',controller='games'*/[0m
  ↳ app/views/games/index.html.erb:76
  [1m[36mPlayer Count (0.8ms)[0m  [1m[34mSELECT COUNT(*) FROM "players" WHERE "players"."game_id" = 2 /*action='index',application='UnoOnline',controller='games'*/[0m
  ↳ app/models/game.rb:26:in 'Game#full?'
  Rendered games/index.html.erb within layouts/application (Duration: 24.3ms | GC: 0.0ms)
  Rendered layout layouts/application.html.erb (Duration: 26.1ms | GC: 0.0ms)
Completed 200 OK in 57ms (Views: 22.6ms | ActiveRecord: 6.1ms (6 queries, 0 cached) | GC: 0.0ms)


Started GET "/games/16" for 127.0.0.1 at 2026-10-02 11:09:38 +0300
Processing by GamesController#show as HTML
  Parameters: {"id" => "16"}
Started GET "/games/16" for 127.0.0.1 at 2026-10-02 11:09:38 +0300
  [1m[36mUser Load (1.1ms)[0m  [1m[34mSELECT "users".* FROM "users" WHERE "users"."id" = 5 LIMIT 1 /*action='show',application='UnoOnline',controller='games'*/[0m
  ↳ app/controllers/application_controller.rb:19:in 'ApplicationController#current_user'
  [1m[36mGame Load (0.7ms)[0m  [1m[34mSELECT "games".* FROM "games" WHERE "games"."id" = 16 LIMIT 1 /*action='show',application='UnoOnline',controller='games'*/[0m
  ↳ app/controllers/games_controller.rb:88:in 'GamesController#set_game'
rescue_from handled ActiveRecord::RecordNotFound (Couldn't find Game with 'id'="16") - C:/Users/Тимофей/.local/share/gem/ruby/4.0.0/gems/activerecord-8.1.4/lib/active_record/core.rb:279:in 'ActiveRecord::Core::ClassMethods#find'
Redirected to http://127.0.0.1:3000/
↳ app/controllers/application_controller.rb:15:in 'ApplicationController#record_not_found'
Completed 302 Found in 41ms (ActiveRecord: 1.7ms (2 queries, 0 cached) | GC: 0.0ms)


Started GET "/" for 127.0.0.1 at 2026-10-02 11:09:38 +0300
Processing by GamesController#show as HTML
  Parameters: {"id" => "16"}
  [1m[36mUser Load (2.1ms)[0m  [1m[34mSELECT "users".* FROM "users" WHERE "users"."id" = 4 LIMIT 1 /*action='show',application='UnoOnline',controller='games'*/[0m
  ↳ app/controllers/application_controller.rb:19:in 'ApplicationController#current_user'
  [1m[36mGame Load (1.8ms)[0m  [1m[34mSELECT "games".* FROM "games" WHERE "games"."id" = 16 LIMIT 1 /*action='show',application='UnoOnline',controller='games'*/[0m
  ↳ app/controllers/games_controller.rb:88:in 'GamesController#set_game'
rescue_from handled ActiveRecord::RecordNotFound (Couldn't find Game with 'id'="16") - C:/Users/Тимофей/.local/share/gem/ruby/4.0.0/gems/activerecord-8.1.4/lib/active_record/core.rb:279:in 'ActiveRecord::Core::ClassMethods#find'
Redirected to http://127.0.0.1:3000/
↳ app/controllers/application_controller.rb:15:in 'ApplicationController#record_not_found'
Completed 302 Found in 49ms (ActiveRecord: 3.8ms (2 queries, 0 cached) | GC: 0.0ms)


Processing by GamesController#index as HTML
Started GET "/" for 127.0.0.1 at 2026-10-02 11:09:38 +0300
  [1m[36mUser Load (0.7ms)[0m  [1m[34mSELECT "users".* FROM "users" WHERE "users"."id" = 5 LIMIT 1 /*action='index',application='UnoOnline',controller='games'*/[0m
  ↳ app/controllers/application_controller.rb:19:in 'ApplicationController#current_user'
  Rendering layout layouts/application.html.erb
  Rendering games/index.html.erb within layouts/application
  Rendered shared/_logo.html.erb (Duration: 0.1ms | GC: 0.0ms)
  [1m[36mGame Exists? (2.7ms)[0m  [1m[34mSELECT 1 AS one FROM "games" WHERE "games"."visibility" = 'public' LIMIT 1 /*action='index',application='UnoOnline',controller='games'*/[0m
  ↳ app/views/games/index.html.erb:61
  [1m[36mGame Load (1.2ms)[0m  [1m[34mSELECT "games".* FROM "games" WHERE "games"."visibility" = 'public' ORDER BY "games"."created_at" DESC /*action='index',application='UnoOnline',controller='games'*/[0m
  ↳ app/views/games/index.html.erb:65
  [1m[36mPlayer Load (1.0ms)[0m  [1m[34mSELECT "players".* FROM "players" WHERE "players"."game_id" = 2 ORDER BY "players"."position" ASC /*action='index',application='UnoOnline',controller='games'*/[0m
  ↳ app/views/games/index.html.erb:65
  Rendered shared/_status_badge.html.erb (Duration: 0.1ms | GC: 0.0ms)
  [1m[36mPlayer Exists? (0.6ms)[0m  [1m[34mSELECT 1 AS one FROM "players" WHERE "players"."game_id" = 2 AND "players"."user_id" = 5 LIMIT 1 /*action='index',application='UnoOnline',controller='games'*/[0m
  ↳ app/views/games/index.html.erb:76
  [1m[36mPlayer Count (0.9ms)[0m  [1m[34mSELECT COUNT(*) FROM "players" WHERE "players"."game_id" = 2 /*action='index',application='UnoOnline',controller='games'*/[0m
  ↳ app/models/game.rb:26:in 'Game#full?'
  Rendered games/index.html.erb within layouts/application (Duration: 30.3ms | GC: 0.0ms)
  Rendered layout layouts/application.html.erb (Duration: 33.8ms | GC: 0.0ms)
Completed 200 OK in 75ms (Views: 29.4ms | ActiveRecord: 7.0ms (6 queries, 0 cached) | GC: 0.0ms)


Processing by GamesController#index as HTML
  [1m[36mUser Load (0.8ms)[0m  [1m[34mSELECT "users".* FROM "users" WHERE "users"."id" = 4 LIMIT 1 /*action='index',application='UnoOnline',controller='games'*/[0m
  ↳ app/controllers/application_controller.rb:19:in 'ApplicationController#current_user'
  Rendering layout layouts/application.html.erb
  Rendering games/index.html.erb within layouts/application
  Rendered shared/_logo.html.erb (Duration: 0.1ms | GC: 0.0ms)
  [1m[36mGame Exists? (0.7ms)[0m  [1m[34mSELECT 1 AS one FROM "games" WHERE "games"."visibility" = 'public' LIMIT 1 /*action='index',application='UnoOnline',controller='games'*/[0m
  ↳ app/views/games/index.html.erb:61
  [1m[36mGame Load (0.7ms)[0m  [1m[34mSELECT "games".* FROM "games" WHERE "games"."visibility" = 'public' ORDER BY "games"."created_at" DESC /*action='index',application='UnoOnline',controller='games'*/[0m
  ↳ app/views/games/index.html.erb:65
  [1m[36mPlayer Load (0.6ms)[0m  [1m[34mSELECT "players".* FROM "players" WHERE "players"."game_id" = 2 ORDER BY "players"."position" ASC /*action='index',application='UnoOnline',controller='games'*/[0m
  ↳ app/views/games/index.html.erb:65
  Rendered shared/_status_badge.html.erb (Duration: 0.1ms | GC: 0.0ms)
  [1m[36mPlayer Exists? (0.8ms)[0m  [1m[34mSELECT 1 AS one FROM "players" WHERE "players"."game_id" = 2 AND "players"."user_id" = 4 LIMIT 1 /*action='index',application='UnoOnline',controller='games'*/[0m
  ↳ app/views/games/index.html.erb:76
  [1m[36mPlayer Count (0.8ms)[0m  [1m[34mSELECT COUNT(*) FROM "players" WHERE "players"."game_id" = 2 /*action='index',application='UnoOnline',controller='games'*/[0m
  ↳ app/models/game.rb:26:in 'Game#full?'
  Rendered games/index.html.erb within layouts/application (Duration: 24.3ms | GC: 0.0ms)
  Rendered layout layouts/application.html.erb (Duration: 26.8ms | GC: 0.0ms)
Completed 200 OK in 57ms (Views: 25.0ms | ActiveRecord: 4.3ms (6 queries, 0 cached) | GC: 0.0ms)


Started DELETE "/logout" for 127.0.0.1 at 2026-10-02 11:10:19 +0300
Processing by SessionsController#destroy as TURBO_STREAM
  Parameters: {"authenticity_token" => "[FILTERED]"}
Redirected to http://127.0.0.1:3000/login
↳ app/controllers/sessions_controller.rb:20:in 'SessionsController#destroy'
Completed 302 Found in 26ms (ActiveRecord: 0.0ms (0 queries, 0 cached) | GC: 0.0ms)


Started GET "/login" for 127.0.0.1 at 2026-10-02 11:10:19 +0300
Processing by SessionsController#new as TURBO_STREAM
  [1m[36mUser Load (0.7ms)[0m  [1m[34mSELECT "users".* FROM "users" WHERE "users"."id" IS NULL LIMIT 1 /*action='new',application='UnoOnline',controller='sessions'*/[0m
  ↳ app/controllers/application_controller.rb:19:in 'ApplicationController#current_user'
  Rendering layout layouts/application.html.erb
  Rendering sessions/new.html.erb within layouts/application
  Rendered shared/_logo.html.erb (Duration: 0.1ms | GC: 0.0ms)
  Rendered sessions/new.html.erb within layouts/application (Duration: 2.0ms | GC: 0.0ms)
  Rendered layout layouts/application.html.erb (Duration: 3.8ms | GC: 0.0ms)
Completed 200 OK in 31ms (Views: 5.3ms | ActiveRecord: 0.7ms (1 query, 0 cached) | GC: 0.0ms)


Started GET "/register" for 127.0.0.1 at 2026-10-02 11:10:20 +0300
Processing by RegistrationsController#new as HTML
  [1m[36mUser Load (0.6ms)[0m  [1m[34mSELECT "users".* FROM "users" WHERE "users"."id" IS NULL LIMIT 1 /*action='new',application='UnoOnline',controller='registrations'*/[0m
  ↳ app/controllers/application_controller.rb:19:in 'ApplicationController#current_user'
  Rendering layout layouts/application.html.erb
  Rendering registrations/new.html.erb within layouts/application
  Rendered shared/_logo.html.erb (Duration: 0.1ms | GC: 0.0ms)
  Rendered registrations/new.html.erb within layouts/application (Duration: 3.3ms | GC: 0.0ms)
  Rendered layout layouts/application.html.erb (Duration: 5.8ms | GC: 0.0ms)
Completed 200 OK in 49ms (Views: 18.1ms | ActiveRecord: 0.6ms (1 query, 0 cached) | GC: 0.0ms)


Started GET "/register" for 127.0.0.1 at 2026-10-02 11:10:21 +0300
Processing by RegistrationsController#new as HTML
  [1m[36mUser Load (0.6ms)[0m  [1m[34mSELECT "users".* FROM "users" WHERE "users"."id" IS NULL LIMIT 1 /*action='new',application='UnoOnline',controller='registrations'*/[0m
  ↳ app/controllers/application_controller.rb:19:in 'ApplicationController#current_user'
  Rendering layout layouts/application.html.erb
  Rendering registrations/new.html.erb within layouts/application
  Rendered shared/_logo.html.erb (Duration: 0.1ms | GC: 0.0ms)
  Rendered registrations/new.html.erb within layouts/application (Duration: 1.7ms | GC: 0.0ms)
  Rendered layout layouts/application.html.erb (Duration: 3.6ms | GC: 0.0ms)
Completed 200 OK in 39ms (Views: 5.1ms | ActiveRecord: 0.6ms (1 query, 0 cached) | GC: 0.0ms)


Started POST "/games/join?code=H83K3J" for 127.0.0.1 at 2026-10-02 11:10:29 +0300
Processing by GamesController#join as TURBO_STREAM
  Parameters: {"authenticity_token" => "[FILTERED]", "code" => "H83K3J"}
  [1m[36mUser Load (0.7ms)[0m  [1m[34mSELECT "users".* FROM "users" WHERE "users"."id" = 4 LIMIT 1 /*action='join',application='UnoOnline',controller='games'*/[0m
  ↳ app/controllers/application_controller.rb:19:in 'ApplicationController#current_user'
  [1m[36mGame Load (0.7ms)[0m  [1m[34mSELECT "games".* FROM "games" WHERE "games"."code" = 'H83K3J' LIMIT 1 /*action='join',application='UnoOnline',controller='games'*/[0m
  ↳ app/controllers/games_controller.rb:25:in 'GamesController#join'
  [1m[36mPlayer Exists? (0.8ms)[0m  [1m[34mSELECT 1 AS one FROM "players" WHERE "players"."game_id" = 2 AND "players"."user_id" = 4 LIMIT 1 /*action='join',application='UnoOnline',controller='games'*/[0m
  ↳ app/controllers/games_controller.rb:29:in 'GamesController#join'
  [1m[36mPlayer Count (0.6ms)[0m  [1m[34mSELECT COUNT(*) FROM "players" WHERE "players"."game_id" = 2 /*action='join',application='UnoOnline',controller='games'*/[0m
  ↳ app/models/game.rb:26:in 'Game#full?'
  [1m[36mPlayer Maximum (1.5ms)[0m  [1m[34mSELECT MAX("players"."position") FROM "players" WHERE "players"."game_id" = 2 /*action='join',application='UnoOnline',controller='games'*/[0m
  ↳ app/models/game.rb:30:in 'Game#next_position'
  [1m[36mTRANSACTION (0.3ms)[0m  [1m[35mBEGIN /*action='join',application='UnoOnline',controller='games'*/[0m
  ↳ app/controllers/games_controller.rb:36:in 'GamesController#join'
  [1m[36mPlayer Exists? (8.7ms)[0m  [1m[34mSELECT 1 AS one FROM "players" WHERE "players"."position" = 2 AND "players"."game_id" = 2 LIMIT 1 /*action='join',application='UnoOnline',controller='games'*/[0m
  ↳ app/controllers/games_controller.rb:36:in 'GamesController#join'
  [1m[36mPlayer Exists? (0.9ms)[0m  [1m[34mSELECT 1 AS one FROM "players" WHERE "players"."user_id" = 4 AND "players"."game_id" = 2 LIMIT 1 /*action='join',application='UnoOnline',controller='games'*/[0m
  ↳ app/controllers/games_controller.rb:36:in 'GamesController#join'
  [1m[36mPlayer Create (1.9ms)[0m  [1m[32mINSERT INTO "players" ("game_id", "user_id", "position", "hand", "has_called_uno", "created_at", "updated_at", "ready") VALUES (2, 4, 2, '[]', FALSE, '2026-10-02 08:10:29.411985', '2026-10-02 08:10:29.411985', FALSE) RETURNING "id" /*action='join',application='UnoOnline',controller='games'*/[0m
  ↳ app/controllers/games_controller.rb:36:in 'GamesController#join'
  [1m[36mTRANSACTION (3.9ms)[0m  [1m[35mCOMMIT /*action='join',application='UnoOnline',controller='games'*/[0m
  ↳ app/controllers/games_controller.rb:36:in 'GamesController#join'
Redirected to http://127.0.0.1:3000/games/2
↳ app/controllers/games_controller.rb:37:in 'GamesController#join'
Completed 302 Found in 80ms (ActiveRecord: 19.8ms (8 queries, 0 cached) | GC: 0.0ms)


Started GET "/games/2" for 127.0.0.1 at 2026-10-02 11:10:29 +0300
Processing by GamesController#show as TURBO_STREAM
  Parameters: {"id" => "2"}
  [1m[36mUser Load (0.8ms)[0m  [1m[34mSELECT "users".* FROM "users" WHERE "users"."id" = 4 LIMIT 1 /*action='show',application='UnoOnline',controller='games'*/[0m
  ↳ app/controllers/application_controller.rb:19:in 'ApplicationController#current_user'
  [1m[36mGame Load (0.6ms)[0m  [1m[34mSELECT "games".* FROM "games" WHERE "games"."id" = 2 LIMIT 1 /*action='show',application='UnoOnline',controller='games'*/[0m
  ↳ app/controllers/games_controller.rb:88:in 'GamesController#set_game'
  [1m[36mPlayer Exists? (0.6ms)[0m  [1m[34mSELECT 1 AS one FROM "players" WHERE "players"."game_id" = 2 AND "players"."user_id" = 4 LIMIT 1 /*action='show',application='UnoOnline',controller='games'*/[0m
  ↳ app/controllers/games_controller.rb:92:in 'GamesController#require_membership'
  [1m[36mPlayer Load (0.9ms)[0m  [1m[34mSELECT "players".* FROM "players" WHERE "players"."game_id" = 2 AND "players"."user_id" = 4 ORDER BY "players"."position" ASC LIMIT 1 /*action='show',application='UnoOnline',controller='games'*/[0m
  ↳ app/controllers/games_controller.rb:47:in 'GamesController#show'
  Rendering layout layouts/application.html.erb
  Rendering games/show.html.erb within layouts/application
  Rendered shared/_logo.html.erb (Duration: 0.1ms | GC: 0.0ms)
  Rendered shared/_status_badge.html.erb (Duration: 0.1ms | GC: 0.0ms)
  [1m[36mPlayer Count (0.8ms)[0m  [1m[34mSELECT COUNT(*) FROM "players" WHERE "players"."game_id" = 2 /*action='show',application='UnoOnline',controller='games'*/[0m
  ↳ app/views/games/show.html.erb:17
  [1m[36mPlayer Load (0.7ms)[0m  [1m[34mSELECT "players".* FROM "players" WHERE "players"."game_id" = 2 ORDER BY "players"."position" ASC /*action='show',application='UnoOnline',controller='games'*/[0m
  ↳ app/views/games/show.html.erb:31
  [1m[36mUser Load (0.5ms)[0m  [1m[34mSELECT "users".* FROM "users" WHERE "users"."id" = 2 LIMIT 1 /*action='show',application='UnoOnline',controller='games'*/[0m
  ↳ app/views/games/show.html.erb:34
  [1m[36mUser Load (0.5ms)[0m  [1m[34mSELECT "users".* FROM "users" WHERE "users"."id" = 3 LIMIT 1 /*action='show',application='UnoOnline',controller='games'*/[0m
  ↳ app/views/games/show.html.erb:34
  [1m[36mCACHE User Load (0.0ms)[0m  [1m[34mSELECT "users".* FROM "users" WHERE "users"."id" = 4 LIMIT 1[0m
  ↳ app/views/games/show.html.erb:34
  Rendered games/show.html.erb within layouts/application (Duration: 22.5ms | GC: 0.0ms)
  Rendered layout layouts/application.html.erb (Duration: 25.5ms | GC: 0.0ms)
Completed 200 OK in 67ms (Views: 24.6ms | ActiveRecord: 5.4ms (9 queries, 1 cached) | GC: 0.0ms)


Started GET "/" for 127.0.0.1 at 2026-10-02 11:10:32 +0300
Processing by GamesController#index as HTML
  [1m[36mUser Load (0.9ms)[0m  [1m[34mSELECT "users".* FROM "users" WHERE "users"."id" = 4 LIMIT 1 /*action='index',application='UnoOnline',controller='games'*/[0m
  ↳ app/controllers/application_controller.rb:19:in 'ApplicationController#current_user'
  Rendering layout layouts/application.html.erb
  Rendering games/index.html.erb within layouts/application
  Rendered shared/_logo.html.erb (Duration: 0.1ms | GC: 0.0ms)
  [1m[36mGame Exists? (1.3ms)[0m  [1m[34mSELECT 1 AS one FROM "games" WHERE "games"."visibility" = 'public' LIMIT 1 /*action='index',application='UnoOnline',controller='games'*/[0m
  ↳ app/views/games/index.html.erb:61
  [1m[36mGame Load (1.0ms)[0m  [1m[34mSELECT "games".* FROM "games" WHERE "games"."visibility" = 'public' ORDER BY "games"."created_at" DESC /*action='index',application='UnoOnline',controller='games'*/[0m
  ↳ app/views/games/index.html.erb:65
  [1m[36mPlayer Load (0.6ms)[0m  [1m[34mSELECT "players".* FROM "players" WHERE "players"."game_id" = 2 ORDER BY "players"."position" ASC /*action='index',application='UnoOnline',controller='games'*/[0m
  ↳ app/views/games/index.html.erb:65
  Rendered shared/_status_badge.html.erb (Duration: 0.1ms | GC: 0.0ms)
  [1m[36mPlayer Exists? (0.6ms)[0m  [1m[34mSELECT 1 AS one FROM "players" WHERE "players"."game_id" = 2 AND "players"."user_id" = 4 LIMIT 1 /*action='index',application='UnoOnline',controller='games'*/[0m
  ↳ app/views/games/index.html.erb:76
  Rendered games/index.html.erb within layouts/application (Duration: 19.0ms | GC: 0.0ms)
  Rendered layout layouts/application.html.erb (Duration: 20.8ms | GC: 0.0ms)
Completed 200 OK in 48ms (Views: 18.7ms | ActiveRecord: 4.4ms (5 queries, 0 cached) | GC: 0.0ms)


Started GET "/games/2" for 127.0.0.1 at 2026-10-02 11:10:34 +0300
Processing by GamesController#show as HTML
  Parameters: {"id" => "2"}
  [1m[36mUser Load (0.7ms)[0m  [1m[34mSELECT "users".* FROM "users" WHERE "users"."id" = 4 LIMIT 1 /*action='show',application='UnoOnline',controller='games'*/[0m
  ↳ app/controllers/application_controller.rb:19:in 'ApplicationController#current_user'
  [1m[36mGame Load (0.8ms)[0m  [1m[34mSELECT "games".* FROM "games" WHERE "games"."id" = 2 LIMIT 1 /*action='show',application='UnoOnline',controller='games'*/[0m
  ↳ app/controllers/games_controller.rb:88:in 'GamesController#set_game'
  [1m[36mPlayer Exists? (0.6ms)[0m  [1m[34mSELECT 1 AS one FROM "players" WHERE "players"."game_id" = 2 AND "players"."user_id" = 4 LIMIT 1 /*action='show',application='UnoOnline',controller='games'*/[0m
  ↳ app/controllers/games_controller.rb:92:in 'GamesController#require_membership'
  [1m[36mPlayer Load (0.7ms)[0m  [1m[34mSELECT "players".* FROM "players" WHERE "players"."game_id" = 2 AND "players"."user_id" = 4 ORDER BY "players"."position" ASC LIMIT 1 /*action='show',application='UnoOnline',controller='games'*/[0m
  ↳ app/controllers/games_controller.rb:47:in 'GamesController#show'
  Rendering layout layouts/application.html.erb
  Rendering games/show.html.erb within layouts/application
  Rendered shared/_logo.html.erb (Duration: 0.1ms | GC: 0.0ms)
  Rendered shared/_status_badge.html.erb (Duration: 0.1ms | GC: 0.0ms)
  [1m[36mPlayer Count (0.8ms)[0m  [1m[34mSELECT COUNT(*) FROM "players" WHERE "players"."game_id" = 2 /*action='show',application='UnoOnline',controller='games'*/[0m
  ↳ app/views/games/show.html.erb:17
  [1m[36mPlayer Load (0.8ms)[0m  [1m[34mSELECT "players".* FROM "players" WHERE "players"."game_id" = 2 ORDER BY "players"."position" ASC /*action='show',application='UnoOnline',controller='games'*/[0m
  ↳ app/views/games/show.html.erb:31
  [1m[36mUser Load (0.5ms)[0m  [1m[34mSELECT "users".* FROM "users" WHERE "users"."id" = 2 LIMIT 1 /*action='show',application='UnoOnline',controller='games'*/[0m
  ↳ app/views/games/show.html.erb:34
  [1m[36mUser Load (0.6ms)[0m  [1m[34mSELECT "users".* FROM "users" WHERE "users"."id" = 3 LIMIT 1 /*action='show',application='UnoOnline',controller='games'*/[0m
  ↳ app/views/games/show.html.erb:34
  [1m[36mCACHE User Load (0.0ms)[0m  [1m[34mSELECT "users".* FROM "users" WHERE "users"."id" = 4 LIMIT 1[0m
  ↳ app/views/games/show.html.erb:34
  Rendered games/show.html.erb within layouts/application (Duration: 24.0ms | GC: 0.0ms)
  Rendered layout layouts/application.html.erb (Duration: 25.9ms | GC: 0.0ms)
Completed 200 OK in 66ms (Views: 24.7ms | ActiveRecord: 5.5ms (9 queries, 1 cached) | GC: 0.0ms)


Started DELETE "/logout" for 127.0.0.1 at 2026-10-02 11:10:36 +0300
Processing by SessionsController#destroy as TURBO_STREAM
  Parameters: {"authenticity_token" => "[FILTERED]"}
Redirected to http://127.0.0.1:3000/login
↳ app/controllers/sessions_controller.rb:20:in 'SessionsController#destroy'
Completed 302 Found in 25ms (ActiveRecord: 0.0ms (0 queries, 0 cached) | GC: 0.0ms)


Started GET "/login" for 127.0.0.1 at 2026-10-02 11:10:36 +0300
Processing by SessionsController#new as TURBO_STREAM
  [1m[36mUser Load (0.9ms)[0m  [1m[34mSELECT "users".* FROM "users" WHERE "users"."id" IS NULL LIMIT 1 /*action='new',application='UnoOnline',controller='sessions'*/[0m
  ↳ app/controllers/application_controller.rb:19:in 'ApplicationController#current_user'
  Rendering layout layouts/application.html.erb
  Rendering sessions/new.html.erb within layouts/application
  Rendered shared/_logo.html.erb (Duration: 0.1ms | GC: 0.0ms)
  Rendered sessions/new.html.erb within layouts/application (Duration: 2.9ms | GC: 0.0ms)
  Rendered layout layouts/application.html.erb (Duration: 4.7ms | GC: 0.0ms)
Completed 200 OK in 32ms (Views: 6.1ms | ActiveRecord: 0.8ms (1 query, 0 cached) | GC: 0.0ms)


Started GET "/register" for 127.0.0.1 at 2026-10-02 11:10:38 +0300
Processing by RegistrationsController#new as HTML
  [1m[36mUser Load (0.7ms)[0m  [1m[34mSELECT "users".* FROM "users" WHERE "users"."id" IS NULL LIMIT 1 /*action='new',application='UnoOnline',controller='registrations'*/[0m
  ↳ app/controllers/application_controller.rb:19:in 'ApplicationController#current_user'
  Rendering layout layouts/application.html.erb
  Rendering registrations/new.html.erb within layouts/application
  Rendered shared/_logo.html.erb (Duration: 0.1ms | GC: 0.0ms)
  Rendered registrations/new.html.erb within layouts/application (Duration: 1.8ms | GC: 0.0ms)
  Rendered layout layouts/application.html.erb (Duration: 3.9ms | GC: 0.0ms)
Completed 200 OK in 44ms (Views: 5.3ms | ActiveRecord: 0.6ms (1 query, 0 cached) | GC: 0.0ms)


Started GET "/ui-kit" for 127.0.0.1 at 2026-10-02 11:10:40 +0300
Processing by PagesController#ui_kit as HTML
  Rendering layout layouts/application.html.erb
  Rendering pages/ui_kit.html.erb within layouts/application
  Rendered shared/_logo.html.erb (Duration: 0.1ms | GC: 0.0ms)
  Rendered shared/_logo.html.erb (Duration: 0.1ms | GC: 0.0ms)
  Rendered shared/_status_badge.html.erb (Duration: 0.1ms | GC: 0.0ms)
  Rendered shared/_status_badge.html.erb (Duration: 0.1ms | GC: 0.0ms)
  Rendered shared/_status_badge.html.erb (Duration: 0.1ms | GC: 0.0ms)
  Rendered shared/_status_badge.html.erb (Duration: 0.1ms | GC: 0.0ms)
  Rendered pages/ui_kit.html.erb within layouts/application (Duration: 4.4ms | GC: 0.0ms)
  Rendered layout layouts/application.html.erb (Duration: 6.8ms | GC: 0.0ms)
Completed 200 OK in 31ms (Views: 8.3ms | ActiveRecord: 0.0ms (0 queries, 0 cached) | GC: 0.0ms)


Started GET "/ui-kit" for 127.0.0.1 at 2026-10-02 11:10:40 +0300
Processing by PagesController#ui_kit as HTML
  Rendering layout layouts/application.html.erb
  Rendering pages/ui_kit.html.erb within layouts/application
  Rendered shared/_logo.html.erb (Duration: 0.1ms | GC: 0.0ms)
  Rendered shared/_logo.html.erb (Duration: 0.1ms | GC: 0.0ms)
  Rendered shared/_status_badge.html.erb (Duration: 0.1ms | GC: 0.0ms)
  Rendered shared/_status_badge.html.erb (Duration: 0.1ms | GC: 0.0ms)
  Rendered shared/_status_badge.html.erb (Duration: 0.1ms | GC: 0.0ms)
  Rendered shared/_status_badge.html.erb (Duration: 0.1ms | GC: 0.0ms)
  Rendered pages/ui_kit.html.erb within layouts/application (Duration: 4.3ms | GC: 0.0ms)
  Rendered layout layouts/application.html.erb (Duration: 7.5ms | GC: 0.0ms)
Completed 200 OK in 32ms (Views: 9.1ms | ActiveRecord: 0.0ms (0 queries, 0 cached) | GC: 0.0ms)


Started GET "/login" for 127.0.0.1 at 2026-10-02 11:15:41 +0300
Processing by SessionsController#new as HTML
  [1m[36mUser Load (0.7ms)[0m  [1m[34mSELECT "users".* FROM "users" WHERE "users"."id" IS NULL LIMIT 1 /*action='new',application='UnoOnline',controller='sessions'*/[0m
  ↳ app/controllers/application_controller.rb:19:in 'ApplicationController#current_user'
  Rendering layout layouts/application.html.erb
  Rendering sessions/new.html.erb within layouts/application
  Rendered shared/_logo.html.erb (Duration: 0.1ms | GC: 0.0ms)
  Rendered sessions/new.html.erb within layouts/application (Duration: 2.3ms | GC: 0.0ms)
  Rendered layout layouts/application.html.erb (Duration: 4.2ms | GC: 0.0ms)
Completed 200 OK in 36ms (Views: 6.4ms | ActiveRecord: 0.7ms (1 query, 0 cached) | GC: 0.0ms)


Using vips to process variants requires the libvips library. Please install libvips using the instructions on the libvips website.
  [1m[35mSQL (0.5ms)[0m  [1m[35mSET search_path TO public /*application='UnoOnline'*/[0m
  [1m[35m (229.0ms)[0m  [1m[35mCREATE DATABASE "uno_online_development" ENCODING = 'unicode' /*application='UnoOnline'*/[0m
  [1m[35mSQL (0.3ms)[0m  [1m[35mSET search_path TO public /*application='UnoOnline'*/[0m
  [1m[35m (193.0ms)[0m  [1m[35mCREATE DATABASE "uno_online_test" ENCODING = 'unicode' /*application='UnoOnline'*/[0m
Using vips to process variants requires the libvips library. Please install libvips using the instructions on the libvips website.
  [1m[35m (0.5ms)[0m  [1m[34mSELECT pg_try_advisory_lock(7107778128673267920) /*application='UnoOnline'*/[0m
  [1m[36mActiveRecord::SchemaMigration Load (6.5ms)[0m  [1m[34mSELECT "schema_migrations"."version" FROM "schema_migrations" ORDER BY "schema_migrations"."version" ASC /*application='UnoOnline'*/[0m
  [1m[36mActiveRecord::InternalMetadata Load (3.7ms)[0m  [1m[34mSELECT * FROM "ar_internal_metadata" WHERE "ar_internal_metadata"."key" = 'environment' ORDER BY "ar_internal_metadata"."key" ASC LIMIT 1 /*application='UnoOnline'*/[0m
  [1m[35m (0.4ms)[0m  [1m[34mSELECT pg_advisory_unlock(7107778128673267920) /*application='UnoOnline'*/[0m
  [1m[36mActiveRecord::SchemaMigration Load (0.6ms)[0m  [1m[34mSELECT "schema_migrations"."version" FROM "schema_migrations" ORDER BY "schema_migrations"."version" ASC /*application='UnoOnline'*/[0m
  [1m[35mSQL (0.5ms)[0m  [1m[35mSET search_path TO public /*application='UnoOnline'*/[0m
  [1m[35mSQL (0.3ms)[0m  [1m[35mSET search_path TO "$user", public /*application='UnoOnline'*/[0m
  [1m[35mSQL (0.4ms)[0m  [1m[35mSET search_path TO public /*application='UnoOnline'*/[0m
  [1m[35mSQL (0.5ms)[0m  [1m[35mSET search_path TO "$user", public /*application='UnoOnline'*/[0m
Using vips to process variants requires the libvips library. Please install libvips using the instructions on the libvips website.
